rq,spec,outcome,shock,cumulative,h,term,beta,se,lo,hi,nobs,n_units,r2
RQ1,baseline,d_cpi_all,d_fuel,False,0,shock,0.04398656139728581,0.005909787008662506,0.034265826801576596,0.05370729599299502,308,1,0.40008496483323064
RQ1,baseline,d_cpi_all,d_fuel,False,1,shock,0.03955996044182436,0.0098766450597317,0.023314324993212333,0.05580559589043639,307,1,0.19394563224369965
RQ1,baseline,d_cpi_all,d_fuel,False,2,shock,-0.019016010930223717,0.010121527331544108,-0.035664441871802496,-0.002367579988644935,306,1,0.19101590818814385
RQ1,baseline,d_cpi_all,d_fuel,False,3,shock,0.012662631477503605,0.00730017607902109,0.0006549103765413882,0.024670352578465823,305,1,0.1973285054185584
RQ1,baseline,d_cpi_all,d_fuel,False,4,shock,-0.0025340423831648855,0.008137041622777905,-0.015918284809046217,0.010850200042716444,304,1,0.1827648265341688
RQ1,baseline,d_cpi_all,d_fuel,False,5,shock,0.01279284082567177,0.007235612020631088,0.0008913181503230547,0.024694363501020486,303,1,0.1847904383958262
RQ1,baseline,d_cpi_all,d_fuel,False,6,shock,0.012689126700986464,0.00603778056959597,0.0027578614323494066,0.02262039196962352,302,1,0.1783159115534828
RQ1,baseline,d_cpi_all,d_fuel,False,7,shock,0.002293946868751935,0.005887209727719577,-0.007389651404511602,0.011977545142015471,301,1,0.17918921696088053
RQ1,baseline,d_cpi_all,d_fuel,False,8,shock,0.01089872732798121,0.006732824635318795,-0.00017578369305113264,0.021973238349013553,300,1,0.18724994420565555
RQ1,baseline,d_cpi_all,d_fuel,False,9,shock,-0.005803857382973053,0.0073732090039208414,-0.0179317069553435,0.006323992189397394,299,1,0.17745190714944703
RQ1,baseline,d_cpi_all,d_fuel,False,10,shock,0.00977903965883857,0.006631310019790943,-0.0011284946786542013,0.020686573996331344,298,1,0.19915329034203477
RQ1,baseline,d_cpi_all,d_fuel,False,11,shock,-0.0055967180071683316,0.006655595395546595,-0.016544198233054665,0.005350762218718003,297,1,0.1749638484774123
RQ1,baseline,d_cpi_all,d_fuel,False,12,shock,0.00587920736030249,0.007071397062799733,-0.005752205746057639,0.01751062046666262,296,1,0.18096919326387362
RQ1,baseline,d_cpi_all,d_fuel,True,0,shock,0.04398656139728581,0.005909787008662506,0.034265826801576596,0.05370729599299502,308,1,0.40008496483323064
RQ1,baseline,d_cpi_all,d_fuel,True,1,shock,0.0836325817248118,0.012143288886921287,0.06365864895603981,0.1036065144935838,307,1,0.37149878281376136
RQ1,baseline,d_cpi_all,d_fuel,True,2,shock,0.04430932246391619,0.010303224699378562,0.027362025947847368,0.06125661897998501,306,1,0.3608643586925918
RQ1,baseline,d_cpi_all,d_fuel,True,3,shock,0.07716960233979771,0.01530537603661218,0.051994499054120014,0.1023447056254754,305,1,0.37582759720148007
RQ1,baseline,d_cpi_all,d_fuel,True,4,shock,0.06321888418764449,0.008954348411373693,0.04849029172620931,0.07794747664907965,304,1,0.42383088002326286
RQ1,baseline,d_cpi_all,d_fuel,True,5,shock,0.07577005122136553,0.011625755001970028,0.05664738594032591,0.09489271650240515,303,1,0.43816587675693575
RQ1,baseline,d_cpi_all,d_fuel,True,6,shock,0.08703680495150426,0.015000712226826075,0.06236282903835409,0.11171078086465443,302,1,0.4502331320749716
RQ1,baseline,d_cpi_all,d_fuel,True,7,shock,0.08850191903085974,0.014001408031180862,0.06547165224834443,0.11153218581337505,301,1,0.4567700461472285
RQ1,baseline,d_cpi_all,d_fuel,True,8,shock,0.09946934392604607,0.015270387741486008,0.07435179126450751,0.12458689658758464,300,1,0.4673504254181202
RQ1,baseline,d_cpi_all,d_fuel,True,9,shock,0.0927507237185749,0.0182452481592595,0.06273996110918724,0.12276148632796256,299,1,0.4786821361695509
RQ1,baseline,d_cpi_all,d_fuel,True,10,shock,0.10131003569506179,0.0184660833769657,0.07093603147687147,0.13168403991325212,298,1,0.48618529850220593
RQ1,baseline,d_cpi_all,d_fuel,True,11,shock,0.09466653373861747,0.0172009547499641,0.06637348093111087,0.12295958654612407,297,1,0.5013772732374007
RQ1,baseline,d_cpi_all,d_fuel,True,12,shock,0.10162321606557137,0.017436490134327385,0.07294274202681941,0.13030369010432333,296,1,0.501624814261036
RQ1,baseline,d_cpi_b30,d_fuel,False,0,shock,0.04385772405467587,0.009331391886445595,0.02850895026575029,0.05920649784360145,307,1,0.3870505549017733
RQ1,baseline,d_cpi_b30,d_fuel,False,1,shock,0.04464281814436557,0.013597764850307583,0.022276485311903897,0.06700915097682725,306,1,0.1635075814727086
RQ1,baseline,d_cpi_b30,d_fuel,False,2,shock,-0.018371887471909557,0.010926518826008388,-0.03634441159282299,-0.0003993633509961174,305,1,0.1172160278685862
RQ1,baseline,d_cpi_b30,d_fuel,False,3,shock,0.017782738757048038,0.008257230992907717,0.004200802409787674,0.031364675104308404,304,1,0.1104237540658295
RQ1,baseline,d_cpi_b30,d_fuel,False,4,shock,0.0015993689472627876,0.009706376214498406,-0.014366199173710415,0.01756493706823599,303,1,0.10566820713494574
RQ1,baseline,d_cpi_b30,d_fuel,False,5,shock,0.012691696550698585,0.008064353562018123,-0.0005729846548059494,0.025956377756203117,302,1,0.09959775301237705
RQ1,baseline,d_cpi_b30,d_fuel,False,6,shock,0.014920632584572234,0.00886085359855099,0.00034582540510963433,0.029495439764034834,301,1,0.08986706151905144
RQ1,baseline,d_cpi_b30,d_fuel,False,7,shock,0.0073765109881032825,0.007248369767671758,-0.004545996313737009,0.019299018289943574,300,1,0.0947457384020598
RQ1,baseline,d_cpi_b30,d_fuel,False,8,shock,0.016344634674496924,0.007102805561212874,0.004661559185604841,0.028027710163389008,299,1,0.09221271676399179
RQ1,baseline,d_cpi_b30,d_fuel,False,9,shock,-0.012187127663611755,0.008634424763154312,-0.02638949255192573,0.0020152372247022217,298,1,0.08923392659857643
RQ1,baseline,d_cpi_b30,d_fuel,False,10,shock,0.015076583963945234,0.010117088117015654,-0.0015645451195156063,0.031717713047406074,297,1,0.11323677560929168
RQ1,baseline,d_cpi_b30,d_fuel,False,11,shock,-0.01257796182531824,0.0079206126132286,-0.02560621020986488,0.00045028655922840256,296,1,0.11206404595082375
RQ1,baseline,d_cpi_b30,d_fuel,False,12,shock,0.003415659946675271,0.008422517624456283,-0.010438148715974344,0.017269468609324885,295,1,0.11223438617971448
RQ1,baseline,d_cpi_b30,d_fuel,True,0,shock,0.04385772405467587,0.009331391886445595,0.02850895026575029,0.05920649784360145,307,1,0.3870505549017733
RQ1,baseline,d_cpi_b30,d_fuel,True,1,shock,0.08837116913820343,0.018848065507941453,0.057368860226446994,0.11937347804995987,306,1,0.3254548986521685
RQ1,baseline,d_cpi_b30,d_fuel,True,2,shock,0.046684853030360074,0.02039377764829082,0.013140073898327054,0.0802296321623931,305,1,0.282998994510278
RQ1,baseline,d_cpi_b30,d_fuel,True,3,shock,0.09671616983647527,0.02632468429461609,0.05341591739612354,0.140016422276827,304,1,0.2705324677194906
RQ1,baseline,d_cpi_b30,d_fuel,True,4,shock,0.07335536425940303,0.01503016488072865,0.04863294304165787,0.0980777854771482,303,1,0.3009053673947195
RQ1,baseline,d_cpi_b30,d_fuel,True,5,shock,0.0860149138806062,0.017743176477009032,0.05682998569875784,0.11519984206245455,302,1,0.31170720353504733
RQ1,baseline,d_cpi_b30,d_fuel,True,6,shock,0.09500888734742462,0.023062238934520272,0.05707487999035749,0.13294289470449175,301,1,0.3198257706340015
RQ1,baseline,d_cpi_b30,d_fuel,True,7,shock,0.10060774326761503,0.020989869602679383,0.06608248012240939,0.13513300641282067,300,1,0.32692515755991836
RQ1,baseline,d_cpi_b30,d_fuel,True,8,shock,0.11680796296016081,0.023977684013750004,0.07736818244424779,0.15624774347607384,299,1,0.32407926737086457
RQ1,baseline,d_cpi_b30,d_fuel,True,9,shock,0.10286025541745082,0.02587313135996186,0.06030274145942568,0.14541776937547596,298,1,0.323353559383486
RQ1,baseline,d_cpi_b30,d_fuel,True,10,shock,0.11524855611733796,0.02763003992272443,0.06980118473763071,0.1606959274970452,297,1,0.3217164751142123
RQ1,baseline,d_cpi_b30,d_fuel,True,11,shock,0.10198191143660137,0.02467924199345073,0.06138817073326086,0.1425756521399419,296,1,0.32651464091314775
RQ1,baseline,d_cpi_b30,d_fuel,True,12,shock,0.10160081835522454,0.026242872076914038,0.05843513503788897,0.1447665016725601,295,1,0.32244247200638776
RQ2,baseline,d_ratio,d_fuel,False,0,shock,-4.70595089493743e-05,0.003971642920877103,-0.006579830772310216,0.006485711754411467,307,1,0.16439935726926458
RQ2,baseline,d_ratio,d_fuel,False,1,shock,-0.0076204818174370765,0.005158547593753675,-0.0161055375368246,0.0008645739019504453,306,1,0.061646696400411205
RQ2,baseline,d_ratio,d_fuel,False,2,shock,0.0002756395746330214,0.003798319489284846,-0.005972040013637621,0.006523319162903663,305,1,0.007589603658451849
RQ2,baseline,d_ratio,d_fuel,False,3,shock,-0.006374868080230808,0.0041369440994819704,-0.013179535586759219,0.0004297994262976029,304,1,0.007364115651850356
RQ2,baseline,d_ratio,d_fuel,False,4,shock,-0.003851869949141008,0.0038481317511492807,-0.010181483417006022,0.0024777435187240066,303,1,-0.007257694286453731
RQ2,baseline,d_ratio,d_fuel,False,5,shock,0.0025719954056029988,0.0036461723566977734,-0.003425424419801531,0.00856941523100753,302,1,-0.014372500434083335
RQ2,baseline,d_ratio,d_fuel,False,6,shock,-0.0051524033203091246,0.004726894250642187,-0.012927452472693987,0.002622645832075739,301,1,-0.036764585493047175
RQ2,baseline,d_ratio,d_fuel,False,7,shock,-0.00022235638269813224,0.0035094005142390135,-0.005994806546969536,0.00555009378157327,300,1,-0.03950707904079698
RQ2,baseline,d_ratio,d_fuel,False,8,shock,-0.004873954203032155,0.004334185056515775,-0.012003054213120999,0.002255145807056688,299,1,-0.045555515565053106
RQ2,baseline,d_ratio,d_fuel,False,9,shock,0.007493899468000497,0.005482255878571503,-0.0015236089977438702,0.016511407933744865,298,1,-0.04844864052791986
RQ2,baseline,d_ratio,d_fuel,False,10,shock,-0.006122519328721767,0.005816023525086012,-0.01568902671839458,0.0034439880609510466,297,1,-0.02948876687687374
RQ2,baseline,d_ratio,d_fuel,False,11,shock,0.004034917566575591,0.004958941367778421,-0.0041218151280544395,0.012191650261205621,296,1,-0.017278182397483022
RQ2,baseline,d_ratio,d_fuel,False,12,shock,0.0014036348405320155,0.004382479424233546,-0.005804902335458732,0.008612172016522764,295,1,-0.02111182575101833
RQ2,baseline,d_ratio,d_fuel,True,0,shock,-4.70595089493743e-05,0.003971642920877103,-0.006579830772310216,0.006485711754411467,307,1,0.16439935726926458
RQ2,baseline,d_ratio,d_fuel,True,1,shock,-0.00765807773091593,0.007312862655341036,-0.019686666392951607,0.004370510931119746,306,1,0.15035994537193997
RQ2,baseline,d_ratio,d_fuel,True,2,shock,-0.0016073900354079784,0.007839563875812946,-0.014502325110256642,0.011287545039440685,305,1,0.10513202299570734
RQ2,baseline,d_ratio,d_fuel,True,3,shock,-0.01853141659932951,0.01104615967259819,-0.03670073240068773,-0.00036210079797129036,304,1,0.07842846010242499
RQ2,baseline,d_ratio,d_fuel,True,4,shock,-0.017485049774855883,0.00860448902541266,-0.031638174756370034,-0.0033319247933417326,303,1,0.08606318421353754
RQ2,baseline,d_ratio,d_fuel,True,5,shock,-0.013019402009585693,0.009712799369752213,-0.028995535280774594,0.0029567312616032085,302,1,0.09401852886141404
RQ2,baseline,d_ratio,d_fuel,True,6,shock,-0.015477244440823703,0.010260664310534108,-0.03235453534693726,0.001400046465289852,301,1,0.09268749993167502
RQ2,baseline,d_ratio,d_fuel,True,7,shock,-0.01613077720030977,0.009404129143984601,-0.03159919313111288,-0.0006623612695066568,300,1,0.09322936927269188
RQ2,baseline,d_ratio,d_fuel,True,8,shock,-0.02093872969912372,0.010165320515708879,-0.03765919401851168,-0.0042182653797357625,299,1,0.08735771120694902
RQ2,baseline,d_ratio,d_fuel,True,9,shock,-0.01367745740834197,0.010138663193828942,-0.030354074335150902,0.00299915951846696,298,1,0.07951586625461216
RQ2,baseline,d_ratio,d_fuel,True,10,shock,-0.017902625223909667,0.011381003469999084,-0.03662271005988495,0.0008174596120656165,297,1,0.07305350336984306
RQ2,baseline,d_ratio,d_fuel,True,11,shock,-0.016105361113660722,0.011121105624543284,-0.03439795203590116,0.002187229808579716,296,1,0.0679668176864614
RQ2,baseline,d_ratio,d_fuel,True,12,shock,-0.009650393634378711,0.011259324024776734,-0.028170333593554572,0.008869546324797148,295,1,0.06716646461761488
RQ3,baseline,d_c01,d_fuel,False,0,shock,0.02847760987368333,0.01170828595223456,0.009219193259765342,0.04773602648760132,308,1,0.21331149368724678
RQ3,baseline,d_c01,d_fuel,False,1,shock,0.029193884544395563,0.011509733246531524,0.010262058068594242,0.04812571102019689,307,1,0.07807410070274068
RQ3,baseline,d_c01,d_fuel,False,2,shock,-0.016978743784053788,0.011038223950012619,-0.035135006483334646,0.0011775189152270736,306,1,0.07480417272294249
RQ3,baseline,d_c01,d_fuel,False,3,shock,0.02085884086318096,0.008193869822979526,0.00738112436608487,0.03433655736027705,305,1,0.08053646737489173
RQ3,baseline,d_c01,d_fuel,False,4,shock,-0.0003659724405690049,0.012413268461089567,-0.020783982091114497,0.02005203720997649,304,1,0.0703051205551205
RQ3,baseline,d_c01,d_fuel,False,5,shock,0.014565352438351874,0.010384629830702926,-0.0025158436032282853,0.031646548479932035,303,1,0.07416703344639308
RQ3,baseline,d_c01,d_fuel,False,6,shock,0.023949311594746774,0.011504001127490194,0.005026913615740702,0.042871709573752845,302,1,0.07047371903191146
RQ3,baseline,d_c01,d_fuel,False,7,shock,-0.002907873913855627,0.01274116356954445,-0.023865223022802782,0.018049475195091525,301,1,0.06665335984094878
RQ3,baseline,d_c01,d_fuel,False,8,shock,0.020312269307540563,0.00903790602088912,0.005446236809034546,0.03517830180604658,300,1,0.07164896837341017
RQ3,baseline,d_c01,d_fuel,False,9,shock,-0.02783622451755127,0.016684843884067598,-0.055280350495378945,-0.00039209853972359265,299,1,0.07583268743043359
RQ3,baseline,d_c01,d_fuel,False,10,shock,0.009491783509713287,0.011168824270453981,-0.008879297600326573,0.027862864619753146,298,1,0.10548339109850158
RQ3,baseline,d_c01,d_fuel,False,11,shock,-0.0075261518023990075,0.009621074272264305,-0.023351410714302443,0.00829910710950443,297,1,0.10616923259893363
RQ3,baseline,d_c01,d_fuel,False,12,shock,-0.004668734051089698,0.009988262397625928,-0.021097963682767715,0.011760495580588316,296,1,0.1513685595715496
RQ3,baseline,d_c01,d_fuel,True,0,shock,0.02847760987368333,0.01170828595223456,0.009219193259765342,0.04773602648760132,308,1,0.21331149368724678
RQ3,baseline,d_c01,d_fuel,True,1,shock,0.05776678259234729,0.019181538604855383,0.02621595924764123,0.08931760593705335,307,1,0.14235550517362017
RQ3,baseline,d_c01,d_fuel,True,2,shock,0.022605789377583823,0.016526310674059148,-0.004577572674769194,0.04978915142993684,306,1,0.11871636014429465
RQ3,baseline,d_c01,d_fuel,True,3,shock,0.0687158048767877,0.022333932412302904,0.031979755144322226,0.10545185460925319,305,1,0.11658926138144388
RQ3,baseline,d_c01,d_fuel,True,4,shock,0.043530808807319354,0.018532362239825264,0.01304778556116426,0.07401383205347445,304,1,0.13575198097088725
RQ3,baseline,d_c01,d_fuel,True,5,shock,0.06508222263880045,0.019208378441994207,0.03348725169062981,0.09667719358697109,303,1,0.1393378173476424
RQ3,baseline,d_c01,d_fuel,True,6,shock,0.09903466463799519,0.026377747204728103,0.05564713147748911,0.14242219779850127,302,1,0.1511421938658576
RQ3,baseline,d_c01,d_fuel,True,7,shock,0.08539323143361638,0.024815852449093054,0.044574786526833096,0.12621167634039965,301,1,0.1602409516063994
RQ3,baseline,d_c01,d_fuel,True,8,shock,0.10688150594037017,0.026951885422911884,0.06254959944931304,0.1512134124314273,300,1,0.17030132950052035
RQ3,baseline,d_c01,d_fuel,True,9,shock,0.07850195509377582,0.033507201522236976,0.02338751314093044,0.1336163970466212,299,1,0.17054985812331946
RQ3,baseline,d_c01,d_fuel,True,10,shock,0.0878207867705775,0.033246402168793085,0.03313532158015091,0.14250625196100408,298,1,0.1694274406477282
RQ3,baseline,d_c01,d_fuel,True,11,shock,0.07921910239473506,0.030094654847395944,0.02971780021714314,0.12872040457232697,297,1,0.17539667498328293
RQ3,baseline,d_c01,d_fuel,True,12,shock,0.07234701527044976,0.03267359780015108,0.01860372942331761,0.1260903011175819,296,1,0.16713534629336213
RQ3,baseline,d_c02,d_fuel,False,0,shock,0.013913349598128327,0.005840832187424869,0.00430603559022763,0.023520663606029023,308,1,0.3910747336755226
RQ3,baseline,d_c02,d_fuel,False,1,shock,0.009109333482755791,0.007300413786041595,-0.002898778611461256,0.021117445576972836,307,1,0.048640976626104115
RQ3,baseline,d_c02,d_fuel,False,2,shock,0.0004660354788851677,0.007702904222349139,-0.012204114469305622,0.013136185427075958,306,1,0.01360922499263284
RQ3,baseline,d_c02,d_fuel,False,3,shock,-0.005952906014630943,0.013212374908908003,-0.0276853288041909,0.015779516774929014,305,1,0.011666297131009307
RQ3,baseline,d_c02,d_fuel,False,4,shock,-0.007705047820434626,0.012305636748356661,-0.0279460190579164,0.012535923417047148,304,1,0.003178195580426979
RQ3,baseline,d_c02,d_fuel,False,5,shock,0.030313316639566545,0.0204016195699203,-0.0032443613057009935,0.06387099458483408,303,1,-0.0008242044628052891
RQ3,baseline,d_c02,d_fuel,False,6,shock,0.02636456411724819,0.014587179226617505,0.002370789459355215,0.05035833877514116,302,1,-0.00461828983234569
RQ3,baseline,d_c02,d_fuel,False,7,shock,-0.035938385952472424,0.024417681901066263,-0.07610189858918859,0.004225126684243741,301,1,-0.001715795025634126
RQ3,baseline,d_c02,d_fuel,False,8,shock,-0.006107999511048911,0.01597871111119618,-0.03239064043630974,0.020174641414211915,300,1,0.00012754080022514547
RQ3,baseline,d_c02,d_fuel,False,9,shock,-0.004959946743630639,0.010458364584086636,-0.02216242566174637,0.01224253217448509,299,1,0.0053996455265860055
RQ3,baseline,d_c02,d_fuel,False,10,shock,0.0023273855160562055,0.010195189820261782,-0.014442209437260115,0.019096980469372526,298,1,0.012710292974801307
RQ3,baseline,d_c02,d_fuel,False,11,shock,-0.005008112228648525,0.009571980322710803,-0.020752618779567515,0.010736394322270464,297,1,0.012948148877259147
RQ3,baseline,d_c02,d_fuel,False,12,shock,0.024201777520738488,0.01165391733359036,0.005032789326389755,0.04337076571508722,296,1,0.009099912129714172
RQ3,baseline,d_c02,d_fuel,True,0,shock,0.013913349598128327,0.005840832187424869,0.00430603559022763,0.023520663606029023,308,1,0.3910747336755226
RQ3,baseline,d_c02,d_fuel,True,1,shock,0.02398258209951682,0.011530549949555413,0.005016515194245487,0.042948649004788154,307,1,0.22858490760061867
RQ3,baseline,d_c02,d_fuel,True,2,shock,0.0035572998449409305,0.015278788165279234,-0.02157407028414185,0.02868866997402371,306,1,0.1657549436390071
RQ3,baseline,d_c02,d_fuel,True,3,shock,0.003733733361551367,0.02589131251218787,-0.038853685930654885,0.04632115265375762,305,1,0.12340623308474219
RQ3,baseline,d_c02,d_fuel,True,4,shock,-0.012517115218673214,0.028598042131035693,-0.059556708541618285,0.03452247810427186,304,1,0.09200892567019459
RQ3,baseline,d_c02,d_fuel,True,5,shock,0.016931328774570126,0.033734521468287926,-0.03855702121601557,0.07241967876515581,303,1,0.06529852154981786
RQ3,baseline,d_c02,d_fuel,True,6,shock,0.05196323856480169,0.0394125448028984,-0.012864628701633136,0.11679110583123653,302,1,0.04943035878800506
RQ3,baseline,d_c02,d_fuel,True,7,shock,0.005834515535874233,0.041970662449488015,-0.06320108081972209,0.07487011189147055,301,1,0.04260458959315705
RQ3,baseline,d_c02,d_fuel,True,8,shock,0.0008633420829251698,0.04904522551281783,-0.07980887498648612,0.08153555915233646,300,1,0.037590780420823755
RQ3,baseline,d_c02,d_fuel,True,9,shock,-0.0038268724786980866,0.052117580735050836,-0.08955266417868263,0.08189891922128645,299,1,0.04179202118816916
RQ3,baseline,d_c02,d_fuel,True,10,shock,0.002703239963829725,0.053006001222230634,-0.08448387339675051,0.08989035332440995,298,1,0.05276353327378913
RQ3,baseline,d_c02,d_fuel,True,11,shock,-0.004167402535654266,0.052901944789082805,-0.09118335829476366,0.08284855322345512,297,1,0.0681580005288559
RQ3,baseline,d_c02,d_fuel,True,12,shock,0.0176513990626255,0.054946028806954324,-0.0727267757070734,0.1080295738323244,296,1,0.07993729832554664
RQ3,baseline,d_c03,d_fuel,False,0,shock,0.0019758463706671067,0.001481602567111329,-0.00046117298554657505,0.004412865726880788,308,1,0.08832254786683746
RQ3,baseline,d_c03,d_fuel,False,1,shock,0.0020638183080929984,0.0018102939110455783,-0.000913850197338487,0.005041486813524483,307,1,0.0850931323257772
RQ3,baseline,d_c03,d_fuel,False,2,shock,0.0036369357830942257,0.0017599619080257984,0.0007420560553815579,0.006531815510806893,306,1,0.06791714657259385
RQ3,baseline,d_c03,d_fuel,False,3,shock,0.00017149332432196663,0.0025008336269056897,-0.0039420119372960616,0.004284998585939995,305,1,0.07832173227498263
RQ3,baseline,d_c03,d_fuel,False,4,shock,0.0035519307630474273,0.0018686277419223702,0.000478311644324277,0.006625549881770578,304,1,0.06731680002572926
RQ3,baseline,d_c03,d_fuel,False,5,shock,0.0008947681605094187,0.0024289247473464905,-0.003100457519755644,0.004889993840774482,303,1,0.06942135856089271
RQ3,baseline,d_c03,d_fuel,False,6,shock,0.006171711853453587,0.002954484723747136,0.001312016939825392,0.011031406767081782,302,1,0.031796139600750006
RQ3,baseline,d_c03,d_fuel,False,7,shock,0.0032966972085192573,0.0027624077182149325,-0.0012470591459053152,0.00784045356294383,301,1,0.027466789938074165
RQ3,baseline,d_c03,d_fuel,False,8,shock,0.0008654646195238658,0.002729368805371914,-0.0036239475592803336,0.005354876798328066,300,1,0.022479766934586087
RQ3,baseline,d_c03,d_fuel,False,9,shock,0.0056795294705836805,0.0020521336513704878,0.0023040699911377658,0.009054988950029595,299,1,0.024555265499242585
RQ3,baseline,d_c03,d_fuel,False,10,shock,0.00010890727210435571,0.0025838664977215924,-0.004141174908231403,0.004358989452440115,298,1,0.03100775312399262
RQ3,baseline,d_c03,d_fuel,False,11,shock,0.0002465581449755888,0.002676943166652778,-0.004156621531836192,0.00464973782178737,297,1,0.026969195201700713
RQ3,baseline,d_c03,d_fuel,False,12,shock,0.006304971618727076,0.002825407704635915,0.001657589508140057,0.010952353729314095,296,1,0.09583105078070542
RQ3,baseline,d_c03,d_fuel,True,0,shock,0.0019758463706671067,0.001481602567111329,-0.00046117298554657505,0.004412865726880788,308,1,0.08832254786683746
RQ3,baseline,d_c03,d_fuel,True,1,shock,0.004086900294421685,0.0021568451089643494,0.0005392057941691316,0.0076345947946742385,307,1,0.13304900398741604
RQ3,baseline,d_c03,d_fuel,True,2,shock,0.01025656872482588,0.0030955829630569765,0.0051647878605124275,0.015348349589139334,306,1,0.1329600923354438
RQ3,baseline,d_c03,d_fuel,True,3,shock,0.008788145930934833,0.00421984199457264,0.0018471235209998925,0.015729168340869775,305,1,0.13509354762302517
RQ3,baseline,d_c03,d_fuel,True,4,shock,0.011331829223248525,0.004827495679914254,0.003391305445049002,0.01927235300144805,304,1,0.1171256392150688
RQ3,baseline,d_c03,d_fuel,True,5,shock,0.01351634992120417,0.005746212822681596,0.00406467091858129,0.02296802892382705,303,1,0.12176096671600234
RQ3,baseline,d_c03,d_fuel,True,6,shock,0.022433306300346283,0.007622303537605819,0.009895732680790314,0.03497087991990225,302,1,0.11106406062203922
RQ3,baseline,d_c03,d_fuel,True,7,shock,0.026088467779729577,0.0074734677313442605,0.01379570727592318,0.038381228283535976,301,1,0.09889986338169121
RQ3,baseline,d_c03,d_fuel,True,8,shock,0.02626611113994288,0.007791773516385156,0.013449784211132328,0.03908243806875343,300,1,0.09569713458248152
RQ3,baseline,d_c03,d_fuel,True,9,shock,0.03185154042009056,0.008547364428801336,0.01779237703850068,0.045910703801680434,299,1,0.0962190938954336
RQ3,baseline,d_c03,d_fuel,True,10,shock,0.029088074828525688,0.009040140856088775,0.01421836635323588,0.043957783303815494,298,1,0.11188692261107835
RQ3,baseline,d_c03,d_fuel,True,11,shock,0.030881088523489073,0.009319537289351486,0.015551813811589788,0.04621036323538836,297,1,0.12849704106529902
RQ3,baseline,d_c03,d_fuel,True,12,shock,0.03156934580724918,0.009273914228989651,0.016315114351658687,0.04682357726283968,296,1,0.14131710136730868
RQ3,baseline,d_c04,d_fuel,False,0,shock,0.04028448772543887,0.0071264011103403906,0.02856260101198448,0.05200637443889326,308,1,0.23863110800968523
RQ3,baseline,d_c04,d_fuel,False,1,shock,0.04804481899815395,0.0161730067144269,0.021442590245218354,0.07464704775108955,307,1,0.16347869239425905
RQ3,baseline,d_c04,d_fuel,False,2,shock,-0.017423212481823904,0.012953673713453592,-0.03873010967174399,0.0038836847080961807,306,1,0.16827949271189047
RQ3,baseline,d_c04,d_fuel,False,3,shock,0.013621046451844284,0.010380857902244555,-0.0034539453195305252,0.03069603822321909,305,1,0.15522557714248797
RQ3,baseline,d_c04,d_fuel,False,4,shock,0.0028223196084642644,0.010566567462399805,-0.014558137206491469,0.02020277642342,304,1,0.1425122712511212
RQ3,baseline,d_c04,d_fuel,False,5,shock,0.02175849674882402,0.010823142060068432,0.0039560122763094285,0.03956098122133861,303,1,0.13640800813509557
RQ3,baseline,d_c04,d_fuel,False,6,shock,0.0005577697783753282,0.008005534166415681,-0.012610162130937436,0.013725701687688094,302,1,0.1329909554347687
RQ3,baseline,d_c04,d_fuel,False,7,shock,0.010606865240743904,0.009615106949165278,-0.005208578298116908,0.026422308779604716,301,1,0.12752356430697975
RQ3,baseline,d_c04,d_fuel,False,8,shock,0.01558493064132975,0.009682614653610356,-0.00034155319003471504,0.03151141447269422,300,1,0.14195950001140756
RQ3,baseline,d_c04,d_fuel,False,9,shock,0.00444231437682978,0.010814854630791243,-0.013346538487580118,0.022231167241239677,299,1,0.1395395842833077
RQ3,baseline,d_c04,d_fuel,False,10,shock,0.017922236550012974,0.009943138729294105,0.0015672287478519127,0.03427724435217404,298,1,0.13892655897998507
RQ3,baseline,d_c04,d_fuel,False,11,shock,-0.0035126335062521017,0.013377813201472424,-0.025517178071373305,0.018491911058869104,297,1,0.14195494401115305
RQ3,baseline,d_c04,d_fuel,False,12,shock,0.016179925013319073,0.009377669870921068,0.0007550307137810103,0.031604819312857135,296,1,0.11447087657672439
RQ3,baseline,d_c04,d_fuel,True,0,shock,0.04028448772543887,0.0071264011103403906,0.02856260101198448,0.05200637443889326,308,1,0.23863110800968523
RQ3,baseline,d_c04,d_fuel,True,1,shock,0.0885632037737339,0.018403843580831726,0.05829157490995527,0.11883483263751254,307,1,0.30889917809571155
RQ3,baseline,d_c04,d_fuel,True,2,shock,0.054656478005218494,0.012662135866106107,0.03382911790090154,0.07548383810953545,306,1,0.37644059284650344
RQ3,baseline,d_c04,d_fuel,True,3,shock,0.08301467133448315,0.020085205035701336,0.04997744898344583,0.11605189368552046,305,1,0.4474391296875764
RQ3,baseline,d_c04,d_fuel,True,4,shock,0.08476707880167825,0.014054247739722171,0.06164989843292171,0.10788425917043479,304,1,0.5126240801115751
RQ3,baseline,d_c04,d_fuel,True,5,shock,0.10025646395546643,0.015929134566834573,0.07405536918901051,0.12645755872192235,303,1,0.5454583893447531
RQ3,baseline,d_c04,d_fuel,True,6,shock,0.08906669581678671,0.014548687958849766,0.06513623366028745,0.11299715797328597,302,1,0.5752151201921016
RQ3,baseline,d_c04,d_fuel,True,7,shock,0.11014462758462362,0.013483765016417534,0.08796580779240787,0.13232344737683938,301,1,0.604814976305881
RQ3,baseline,d_c04,d_fuel,True,8,shock,0.12042175615797908,0.01346150692856831,0.09827954766229112,0.14256396465366705,300,1,0.6297892491529181
RQ3,baseline,d_c04,d_fuel,True,9,shock,0.12437402462060745,0.01281739039627806,0.10329129353923652,0.14545675570197839,299,1,0.649553459283762
RQ3,baseline,d_c04,d_fuel,True,10,shock,0.14169910645101638,0.01420613429678215,0.11833209492799457,0.1650661179740382,298,1,0.6628564996014663
RQ3,baseline,d_c04,d_fuel,True,11,shock,0.13696804264724044,0.013543381284090734,0.11469116282091711,0.15924492247356375,297,1,0.6782636810687739
RQ3,baseline,d_c04,d_fuel,True,12,shock,0.15757557264994446,0.014839199095758518,0.13316726219623104,0.18198388310365787,296,1,0.6877241622641299
RQ3,baseline,d_c05,d_fuel,False,0,shock,-0.0036565208020462895,0.0017408314282922705,-0.0065199336907839425,-0.0007931079133086365,308,1,0.23330677232415242
RQ3,baseline,d_c05,d_fuel,False,1,shock,0.00295464780550915,0.0023016341637832416,-0.0008312034967051336,0.006740499107723434,307,1,0.14301827003282774
RQ3,baseline,d_c05,d_fuel,False,2,shock,0.0019363988670620172,0.0020334068816149427,-0.0014082578172304042,0.0052810555513544384,306,1,0.10881198120333879
RQ3,baseline,d_c05,d_fuel,False,3,shock,-0.0031090046813957916,0.0024327739783891688,-0.007110561783302378,0.000892552420510795,305,1,0.10759871892629258
RQ3,baseline,d_c05,d_fuel,False,4,shock,0.006220192628951089,0.001992194846902205,0.0029433237094299643,0.009497061548472215,304,1,0.10610674026901501
RQ3,baseline,d_c05,d_fuel,False,5,shock,0.0051358078791069114,0.0026743343216320127,0.0007369193704896901,0.009534696387724133,303,1,0.10228694823122764
RQ3,baseline,d_c05,d_fuel,False,6,shock,-0.00037583524593787286,0.003067452377920659,-0.005421345415261587,0.004669674923385841,302,1,0.1121490776004811
RQ3,baseline,d_c05,d_fuel,False,7,shock,0.007839001251689008,0.0031748620382237914,0.002616817913046061,0.013061184590331955,301,1,0.10780925856646606
RQ3,baseline,d_c05,d_fuel,False,8,shock,0.0026478809596659075,0.002961947926346849,-0.002224089829827099,0.007519851749158914,300,1,0.11187225483708974
RQ3,baseline,d_c05,d_fuel,False,9,shock,0.002342506091397801,0.0031356285079125225,-0.002815143832614544,0.007500156015410146,299,1,0.11704694857159914
RQ3,baseline,d_c05,d_fuel,False,10,shock,0.0036147774325516044,0.003229127130289194,-0.0016966640395919752,0.008926218904695183,298,1,0.12453637286815666
RQ3,baseline,d_c05,d_fuel,False,11,shock,0.005970647053204574,0.002872210759749282,0.0012462807676619243,0.010695013338747224,297,1,0.0986295426756153
RQ3,baseline,d_c05,d_fuel,False,12,shock,0.0001253689094296137,0.003152856893623803,-0.0050606191873064504,0.005311357006165678,296,1,0.12842651438686736
RQ3,baseline,d_c05,d_fuel,True,0,shock,-0.0036565208020462895,0.0017408314282922705,-0.0065199336907839425,-0.0007931079133086365,308,1,0.23330677232415242
RQ3,baseline,d_c05,d_fuel,True,1,shock,-0.0006712056771799697,0.0027209165233623204,-0.0051467150892646725,0.0038043037349047336,307,1,0.24510428427338316
RQ3,baseline,d_c05,d_fuel,True,2,shock,0.0025422205722682094,0.004711175448584363,-0.005206973451540508,0.010291414596076928,306,1,0.23352444467121414
RQ3,baseline,d_c05,d_fuel,True,3,shock,0.001252817630769553,0.004273376480173991,-0.005776261171973752,0.008281896433512858,305,1,0.22273537529225484
RQ3,baseline,d_c05,d_fuel,True,4,shock,0.006324485392890919,0.0048758491263215424,-0.0016955727270072368,0.014344543512789075,304,1,0.213124721180741
RQ3,baseline,d_c05,d_fuel,True,5,shock,0.012388513489987419,0.006124755513959808,0.0023141871686596007,0.022462839811315236,303,1,0.2043054994839405
RQ3,baseline,d_c05,d_fuel,True,6,shock,0.012527836335075081,0.0077952671240917,-0.0002942370670427248,0.025349909737192887,302,1,0.2086185014083286
RQ3,baseline,d_c05,d_fuel,True,7,shock,0.02317153605280002,0.008127962033609456,0.009802228222093643,0.036540843883506396,301,1,0.2070660401781883
RQ3,baseline,d_c05,d_fuel,True,8,shock,0.024369392789405857,0.007911058620081965,0.011356859325138328,0.037381926253673384,300,1,0.20365891340745623
RQ3,baseline,d_c05,d_fuel,True,9,shock,0.026764921472546846,0.008765763172177431,0.012346524125793156,0.041183318819300534,299,1,0.2127511677994809
RQ3,baseline,d_c05,d_fuel,True,10,shock,0.02831543169885757,0.009251474691030775,0.01309810999866585,0.043532753399049294,298,1,0.23011270797234884
RQ3,baseline,d_c05,d_fuel,True,11,shock,0.03524725764117975,0.009370268198569405,0.01983453800925483,0.05065997727310467,297,1,0.2553955277811575
RQ3,baseline,d_c05,d_fuel,True,12,shock,0.031389938388976274,0.00973360189390817,0.015379588010479704,0.04740028876747285,296,1,0.28762395760032167
RQ3,baseline,d_c06,d_fuel,False,0,shock,0.004096647428331103,0.0024053185237271034,0.00014025053060501627,0.00805304432605719,308,1,0.15364471402830637
RQ3,baseline,d_c06,d_fuel,False,1,shock,0.003073861197991902,0.0030168775713221825,-0.0018884608172659387,0.008036183213249743,307,1,0.2511089297745366
RQ3,baseline,d_c06,d_fuel,False,2,shock,0.005007883695880884,0.002273309133230386,0.0012686229229049752,0.008747144468856792,306,1,0.20617916449227636
RQ3,baseline,d_c06,d_fuel,False,3,shock,0.00237507404437648,0.003018161869040231,-0.002589360452640978,0.007339508541393938,305,1,0.2008455785794836
RQ3,baseline,d_c06,d_fuel,False,4,shock,0.000876153718375048,0.0024763625505510966,-0.003197100204545722,0.004949407641295818,304,1,0.20086423831027211
RQ3,baseline,d_c06,d_fuel,False,5,shock,0.007073000647707962,0.0030943567591064937,0.0019832367094098427,0.012162764586006082,303,1,0.2101251120355372
RQ3,baseline,d_c06,d_fuel,False,6,shock,0.0001515545886534731,0.003674977535782468,-0.005893245540043503,0.006196354717350449,302,1,0.14639570084126896
RQ3,baseline,d_c06,d_fuel,False,7,shock,0.006743045821504618,0.0038095845754823276,0.00047683681534412686,0.01300925482766511,301,1,0.17733791390013065
RQ3,baseline,d_c06,d_fuel,False,8,shock,0.0015965235316664364,0.0030700794818364855,-0.0034533078390616033,0.006646354902394476,300,1,0.17895056459555447
RQ3,baseline,d_c06,d_fuel,False,9,shock,0.005183142092464794,0.0030668260150062544,0.0001386621984526262,0.010227621986476962,299,1,0.18298769070911047
RQ3,baseline,d_c06,d_fuel,False,10,shock,-0.0004421717794673296,0.003086090472082558,-0.0055183388855727065,0.004633995326638047,298,1,0.1769186335824846
RQ3,baseline,d_c06,d_fuel,False,11,shock,-0.0022854799988641546,0.0026235088708813866,-0.006600768080472765,0.0020298080827444555,297,1,0.17749660803524647
RQ3,baseline,d_c06,d_fuel,False,12,shock,0.003818319096158451,0.003772557333225037,-0.0023869855162791252,0.010023623708596028,296,1,0.13041430950860144
RQ3,baseline,d_c06,d_fuel,True,0,shock,0.004096647428331103,0.0024053185237271034,0.00014025053060501627,0.00805304432605719,308,1,0.15364471402830637
RQ3,baseline,d_c06,d_fuel,True,1,shock,0.007138166391579586,0.004186697768021922,0.0002516613828990946,0.014024671400260078,307,1,0.3105648184513944
RQ3,baseline,d_c06,d_fuel,True,2,shock,0.010709482431553041,0.00465442734759702,0.003053630727475962,0.01836533413563012,306,1,0.3053646898866035
RQ3,baseline,d_c06,d_fuel,True,3,shock,0.013209467453705909,0.00677722904024598,0.002061917686176463,0.024357017221235355,305,1,0.29112928486055223
RQ3,baseline,d_c06,d_fuel,True,4,shock,0.01951090256804689,0.008361688891586018,0.005757148267281794,0.033264656868811984,304,1,0.2806177913715514
RQ3,baseline,d_c06,d_fuel,True,5,shock,0.02110950432987655,0.00867389110944673,0.006842223078720967,0.03537678558103213,303,1,0.30544882754854075
RQ3,baseline,d_c06,d_fuel,True,6,shock,0.011586245520504862,0.010105488817618666,-0.0050358044132727455,0.028208295454282467,302,1,0.3167706703816736
RQ3,baseline,d_c06,d_fuel,True,7,shock,0.025610907609542644,0.009753945672030376,0.009567094693815868,0.04165472052526942,301,1,0.32475904740819206
RQ3,baseline,d_c06,d_fuel,True,8,shock,0.024279516869855147,0.010327527509975714,0.007292245787630488,0.0412667879520798,300,1,0.3351830253072069
RQ3,baseline,d_c06,d_fuel,True,9,shock,0.029156252807478914,0.011314834819682517,0.01054500571596732,0.04776749989899051,299,1,0.34248384424866396
RQ3,baseline,d_c06,d_fuel,True,10,shock,0.025876207584146403,0.011525681002068243,0.006918149384808777,0.044834265783484026,298,1,0.349783164003596
RQ3,baseline,d_c06,d_fuel,True,11,shock,0.02597044751825853,0.01151717608129623,0.007026378668699682,0.044914516367817375,297,1,0.3694574610624153
RQ3,baseline,d_c06,d_fuel,True,12,shock,0.02716495252559817,0.013389671918618343,0.00514090210656851,0.04918900294462783,296,1,0.3839865899170505
RQ3,baseline,d_c07,d_fuel,False,0,shock,0.2928513031550459,0.011289794840727275,0.2742812431637376,0.31142136314635416,308,1,0.8353009426792439
RQ3,baseline,d_c07,d_fuel,False,1,shock,0.18407878128192418,0.02998575644443747,0.13475660103740772,0.23340096152644063,307,1,0.21064822980872144
RQ3,baseline,d_c07,d_fuel,False,2,shock,-0.10572882271683523,0.04799067640946517,-0.18466646086879845,-0.026791184564871992,306,1,0.20995221481241966
RQ3,baseline,d_c07,d_fuel,False,3,shock,0.023767365198588634,0.0349626365702493,-0.033741054371772106,0.08127578476894937,305,1,0.20979998524375265
RQ3,baseline,d_c07,d_fuel,False,4,shock,-0.01207126095404575,0.029426386280846404,-0.060473359156171004,0.0363308372480795,304,1,0.21002431748182626
RQ3,baseline,d_c07,d_fuel,False,5,shock,0.02497327697645296,0.02785171008402195,-0.02083870937205144,0.07078526332495735,303,1,0.2103563404540778
RQ3,baseline,d_c07,d_fuel,False,6,shock,-0.020257037521361057,0.02351204526536472,-0.0589309104531434,0.018416835410421287,302,1,0.24190855636210562
RQ3,baseline,d_c07,d_fuel,False,7,shock,0.02348536752980891,0.018847638390307495,-0.007516238835958179,0.054486973895575996,301,1,0.2329352514294909
RQ3,baseline,d_c07,d_fuel,False,8,shock,-0.012835020510180435,0.032936081149795966,-0.06701005304699034,0.04134001202662947,300,1,0.24028344121402123
RQ3,baseline,d_c07,d_fuel,False,9,shock,0.021532541008079803,0.03603864422386963,-0.03774575365396589,0.0808108356701255,299,1,0.24094475706361773
RQ3,baseline,d_c07,d_fuel,False,10,shock,0.007016151097834824,0.027110356763860904,-0.037576417553150165,0.05160871974881981,298,1,0.2415276855978521
RQ3,baseline,d_c07,d_fuel,False,11,shock,-0.02135622472840613,0.0216944106116352,-0.0570403547075288,0.014327905250716536,297,1,0.24150627535092073
RQ3,baseline,d_c07,d_fuel,False,12,shock,0.025814615723803433,0.028200240155672504,-0.020570651577157033,0.0721998830247639,296,1,0.23434848637085304
RQ3,baseline,d_c07,d_fuel,True,0,shock,0.2928513031550459,0.011289794840727275,0.2742812431637376,0.31142136314635416,308,1,0.8353009426792439
RQ3,baseline,d_c07,d_fuel,True,1,shock,0.476806654234438,0.030022461988295317,0.42742409874297776,0.5261892097258983,307,1,0.6503914859608046
RQ3,baseline,d_c07,d_fuel,True,2,shock,0.22934637730922006,0.04304239573228377,0.15854793657629251,0.3001448180421476,306,1,0.6903096224658498
RQ3,baseline,d_c07,d_fuel,True,3,shock,0.3520360571743266,0.042605189131442095,0.28195675730452063,0.4221153570441326,305,1,0.7016102755245575
RQ3,baseline,d_c07,d_fuel,True,4,shock,0.31681056008721775,0.033664725598243114,0.2614370140866215,0.372184106087814,304,1,0.6952543513691378
RQ3,baseline,d_c07,d_fuel,True,5,shock,0.3489077218694978,0.03754349022356444,0.2871541758068507,0.4106612679321449,303,1,0.7001242720756264
RQ3,baseline,d_c07,d_fuel,True,6,shock,0.3084455587951824,0.04058232138264422,0.24169358027882976,0.375197537311535,302,1,0.6912986498729203
RQ3,baseline,d_c07,d_fuel,True,7,shock,0.3525613079848769,0.041247599726971264,0.2847150439709257,0.4204075719988281,301,1,0.6969358345941918
RQ3,baseline,d_c07,d_fuel,True,8,shock,0.3264189699015916,0.046257645588476816,0.2503319137811497,0.40250602602203345,300,1,0.6947318867799872
RQ3,baseline,d_c07,d_fuel,True,9,shock,0.3486066922725876,0.04964322588911762,0.2669508521153013,0.43026253242987395,299,1,0.6946553034083276
RQ3,baseline,d_c07,d_fuel,True,10,shock,0.35538812632283734,0.05363407309749938,0.2671679266602351,0.4436083259854396,298,1,0.696264224733345
RQ3,baseline,d_c07,d_fuel,True,11,shock,0.32409800777395953,0.04486938808579603,0.25029443204194474,0.3979015835059743,297,1,0.7049940076424199
RQ3,baseline,d_c07,d_fuel,True,12,shock,0.37015417456830435,0.044395044208297846,0.29713082508361466,0.44317752405299404,296,1,0.7060257396464389
RQ3,baseline,d_c08,d_fuel,False,0,shock,0.001445833618839658,0.002252764346806167,-0.00225963398767143,0.0051513012253507455,308,1,0.11119426485316553
RQ3,baseline,d_c08,d_fuel,False,1,shock,0.00543939216121543,0.0027265092365105154,0.0009546835546244197,0.009924100767806442,307,1,0.09581665366450853
RQ3,baseline,d_c08,d_fuel,False,2,shock,0.0028207127042363983,0.002416713270104605,-0.0011544268833969143,0.0067958522918697105,306,1,0.04474007754953735
RQ3,baseline,d_c08,d_fuel,False,3,shock,0.001768551309348435,0.002387834197998306,-0.0021590864317878383,0.005696189050484708,305,1,0.0328354369752315
RQ3,baseline,d_c08,d_fuel,False,4,shock,0.0012219415152187997,0.002535476723695275,-0.002948546569802409,0.0053924296002400085,304,1,0.03364799464912416
RQ3,baseline,d_c08,d_fuel,False,5,shock,0.003353007833191891,0.0024841347116878526,-0.0007330301571639225,0.007439045823547705,303,1,0.024287798557440232
RQ3,baseline,d_c08,d_fuel,False,6,shock,-0.0044332858664147086,0.004034973623530319,-0.011070226865732079,0.0022036551329026608,302,1,0.03366363335771694
RQ3,baseline,d_c08,d_fuel,False,7,shock,-3.4311507374085e-05,0.003261552415918011,-0.005399087828189162,0.005330464813440992,301,1,0.031983980083846286
RQ3,baseline,d_c08,d_fuel,False,8,shock,-0.00156006564214968,0.00419612422765361,-0.008462075797144666,0.005341944512845306,300,1,-0.002055017454632102
RQ3,baseline,d_c08,d_fuel,False,9,shock,3.667466137606327e-05,0.0030952497139421988,-0.00505455805692227,0.005127907379674395,299,1,-0.007006048378477292
RQ3,baseline,d_c08,d_fuel,False,10,shock,0.0019901094426099278,0.0028600542875689542,-0.002714261225575976,0.006694480110795832,298,1,-0.017144878550533926
RQ3,baseline,d_c08,d_fuel,False,11,shock,0.002165497193093561,0.002307872382481285,-0.0016306150657719159,0.0059616094519590376,297,1,-0.020569953848740052
RQ3,baseline,d_c08,d_fuel,False,12,shock,0.006054907609829841,0.0035593251367910497,0.0002003387490795384,0.011909476470580143,296,1,0.06861766413559334
RQ3,baseline,d_c08,d_fuel,True,0,shock,0.001445833618839658,0.002252764346806167,-0.00225963398767143,0.0051513012253507455,308,1,0.11119426485316553
RQ3,baseline,d_c08,d_fuel,True,1,shock,0.006918758143881304,0.0038818668126108613,0.0005336554378157785,0.013303860849946829,307,1,0.1732879444181642
RQ3,baseline,d_c08,d_fuel,True,2,shock,0.00818438244713178,0.0036868799343715395,0.002120004614946148,0.014248760279317412,306,1,0.21263440945261913
RQ3,baseline,d_c08,d_fuel,True,3,shock,0.010888772834389292,0.004570072420504474,0.0033716726380916143,0.01840587303068697,305,1,0.2156175296503552
RQ3,baseline,d_c08,d_fuel,True,4,shock,0.012093576499864242,0.004405616270054255,0.004846982599109084,0.0193401704006194,304,1,0.25080804428635217
RQ3,baseline,d_c08,d_fuel,True,5,shock,0.015349420257012799,0.005938211227183637,0.0055819319823758404,0.02511690853164976,303,1,0.21837220212042763
RQ3,baseline,d_c08,d_fuel,True,6,shock,0.010162413483281788,0.005970662799887257,0.0003415471215830017,0.019983279844980575,302,1,0.17436792969492565
RQ3,baseline,d_c08,d_fuel,True,7,shock,0.010571014911161958,0.005175172776704596,0.002058613199298882,0.019083416623025033,301,1,0.12092043879361836
RQ3,baseline,d_c08,d_fuel,True,8,shock,0.008735808556544829,0.006597191076106515,-0.0021156051126808573,0.019587222225770515,300,1,0.13521534408404623
RQ3,baseline,d_c08,d_fuel,True,9,shock,0.008638667404985836,0.0061153271935879055,-0.001420150709382199,0.018697485519353872,299,1,0.1438451599784879
RQ3,baseline,d_c08,d_fuel,True,10,shock,0.010858600228669184,0.005811787150304757,0.0012990610554204432,0.020418139401917924,298,1,0.15611146529021136
RQ3,baseline,d_c08,d_fuel,True,11,shock,0.012584251143877175,0.005734447118864713,0.003151925001851132,0.02201657728590322,297,1,0.17257250606279462
RQ3,baseline,d_c08,d_fuel,True,12,shock,0.019124039831721656,0.00655155504386251,0.008347690755652195,0.029900388907791117,296,1,0.23112426891773508
RQ3,baseline,d_c09,d_fuel,False,0,shock,0.003736368784499341,0.005683617038318097,-0.005612349315181366,0.013085086884180048,308,1,-0.034453658288304156
RQ3,baseline,d_c09,d_fuel,False,1,shock,-0.001971318027086652,0.0043318048158111355,-0.009096502889619452,0.005153866835446148,307,1,-0.03541634572486885
RQ3,baseline,d_c09,d_fuel,False,2,shock,-0.005900783284128376,0.008236853445889116,-0.01944920154926682,0.007647634981010068,306,1,-0.03542148856215688
RQ3,baseline,d_c09,d_fuel,False,3,shock,0.0033882351082666936,0.004954109522425191,-0.004760549908009207,0.011537020124542595,305,1,-0.037811034082190664
RQ3,baseline,d_c09,d_fuel,False,4,shock,0.010181988514278791,0.008396954901793997,-0.003629773211285008,0.02399375023984259,304,1,-0.03986704512059824
RQ3,baseline,d_c09,d_fuel,False,5,shock,-0.0062898594752265665,0.007945191296891486,-0.0193585361967418,0.006778817246288666,303,1,-0.04260249851067721
RQ3,baseline,d_c09,d_fuel,False,6,shock,0.014861272362370182,0.00990440427353786,-0.0014300229297522279,0.03115256765449259,302,1,-0.050809697129965636
RQ3,baseline,d_c09,d_fuel,False,7,shock,0.0009704908571010726,0.008722501849911888,-0.013376747946817421,0.015317729661019568,301,1,-0.05022143766074305
RQ3,baseline,d_c09,d_fuel,False,8,shock,-0.0033377875624323724,0.006768171565579139,-0.014470439109905042,0.0077948639850402976,300,1,-0.05155432963978268
RQ3,baseline,d_c09,d_fuel,False,9,shock,0.0014297981403715559,0.006563868197018487,-0.009366804270325723,0.012226400551068835,299,1,-0.05379877374921782
RQ3,baseline,d_c09,d_fuel,False,10,shock,0.03103288174450873,0.025116639308740436,-0.01028031351930489,0.07234607700832235,298,1,-0.05774416631731061
RQ3,baseline,d_c09,d_fuel,False,11,shock,-0.02907959737526821,0.026546170752965375,-0.07274416261995639,0.014584967869419978,297,1,-0.060897611591864464
RQ3,baseline,d_c09,d_fuel,False,12,shock,0.004630498691132519,0.0071533593001496445,-0.007135730298605669,0.016396727680870707,296,1,-0.060370336550403136
RQ3,baseline,d_c09,d_fuel,True,0,shock,0.003736368784499341,0.005683617038318097,-0.005612349315181366,0.013085086884180048,308,1,-0.034453658288304156
RQ3,baseline,d_c09,d_fuel,True,1,shock,0.0018751659312100785,0.006904177232636858,-0.009481195031008437,0.013231526893428592,307,1,-0.03191334404612656
RQ3,baseline,d_c09,d_fuel,True,2,shock,-0.017100520525067,0.012071451951524035,-0.03695629205010174,0.0027552509999677344,306,1,-0.030401263237221032
RQ3,baseline,d_c09,d_fuel,True,3,shock,-0.002464433794892015,0.010458290602511416,-0.019666791024145414,0.014737923434361384,305,1,-0.03596957653602062
RQ3,baseline,d_c09,d_fuel,True,4,shock,0.00805444863073501,0.011329907976923556,-0.010581591598134118,0.026690488859604136,304,1,-0.04588866448195916
RQ3,baseline,d_c09,d_fuel,True,5,shock,0.00015825399105913115,0.01399657603890187,-0.022864064871430678,0.02318057285354894,303,1,-0.049340938931279554
RQ3,baseline,d_c09,d_fuel,True,6,shock,0.015282949062204971,0.017342541943719862,-0.01324299395448068,0.04380889207889062,302,1,-0.04670236570683728
RQ3,baseline,d_c09,d_fuel,True,7,shock,0.025862936967329574,0.018481123373150117,-0.004535805843134021,0.05626167977779317,301,1,-0.048692484555340476
RQ3,baseline,d_c09,d_fuel,True,8,shock,0.01943875709873974,0.02073069418070289,-0.014660200413611192,0.05353771461109067,300,1,-0.061829506099115195
RQ3,baseline,d_c09,d_fuel,True,9,shock,0.020686597761546195,0.019653991082967507,-0.0116413407553448,0.05301453627843719,299,1,-0.06965908872932558
RQ3,baseline,d_c09,d_fuel,True,10,shock,0.04949281639145672,0.02426413838045685,0.009581860371509848,0.0894037724114036,298,1,-0.07024151702255699
RQ3,baseline,d_c09,d_fuel,True,11,shock,0.021725092248561326,0.021531421122408592,-0.013690943878051982,0.057141128375174634,297,1,-0.0717142553272252
RQ3,baseline,d_c09,d_fuel,True,12,shock,0.02376590147584471,0.02528771185158226,-0.017828683080534098,0.06536048603222352,296,1,-0.07069160764882709
RQ3,baseline,d_c10,d_fuel,False,0,shock,-0.009765328332423832,0.008994067302197505,-0.02455925255548904,0.005028595890641377,308,1,0.7711895080727142
RQ3,baseline,d_c10,d_fuel,False,1,shock,-0.012909274324134454,0.0076816606696162104,-0.02554448173756315,-0.0002740669107057555,307,1,0.7822041602452955
RQ3,baseline,d_c10,d_fuel,False,2,shock,0.008161917801195047,0.010722606870273205,-0.009475200999748608,0.025799036602138704,306,1,0.781526002172909
RQ3,baseline,d_c10,d_fuel,False,3,shock,0.004747716802919418,0.008066076145708877,-0.008519797800616579,0.018015231406455418,305,1,0.7811575988478896
RQ3,baseline,d_c10,d_fuel,False,4,shock,-0.0010585278934212902,0.010204204970635265,-0.017842951449526946,0.015725895662684362,304,1,0.7798899934603151
RQ3,baseline,d_c10,d_fuel,False,5,shock,0.006684733402472524,0.009796653930093154,-0.009429328346429596,0.022798795151374646,303,1,0.7794218128182766
RQ3,baseline,d_c10,d_fuel,False,6,shock,0.007212801742962551,0.009068973976852317,-0.0077043329955914985,0.0221299364815166,302,1,0.7703350407516151
RQ3,baseline,d_c10,d_fuel,False,7,shock,0.008360530167900102,0.009969190168336686,-0.008037328438257454,0.024758388774057657,301,1,0.7720131565971164
RQ3,baseline,d_c10,d_fuel,False,8,shock,-0.012112464414515134,0.01382669208695756,-0.0348553490424885,0.010630420213458232,300,1,0.7721849098107605
RQ3,baseline,d_c10,d_fuel,False,9,shock,0.002719041892281158,0.011902420625010571,-0.01685869784226949,0.022296781626831803,299,1,0.7717425246689174
RQ3,baseline,d_c10,d_fuel,False,10,shock,0.004563863606720864,0.01014158062595033,-0.01211755206889432,0.02124527928233605,298,1,0.7715597926294422
RQ3,baseline,d_c10,d_fuel,False,11,shock,0.008688902244819217,0.01332196781068588,-0.013223784826718215,0.030601589316356648,297,1,0.7721704867484779
RQ3,baseline,d_c10,d_fuel,False,12,shock,-0.026227939846798307,0.016193641348151037,-0.05286410955185587,0.00040822985825925487,296,1,0.7235917516817872
RQ3,baseline,d_c10,d_fuel,True,0,shock,-0.009765328332423832,0.008994067302197505,-0.02455925255548904,0.005028595890641377,308,1,0.7711895080727142
RQ3,baseline,d_c10,d_fuel,True,1,shock,-0.022461745160460105,0.011863039985752123,-0.04197470950769483,-0.0029487808132253844,307,1,0.7944534350576978
RQ3,baseline,d_c10,d_fuel,True,2,shock,-0.006772701634950473,0.013507088833458927,-0.02898988569222112,0.015444482422320174,306,1,0.7965057957486978
RQ3,baseline,d_c10,d_fuel,True,3,shock,-0.004969242875679712,0.013010100921333471,-0.02636895456313976,0.016430468811780338,305,1,0.7899707504264739
RQ3,baseline,d_c10,d_fuel,True,4,shock,-0.013668261352298903,0.0142884644758147,-0.037170693968909985,0.009834171264312176,304,1,0.7813633407057252
RQ3,baseline,d_c10,d_fuel,True,5,shock,-0.0033614098130781327,0.014516648984624913,-0.027239172546619825,0.02051635292046356,303,1,0.7700352779146981
RQ3,baseline,d_c10,d_fuel,True,6,shock,0.008070415930652495,0.017254580251627925,-0.020310842977762943,0.03645167483906794,302,1,0.7569798601514031
RQ3,baseline,d_c10,d_fuel,True,7,shock,0.01427190374653134,0.017728136804535895,-0.014888286375501408,0.04343209386856409,301,1,0.7330782924538267
RQ3,baseline,d_c10,d_fuel,True,8,shock,0.004707786138455343,0.016452727588475057,-0.022354542508692402,0.031770114785603085,300,1,0.703393979339437
RQ3,baseline,d_c10,d_fuel,True,9,shock,0.00821380845401812,0.01746670066266719,-0.020516357481845694,0.03694397438988193,299,1,0.6623680264176295
RQ3,baseline,d_c10,d_fuel,True,10,shock,0.01085933770568379,0.018444726833414603,-0.019479538124387363,0.04119821353575494,298,1,0.6007851316823118
RQ3,baseline,d_c10,d_fuel,True,11,shock,0.021746838592514053,0.016709124753272672,-0.005737225861091124,0.049230903046119226,297,1,0.5336163805521976
RQ3,baseline,d_c10,d_fuel,True,12,shock,-0.008652256331598787,0.022004160545512675,-0.04484587961290779,0.027541366949710218,296,1,0.5862330070757777
RQ3,baseline,d_c11,d_fuel,False,0,shock,0.005125018381490786,0.004200076819516134,-0.001783493208565131,0.012033529971546704,308,1,0.11350489518337026
RQ3,baseline,d_c11,d_fuel,False,1,shock,0.004673601384102008,0.006580611947053508,-0.006150542044569144,0.01549774481277316,307,1,0.08703765741755976
RQ3,baseline,d_c11,d_fuel,False,2,shock,0.0008468292391725969,0.00434635877802366,-0.006302294760891989,0.007995953239237182,306,1,0.08380251421769991
RQ3,baseline,d_c11,d_fuel,False,3,shock,0.001717587478438782,0.0032281281965595918,-0.0035922108939365777,0.007027385850814142,305,1,0.09155064209670727
RQ3,baseline,d_c11,d_fuel,False,4,shock,0.003434665551182164,0.004908045850128473,-0.0046383514666457765,0.011507682569010105,304,1,0.07538347451895056
RQ3,baseline,d_c11,d_fuel,False,5,shock,0.0017214150083127442,0.003695071310392501,-0.00435643643843069,0.0077992664550561785,303,1,0.07145285474235308
RQ3,baseline,d_c11,d_fuel,False,6,shock,0.009955893028878154,0.00672738884776928,-0.0011096769172880324,0.02102146297504434,302,1,0.07959786520655587
RQ3,baseline,d_c11,d_fuel,False,7,shock,0.01896546101503766,0.005953397924277506,0.009172992846604439,0.028757929183470886,301,1,0.08047102602792855
RQ3,baseline,d_c11,d_fuel,False,8,shock,-0.0016532605937639132,0.005333558445878662,-0.010426183548025087,0.007119662360497261,300,1,0.10049504724467606
RQ3,baseline,d_c11,d_fuel,False,9,shock,0.0060691955040567515,0.005153750013754039,-0.00240796889846778,0.014546359906581284,299,1,0.1028195248375059
RQ3,baseline,d_c11,d_fuel,False,10,shock,0.006180751394309262,0.004358434687290578,-0.000988235708911751,0.013349738497530276,298,1,0.10278078440272453
RQ3,baseline,d_c11,d_fuel,False,11,shock,0.0004170607057967958,0.004979950702403972,-0.00777422926909191,0.008608350680685502,297,1,0.11280737400809493
RQ3,baseline,d_c11,d_fuel,False,12,shock,0.011773165808190583,0.004810969058076758,0.003859825903861719,0.019686505712519446,296,1,0.10756626021256954
RQ3,baseline,d_c11,d_fuel,True,0,shock,0.005125018381490786,0.004200076819516134,-0.001783493208565131,0.012033529971546704,308,1,0.11350489518337026
RQ3,baseline,d_c11,d_fuel,True,1,shock,0.009933369287255966,0.008987775361715905,-0.004850205614687521,0.024716944189199452,307,1,0.17779516806825468
RQ3,baseline,d_c11,d_fuel,True,2,shock,0.008709512584290396,0.00921842792589755,-0.006453452024412927,0.02387247719299372,306,1,0.22411102150827145
RQ3,baseline,d_c11,d_fuel,True,3,shock,0.01838416083120227,0.013934025292742975,-0.00453527120959956,0.0413035928720041,305,1,0.24346475219964314
RQ3,baseline,d_c11,d_fuel,True,4,shock,0.018760731582914282,0.013185914212819502,-0.002928167234712842,0.040449630400541406,304,1,0.24728405338842752
RQ3,baseline,d_c11,d_fuel,True,5,shock,0.018868925714715806,0.016637756733860674,-0.008497748793311204,0.04623560022274281,303,1,0.24336134273968013
RQ3,baseline,d_c11,d_fuel,True,6,shock,0.020708096178390575,0.018019229358679736,-0.00893089858710424,0.05034709094388539,302,1,0.24641817290919343
RQ3,baseline,d_c11,d_fuel,True,7,shock,0.04806807254611772,0.018345664840870878,0.01789213919377515,0.07824400589846028,301,1,0.24757609129665825
RQ3,baseline,d_c11,d_fuel,True,8,shock,0.04142619282137891,0.01648197026743745,0.014315764247678095,0.06853662139507972,300,1,0.26306917863389023
RQ3,baseline,d_c11,d_fuel,True,9,shock,0.04708506380141329,0.018394099325669044,0.01682946281108094,0.07734066479174564,299,1,0.2803019438503609
RQ3,baseline,d_c11,d_fuel,True,10,shock,0.04890061661266528,0.017942417142585033,0.01938796669940802,0.07841326652592254,298,1,0.2964987152117373
RQ3,baseline,d_c11,d_fuel,True,11,shock,0.05169996020455518,0.01812335152208104,0.021889699720943696,0.08151022068816667,297,1,0.31496893034077567
RQ3,baseline,d_c11,d_fuel,True,12,shock,0.06277032990105524,0.017512343902116003,0.03396508751723824,0.09157557228487224,296,1,0.32364592294142946
RQ3,baseline,d_c12,d_fuel,False,0,shock,-0.05706982331322311,0.05469835709167946,-0.14704061436375884,0.032900967737312624,91,1,0.00986062419088063
RQ3,baseline,d_c12,d_fuel,False,1,shock,0.02449612019042957,0.04055134800909659,-0.042204911660104316,0.09119715204096346,90,1,0.001341676558500815
RQ3,baseline,d_c12,d_fuel,False,2,shock,0.019975764153053376,0.03994387560367085,-0.04572606450814306,0.0856775928142498,89,1,0.0010716633233839312
RQ3,baseline,d_c12,d_fuel,False,3,shock,-0.04224328346465166,0.05565513610196496,-0.13378783594044652,0.04930126901114322,88,1,-0.01843443587863991
RQ3,baseline,d_c12,d_fuel,False,4,shock,0.13574188857832273,0.1179853473695101,-0.058326737969545295,0.32981051512619075,87,1,-0.030160076806840852
RQ3,baseline,d_c12,d_fuel,False,5,shock,-0.07334558146510463,0.07677723216641621,-0.19963289026132958,0.052941727331120306,86,1,-0.04780745402234543
RQ3,baseline,d_c12,d_fuel,False,6,shock,0.01659303930555937,0.06696514726566948,-0.09355482605371652,0.12674090466483526,85,1,-0.06995452462422835
RQ3,baseline,d_c12,d_fuel,False,7,shock,0.10083941618374026,0.10777945229852558,-0.07644200684033273,0.2781208392078133,84,1,-0.0945437400716247
RQ3,baseline,d_c12,d_fuel,False,8,shock,-0.09088490583800148,0.06569551085930839,-0.1989444051493647,0.017174593473361754,83,1,-0.10351230573618242
RQ3,baseline,d_c12,d_fuel,False,9,shock,0.01587270801518509,0.05651478543739075,-0.07708584178789132,0.1088312578182615,82,1,-0.11435726128043222
RQ3,baseline,d_c12,d_fuel,False,10,shock,0.2795298098006954,0.16127993296738313,0.014247927104804936,0.5448116924965859,81,1,-0.11057014107777441
RQ3,baseline,d_c12,d_fuel,False,11,shock,0.08049842061980861,0.09647157476297255,-0.07818319902678691,0.23918004026640413,80,1,-0.03250580650410351
RQ3,baseline,d_c12,d_fuel,False,12,shock,-0.550603434365182,0.3441656464995713,-1.1167055462821,0.015498677551736173,79,1,-0.0368999967414676
RQ3,baseline,d_c12,d_fuel,True,0,shock,-0.05706982331322311,0.05469835709167946,-0.14704061436375884,0.032900967737312624,91,1,0.00986062419088063
RQ3,baseline,d_c12,d_fuel,True,1,shock,-0.03230967234521692,0.050524923614660815,-0.11541577620423785,0.050796431513804,90,1,0.0590476865541153
RQ3,baseline,d_c12,d_fuel,True,2,shock,-0.006382707384662005,0.06398079377308993,-0.11162174807756314,0.09885633330823915,89,1,0.029201731235254935
RQ3,baseline,d_c12,d_fuel,True,3,shock,-0.00016235420927373373,0.06356565186624416,-0.10471854723100005,0.1043938388124526,88,1,-0.004897328344223961
RQ3,baseline,d_c12,d_fuel,True,4,shock,0.0864436758763055,0.14168333794491295,-0.14660467642097572,0.3194920281735867,87,1,0.0002990962492916971
RQ3,baseline,d_c12,d_fuel,True,5,shock,0.12397306654509502,0.12227861335057155,-0.0771573541231893,0.32510348721337934,86,1,0.05147086605065043
RQ3,baseline,d_c12,d_fuel,True,6,shock,0.1460564210816571,0.1577095109517553,-0.11335264001208054,0.4054654821753947,85,1,0.11981896768549127
RQ3,baseline,d_c12,d_fuel,True,7,shock,0.30263888235320746,0.21270709336899227,-0.04723315165308489,0.6525109163594998,84,1,0.15131471378401007
RQ3,baseline,d_c12,d_fuel,True,8,shock,0.21783232287709908,0.20383446298736874,-0.11744553286538001,0.5531101786195782,83,1,0.1869916793871138
RQ3,baseline,d_c12,d_fuel,True,9,shock,0.3913895528648269,0.20973917284916108,0.046399313690082544,0.7363797920395713,82,1,0.23880377088196159
RQ3,baseline,d_c12,d_fuel,True,10,shock,0.738200154155096,0.30410494600225463,0.2379920307494059,1.238408277560786,81,1,0.33638258118911324
RQ3,baseline,d_c12,d_fuel,True,11,shock,0.8093568700248412,0.3897198994291522,0.1683246799536373,1.4503890600960452,80,1,0.40596694449203874
RQ3,baseline,d_c12,d_fuel,True,12,shock,0.3578887238713425,0.15790206628647832,0.09816293743689686,0.6176145103057882,79,1,0.5072281103745384
RQ3,baseline,d_c13,d_fuel,False,0,shock,0.00010172681185386984,0.001541394546962813,-0.0024336415992811345,0.002637095222988874,308,1,0.26362477322068967
RQ3,baseline,d_c13,d_fuel,False,1,shock,0.0013759667883821432,0.0021258892039578378,-0.0021208097792448843,0.004872743356009171,307,1,0.14695102546950378
RQ3,baseline,d_c13,d_fuel,False,2,shock,0.0016272202052916547,0.001633907477758746,-0.0010603184356029506,0.00431475884618626,306,1,0.10617533130143242
RQ3,baseline,d_c13,d_fuel,False,3,shock,-1.4406890066522114e-05,0.0023243599696240757,-0.0038376388164434966,0.0038088250363104525,305,1,0.10240896075753891
RQ3,baseline,d_c13,d_fuel,False,4,shock,0.0030784238240561647,0.00219553927242311,-0.0005329169113033839,0.006689764559415713,304,1,0.0989401199919615
RQ3,baseline,d_c13,d_fuel,False,5,shock,0.003106308459313363,0.0023732001695126953,-0.0007972584469914429,0.007009875365618168,303,1,0.09858696174734105
RQ3,baseline,d_c13,d_fuel,False,6,shock,0.0029050379700447703,0.0022460975915318255,-0.0007894637998733193,0.00659953973996286,302,1,0.07826770528351368
RQ3,baseline,d_c13,d_fuel,False,7,shock,0.0058164971644793706,0.002533457601041929,0.0016493302406777773,0.009983664088280964,301,1,0.07541919425396149
RQ3,baseline,d_c13,d_fuel,False,8,shock,-0.0010220866165777842,0.002587485762897311,-0.005278121958364723,0.003233948725209155,300,1,0.08166997397172837
RQ3,baseline,d_c13,d_fuel,False,9,shock,0.006758008935568953,0.002300189042055624,0.0029745346470697277,0.010541483224068178,299,1,0.0971249415119988
RQ3,baseline,d_c13,d_fuel,False,10,shock,0.0016463613590513803,0.0029531722099088572,-0.0032111746614294978,0.006503897379532259,298,1,0.09575199357722475
RQ3,baseline,d_c13,d_fuel,False,11,shock,-0.0003157213662783883,0.0026128857421806556,-0.004613535956114029,0.0039820932235572525,297,1,0.09776193036255731
RQ3,baseline,d_c13,d_fuel,False,12,shock,0.004333805756396901,0.0029055652957022298,-0.00044542385858323784,0.00911303537137704,296,1,0.07538878064152676
RQ3,baseline,d_c13,d_fuel,True,0,shock,0.00010172681185386984,0.001541394546962813,-0.0024336415992811345,0.002637095222988874,308,1,0.26362477322068967
RQ3,baseline,d_c13,d_fuel,True,1,shock,0.0015233271336760122,0.0027660336105326715,-0.0030263932828783285,0.006073047550230352,307,1,0.2882846664123674
RQ3,baseline,d_c13,d_fuel,True,2,shock,0.0031644086958032085,0.0030205348359688437,-0.0018039289844734145,0.008132746376079832,306,1,0.269544351588176
RQ3,baseline,d_c13,d_fuel,True,3,shock,0.004413746465529015,0.004553435690826747,-0.0030759887456176423,0.011903481676675673,305,1,0.27184037915381576
RQ3,baseline,d_c13,d_fuel,True,4,shock,0.0066009793296128785,0.004742770697928536,-0.0012001842546740388,0.014402142913899796,304,1,0.2664795009897988
RQ3,baseline,d_c13,d_fuel,True,5,shock,0.008962399179926262,0.00553650372153673,-0.00014433904707375142,0.018069137406926276,303,1,0.26930704649082615
RQ3,baseline,d_c13,d_fuel,True,6,shock,0.009623786354356376,0.006613017359825487,-0.0012536592350456243,0.02050123194375838,302,1,0.2613058109981009
RQ3,baseline,d_c13,d_fuel,True,7,shock,0.018100584969197978,0.007253477496711366,0.006169676200721402,0.030031493737674553,301,1,0.25925916615096156
RQ3,baseline,d_c13,d_fuel,True,8,shock,0.015566113159633022,0.007404112321628622,0.0033874321530460976,0.027744794166219944,300,1,0.25966930119234943
RQ3,baseline,d_c13,d_fuel,True,9,shock,0.02208779020583721,0.007711691045459956,0.009403187219783213,0.03477239319189121,299,1,0.2640023643730366
RQ3,baseline,d_c13,d_fuel,True,10,shock,0.022378276955248678,0.008749271511921505,0.0079870059756814,0.03676954793481595,298,1,0.27828556793386816
RQ3,baseline,d_c13,d_fuel,True,11,shock,0.023738228464497517,0.008625595878635572,0.009550385798906125,0.03792607113008891,297,1,0.2966595280401053
RQ3,baseline,d_c13,d_fuel,True,12,shock,0.024930354123242137,0.009137835809827662,0.009899951748960065,0.03996075649752421,296,1,0.3089835952276929
RQ3b,2013- all-income,d_c01,d_fuel,False,0,shock,0.021997899362899306,0.014057072789167227,-0.0011239277986832552,0.04511972652448187,164,1,0.1919145494769645
RQ3b,2013- all-income,d_c01,d_fuel,False,1,shock,0.025243181179562663,0.01416719957468418,0.0019402115753980355,0.04854615078372729,163,1,0.0920884604066261
RQ3b,2013- all-income,d_c01,d_fuel,False,2,shock,-0.019344589276714147,0.013103701908056238,-0.04089826088667138,0.0022090823332430835,162,1,0.10331136136411811
RQ3b,2013- all-income,d_c01,d_fuel,False,3,shock,0.02070977997215798,0.010159028318569718,0.003999665396055865,0.0374198945482601,161,1,0.08385633011239768
RQ3b,2013- all-income,d_c01,d_fuel,False,4,shock,0.0014582755559392748,0.01556211874605889,-0.024139131906565185,0.027055683018443737,160,1,0.06565659128854817
RQ3b,2013- all-income,d_c01,d_fuel,False,5,shock,0.01930924485545444,0.011912793433652497,-0.000285556631012554,0.03890404634192143,159,1,0.06370447680769964
RQ3b,2013- all-income,d_c01,d_fuel,False,6,shock,0.017723013100658578,0.015107170374324425,-0.007126070882522782,0.04257209708383994,158,1,0.06836688655611012
RQ3b,2013- all-income,d_c01,d_fuel,False,7,shock,0.0027105427026655597,0.017132771405096687,-0.025470358482738195,0.030891443888069317,157,1,0.06557670787601044
RQ3b,2013- all-income,d_c01,d_fuel,False,8,shock,0.024531884344006855,0.010684672395663007,0.006957162201212282,0.04210660648680142,156,1,0.07149779160151337
RQ3b,2013- all-income,d_c01,d_fuel,False,9,shock,-0.04607741770150484,0.021049047505612678,-0.0807000198349857,-0.011454815568023989,155,1,0.08166858584085224
RQ3b,2013- all-income,d_c01,d_fuel,False,10,shock,0.010581253298658288,0.01518594486043476,-0.014397403183712895,0.03555990978102947,154,1,0.1296393487287606
RQ3b,2013- all-income,d_c01,d_fuel,False,11,shock,-0.007464913892412853,0.012466731066797378,-0.027970861703863117,0.013041033919037413,153,1,0.12695346081109382
RQ3b,2013- all-income,d_c01,d_fuel,False,12,shock,-0.008007620896387357,0.012199123407237656,-0.028073393278410817,0.012058151485636104,152,1,0.23509474459527235
RQ3b,2013- all-income,d_c01,d_fuel,True,0,shock,0.021997899362899306,0.014057072789167227,-0.0011239277986832552,0.04511972652448187,164,1,0.1919145494769645
RQ3b,2013- all-income,d_c01,d_fuel,True,1,shock,0.047192244509429576,0.02207429457033014,0.010883261023026856,0.08350122799583229,163,1,0.13449900331374132
RQ3b,2013- all-income,d_c01,d_fuel,True,2,shock,0.021656078385579196,0.016595765037720978,-0.005641525928750588,0.048953682699908976,162,1,0.12967763255584863
RQ3b,2013- all-income,d_c01,d_fuel,True,3,shock,0.0551293936090463,0.022872283625771286,0.01750783493053363,0.09275095228755897,161,1,0.13962072345260512
RQ3b,2013- all-income,d_c01,d_fuel,True,4,shock,0.03543039240907393,0.021158723810594735,0.0006273888075527118,0.07023339601059515,160,1,0.15819064281266637
RQ3b,2013- all-income,d_c01,d_fuel,True,5,shock,0.062239459048663265,0.026074041738046495,0.019351476926553424,0.1051274411707731,159,1,0.16821905943990034
RQ3b,2013- all-income,d_c01,d_fuel,True,6,shock,0.09452381964439358,0.0329760636380759,0.040283021766721876,0.14876461752206527,158,1,0.18672219112370603
RQ3b,2013- all-income,d_c01,d_fuel,True,7,shock,0.08732383665557963,0.030588228037018723,0.037010678826870674,0.1376369944842886,157,1,0.20939836046947558
RQ3b,2013- all-income,d_c01,d_fuel,True,8,shock,0.11229759855739249,0.029275303380177364,0.06414400961240306,0.1604511875023819,156,1,0.22897389589393502
RQ3b,2013- all-income,d_c01,d_fuel,True,9,shock,0.06808029676373387,0.0389247088395871,0.004054848250909002,0.13210574527655872,155,1,0.23306975302187505
RQ3b,2013- all-income,d_c01,d_fuel,True,10,shock,0.075355830342927,0.035089315712549154,0.017639042125895246,0.13307261855995878,154,1,0.25814977763990754
RQ3b,2013- all-income,d_c01,d_fuel,True,11,shock,0.06692203654018894,0.03157134507083166,0.014991795092695,0.11885227798768289,153,1,0.28739405618548397
RQ3b,2013- all-income,d_c01,d_fuel,True,12,shock,0.05485365795922568,0.033309079300921064,6.509806069145835e-05,0.1096422178577599,152,1,0.30215906005755433
RQ3b,2013- bottom 30%,d_b30_c01,d_fuel,False,0,shock,0.030288519183223256,0.016303312034059922,0.0034719572526782094,0.0571050811137683,163,1,0.11463661998120422
RQ3b,2013- bottom 30%,d_b30_c01,d_fuel,False,1,shock,0.032322621593774976,0.017917243368304175,0.0028513788544476427,0.061793864333102314,162,1,-0.0030611854845570274
RQ3b,2013- bottom 30%,d_b30_c01,d_fuel,False,2,shock,-0.017864174767288632,0.014615851170488591,-0.04190511057604971,0.006176761041472446,161,1,0.018368901057695064
RQ3b,2013- bottom 30%,d_b30_c01,d_fuel,False,3,shock,0.019014028153465944,0.011558068746184622,2.6968557497140944e-06,0.03802535945118217,160,1,0.03589428313962151
RQ3b,2013- bottom 30%,d_b30_c01,d_fuel,False,4,shock,0.0051886748831479,0.016273679995508692,-0.02157914668131219,0.03195649644760799,159,1,0.02467973345083385
RQ3b,2013- bottom 30%,d_b30_c01,d_fuel,False,5,shock,0.011142569414081031,0.013356211523870202,-0.01082644355328792,0.03311158238144998,158,1,0.022566991189461705
RQ3b,2013- bottom 30%,d_b30_c01,d_fuel,False,6,shock,0.013252498683006288,0.016359809902896226,-0.01365699397200918,0.04016199133802176,157,1,0.022203691821662597
RQ3b,2013- bottom 30%,d_b30_c01,d_fuel,False,7,shock,0.00605411337748922,0.014724042378083307,-0.018164781131488287,0.030273007886466727,156,1,0.03397625660889403
RQ3b,2013- bottom 30%,d_b30_c01,d_fuel,False,8,shock,0.033425130658302375,0.011115038520329088,0.01514251923443375,0.051707742082171,155,1,0.039362013480321756
RQ3b,2013- bottom 30%,d_b30_c01,d_fuel,False,9,shock,-0.04008385498666979,0.019905288572017777,-0.07282514108986893,-0.0073425688834706584,154,1,0.011148448841361458
RQ3b,2013- bottom 30%,d_b30_c01,d_fuel,False,10,shock,0.015535006191333895,0.018212089522066204,-0.014421215313401603,0.04549122769606939,153,1,0.08870545370175864
RQ3b,2013- bottom 30%,d_b30_c01,d_fuel,False,11,shock,-0.009573943449470846,0.013727908384181082,-0.03215434334564862,0.01300645644670693,152,1,0.08882785509129176
RQ3b,2013- bottom 30%,d_b30_c01,d_fuel,False,12,shock,-0.005560435655805585,0.013756319805498024,-0.02818756818138338,0.01706669686977221,151,1,0.12530943840756303
RQ3b,2013- bottom 30%,d_b30_c01,d_fuel,True,0,shock,0.030288519183223256,0.016303312034059922,0.0034719572526782094,0.0571050811137683,163,1,0.11463661998120422
RQ3b,2013- bottom 30%,d_b30_c01,d_fuel,True,1,shock,0.0626429207680893,0.028226468659168502,0.016214511418023936,0.10907133011815467,162,1,0.07174424529594647
RQ3b,2013- bottom 30%,d_b30_c01,d_fuel,True,2,shock,0.027138449090070706,0.02310565241174525,-0.010866967082468499,0.06514386526260992,161,1,0.07165158527641746
RQ3b,2013- bottom 30%,d_b30_c01,d_fuel,True,3,shock,0.07316059906801284,0.030698367792977962,0.022666277462242777,0.12365492067378289,160,1,0.0756049439015467
RQ3b,2013- bottom 30%,d_b30_c01,d_fuel,True,4,shock,0.04690656046923716,0.025191649653216793,0.0054699841682527214,0.0883431367702216,159,1,0.10300006415293939
RQ3b,2013- bottom 30%,d_b30_c01,d_fuel,True,5,shock,0.06426512430363879,0.028562766435142252,0.01728355433702728,0.1112466942702503,158,1,0.08988831424870758
RQ3b,2013- bottom 30%,d_b30_c01,d_fuel,True,6,shock,0.0818652046506034,0.03785644396447027,0.01959689549215931,0.1441335138090475,157,1,0.09827456753581543
RQ3b,2013- bottom 30%,d_b30_c01,d_fuel,True,7,shock,0.08173945363577334,0.034035412435134096,0.025756182047053787,0.1377227252244929,156,1,0.10659887567297754
RQ3b,2013- bottom 30%,d_b30_c01,d_fuel,True,8,shock,0.1159122539240117,0.0355742148187036,0.05739787765351627,0.1744266301945071,155,1,0.10615129502798581
RQ3b,2013- bottom 30%,d_b30_c01,d_fuel,True,9,shock,0.07358642618805408,0.04187245680964634,0.004712363735338426,0.14246048864076974,154,1,0.10601638034305871
RQ3b,2013- bottom 30%,d_b30_c01,d_fuel,True,10,shock,0.08569822903446314,0.03875909051205204,0.021945198428373947,0.14945125964055234,153,1,0.1231197728961253
RQ3b,2013- bottom 30%,d_b30_c01,d_fuel,True,11,shock,0.0803179721779324,0.035264077305001015,0.02231372672170439,0.13832221763416042,152,1,0.1388856724513411
RQ3b,2013- bottom 30%,d_b30_c01,d_fuel,True,12,shock,0.06679464614065295,0.03698111134332668,0.00596613101888583,0.12762316126242007,151,1,0.1435438216329007
RQ3b,2013- all-income,d_c04,d_fuel,False,0,shock,0.03326777818283583,0.00764953883837225,0.02068540648003308,0.045850149885638576,164,1,0.2908938316591949
RQ3b,2013- all-income,d_c04,d_fuel,False,1,shock,0.04986565733712371,0.0181469990653743,0.020016500106157818,0.0797148145680896,163,1,0.21993025000343613
RQ3b,2013- all-income,d_c04,d_fuel,False,2,shock,-0.023449608396765232,0.01383601195739596,-0.04620782284743191,-0.0006913939460985487,162,1,0.2122847104567399
RQ3b,2013- all-income,d_c04,d_fuel,False,3,shock,0.0038942331168465415,0.014145751821356318,-0.019373458072466793,0.027161924306159872,161,1,0.17247922961768591
RQ3b,2013- all-income,d_c04,d_fuel,False,4,shock,-0.0051489436882104864,0.014510830201186226,-0.02901713537470861,0.01871924799828764,160,1,0.12947087798139434
RQ3b,2013- all-income,d_c04,d_fuel,False,5,shock,0.02183584279585147,0.013168099094638027,0.0001762472399797141,0.043495438351723224,159,1,0.12283846215968963
RQ3b,2013- all-income,d_c04,d_fuel,False,6,shock,0.0055921115400251195,0.01065225001305964,-0.011929280529149898,0.023113503609200135,158,1,0.11624202765702396
RQ3b,2013- all-income,d_c04,d_fuel,False,7,shock,0.014765955506753591,0.011239261530733579,-0.0037209845863296898,0.03325289559983687,157,1,0.1084856095279012
RQ3b,2013- all-income,d_c04,d_fuel,False,8,shock,0.012709326775558373,0.0099131279862289,-0.0035963177470243763,0.029014971298141123,156,1,0.12730945192111576
RQ3b,2013- all-income,d_c04,d_fuel,False,9,shock,0.014672535705048095,0.010566606809713776,-0.002707985830479735,0.03205305724057592,155,1,0.12626065705312706
RQ3b,2013- all-income,d_c04,d_fuel,False,10,shock,0.01676925158139806,0.013253912225913636,-0.005031494014692443,0.03856999717748856,154,1,0.12346665664246359
RQ3b,2013- all-income,d_c04,d_fuel,False,11,shock,0.0034845162758855054,0.014103277588370102,-0.019713311017248467,0.026682343569019478,153,1,0.15524742818761106
RQ3b,2013- all-income,d_c04,d_fuel,False,12,shock,0.009836177974433848,0.010298084881744251,-0.007102664293957308,0.026775020242825003,152,1,0.1637361017524055
RQ3b,2013- all-income,d_c04,d_fuel,True,0,shock,0.03326777818283583,0.00764953883837225,0.02068540648003308,0.045850149885638576,164,1,0.2908938316591949
RQ3b,2013- all-income,d_c04,d_fuel,True,1,shock,0.08331813503533084,0.020595599341499366,0.049441388759226254,0.11719488131143542,163,1,0.3999700616387679
RQ3b,2013- all-income,d_c04,d_fuel,True,2,shock,0.049733376252539145,0.013079209518816505,0.028219991037855597,0.0712467614672227,162,1,0.46045414215938063
RQ3b,2013- all-income,d_c04,d_fuel,True,3,shock,0.0643906542891662,0.024684127541413203,0.023788877574539964,0.10499243100379244,161,1,0.5386091981689574
RQ3b,2013- all-income,d_c04,d_fuel,True,4,shock,0.06544671860205337,0.017634958997530478,0.03643979233382486,0.09445364487028188,160,1,0.6090189873656826
RQ3b,2013- all-income,d_c04,d_fuel,True,5,shock,0.07739071203237653,0.020404834799786664,0.04382774550460182,0.11095367856015124,159,1,0.6472742187685159
RQ3b,2013- all-income,d_c04,d_fuel,True,6,shock,0.06234129363429203,0.017415993052629055,0.03369453429471349,0.09098805297387057,158,1,0.6800815078364015
RQ3b,2013- all-income,d_c04,d_fuel,True,7,shock,0.09041378713993634,0.017118806615496397,0.062255855989356235,0.11857171829051644,157,1,0.7082910363538829
RQ3b,2013- all-income,d_c04,d_fuel,True,8,shock,0.09529540790324492,0.014060246072170553,0.072168361155605,0.11842245465088484,156,1,0.7327178878622436
RQ3b,2013- all-income,d_c04,d_fuel,True,9,shock,0.1065490147834055,0.013484086197309359,0.08436966669563492,0.1287283628711761,155,1,0.7519775707427592
RQ3b,2013- all-income,d_c04,d_fuel,True,10,shock,0.12301553034495132,0.016918374767012436,0.09518728024730665,0.150843780442596,154,1,0.7667529357449239
RQ3b,2013- all-income,d_c04,d_fuel,True,11,shock,0.13125374657267191,0.015570861619973928,0.10564195836229832,0.1568655347830455,153,1,0.7825006546947445
RQ3b,2013- all-income,d_c04,d_fuel,True,12,shock,0.14186300811075728,0.016614543126144844,0.11453451658957628,0.16919149963193827,152,1,0.7946937054498223
RQ3b,2013- bottom 30%,d_b30_c04,d_fuel,False,0,shock,0.036028073979318447,0.01125060226142589,0.017522480044223635,0.05453366791441326,163,1,0.39908080720622285
RQ3b,2013- bottom 30%,d_b30_c04,d_fuel,False,1,shock,0.065492590400168,0.02108723540366538,0.030807174764069502,0.1001780060362665,162,1,0.339604707606032
RQ3b,2013- bottom 30%,d_b30_c04,d_fuel,False,2,shock,-0.027583552361047682,0.01584140549695401,-0.05364034564872147,-0.0015267590733738928,161,1,0.3346798698026324
RQ3b,2013- bottom 30%,d_b30_c04,d_fuel,False,3,shock,0.018950698637697508,0.014468024281117176,-0.004847083575920046,0.042748480851315065,160,1,0.33478398530899933
RQ3b,2013- bottom 30%,d_b30_c04,d_fuel,False,4,shock,0.0052118546402412135,0.014010591122894883,-0.017833516983986535,0.02825722626446896,159,1,0.3351347398888611
RQ3b,2013- bottom 30%,d_b30_c04,d_fuel,False,5,shock,0.027444868078668458,0.009346242154697879,0.01207166777214691,0.042818068385190006,158,1,0.3457607501621377
RQ3b,2013- bottom 30%,d_b30_c04,d_fuel,False,6,shock,0.02318074073289969,0.011330460732026202,0.004543791302795159,0.041817690163004226,157,1,0.3524657378800996
RQ3b,2013- bottom 30%,d_b30_c04,d_fuel,False,7,shock,0.009088231368995132,0.01006328978910144,-0.007464407339672088,0.025640870077662352,156,1,0.3460894097913112
RQ3b,2013- bottom 30%,d_b30_c04,d_fuel,False,8,shock,0.024389509216288945,0.010554335521228218,0.007029172154133952,0.04174984627844394,155,1,0.36085321911454926
RQ3b,2013- bottom 30%,d_b30_c04,d_fuel,False,9,shock,0.003910221716495771,0.011954494446555969,-0.015753171832293047,0.02357361526528459,154,1,0.37396821910804756
RQ3b,2013- bottom 30%,d_b30_c04,d_fuel,False,10,shock,0.03790710062961968,0.011958854805222017,0.018236534929064206,0.05757766633017516,153,1,0.37515697243310664
RQ3b,2013- bottom 30%,d_b30_c04,d_fuel,False,11,shock,-0.0192915953845288,0.011012596345545848,-0.037405704425652414,-0.0011774863434051812,152,1,0.36432239022968105
RQ3b,2013- bottom 30%,d_b30_c04,d_fuel,False,12,shock,0.01714972480626922,0.00853916128424891,0.0031040543967488076,0.03119539521578963,151,1,0.36094620126523447
RQ3b,2013- bottom 30%,d_b30_c04,d_fuel,True,0,shock,0.036028073979318447,0.01125060226142589,0.017522480044223635,0.05453366791441326,163,1,0.39908080720622285
RQ3b,2013- bottom 30%,d_b30_c04,d_fuel,True,1,shock,0.10235380802252671,0.027241072002157092,0.05754623193773241,0.147161384107321,162,1,0.4790543325901062
RQ3b,2013- bottom 30%,d_b30_c04,d_fuel,True,2,shock,0.06630761551013835,0.01927681548419344,0.03460007564488847,0.09801515537538823,161,1,0.5043373620819773
RQ3b,2013- bottom 30%,d_b30_c04,d_fuel,True,3,shock,0.09532702300546138,0.02962725812814093,0.04659452001676129,0.14405952599416147,160,1,0.5453691814319634
RQ3b,2013- bottom 30%,d_b30_c04,d_fuel,True,4,shock,0.08620068183794571,0.019574865530251718,0.05400289327342382,0.1183984704024676,159,1,0.603291153100308
RQ3b,2013- bottom 30%,d_b30_c04,d_fuel,True,5,shock,0.10591490897561194,0.022703935717860925,0.06857025796401532,0.14325955998720857,158,1,0.6301985207064996
RQ3b,2013- bottom 30%,d_b30_c04,d_fuel,True,6,shock,0.11283349924341231,0.030330270788347158,0.0629446433307792,0.1627223551560454,157,1,0.6469125864505632
RQ3b,2013- bottom 30%,d_b30_c04,d_fuel,True,7,shock,0.13216167132086365,0.029174094820645972,0.08417455564209797,0.18014878699962933,156,1,0.6655650778502211
RQ3b,2013- bottom 30%,d_b30_c04,d_fuel,True,8,shock,0.14869336125644228,0.03154120037087902,0.0968127034279988,0.20057401908488576,155,1,0.6729611342969493
RQ3b,2013- bottom 30%,d_b30_c04,d_fuel,True,9,shock,0.15227426530898858,0.03710857180968337,0.09123609637684174,0.2133124342411354,154,1,0.6776494415718745
RQ3b,2013- bottom 30%,d_b30_c04,d_fuel,True,10,shock,0.1838367153120851,0.038213448902855995,0.12098118528589766,0.24669224533827253,153,1,0.6817550431718736
RQ3b,2013- bottom 30%,d_b30_c04,d_fuel,True,11,shock,0.1741655879840422,0.040487464486641096,0.10756963517712166,0.24076154079096274,152,1,0.6879710300672157
RQ3b,2013- bottom 30%,d_b30_c04,d_fuel,True,12,shock,0.18182419816183043,0.03801531862320623,0.11929456344473381,0.24435383287892704,151,1,0.6943915854877496
RQ3b,2013- all-income,d_c07,d_fuel,False,0,shock,0.27947339691198125,0.010517121061275829,0.262174272189254,0.2967725216347085,164,1,0.8967365942678098
RQ3b,2013- all-income,d_c07,d_fuel,False,1,shock,0.15914761738952232,0.03351757161760492,0.10401611814769915,0.2142791166313455,163,1,0.20639466890364255
RQ3b,2013- all-income,d_c07,d_fuel,False,2,shock,-0.12608096612117958,0.05622877850392059,-0.21856907638240436,-0.03359285585995482,162,1,0.21213410383422127
RQ3b,2013- all-income,d_c07,d_fuel,False,3,shock,0.02161215737633777,0.039430893958673593,-0.043245891565525385,0.08647020631820093,161,1,0.2068255215523115
RQ3b,2013- all-income,d_c07,d_fuel,False,4,shock,-0.030363860821511265,0.04018050885544598,-0.09645491654514733,0.035727194902124795,160,1,0.20788955545127596
RQ3b,2013- all-income,d_c07,d_fuel,False,5,shock,0.03171676891605921,0.0350402169502143,-0.025919259023667242,0.08935279685578565,159,1,0.21438342959802714
RQ3b,2013- all-income,d_c07,d_fuel,False,6,shock,-0.01790094029345863,0.026879147794736085,-0.062113204032994945,0.026311323446077686,158,1,0.23340914490754727
RQ3b,2013- all-income,d_c07,d_fuel,False,7,shock,0.012068362119492594,0.021198601588465135,-0.022800234589593522,0.04693695882857871,157,1,0.21513056400612807
RQ3b,2013- all-income,d_c07,d_fuel,False,8,shock,0.01209606065824151,0.04117764720430329,-0.055635141695084905,0.07982726301156792,156,1,0.21822253921220403
RQ3b,2013- all-income,d_c07,d_fuel,False,9,shock,0.012398253501273153,0.04322205992733503,-0.058695708534517756,0.08349221553706407,155,1,0.23168970414393097
RQ3b,2013- all-income,d_c07,d_fuel,False,10,shock,0.007563960213142342,0.028044266897322555,-0.03856475390811377,0.05369267433439846,154,1,0.242766488931071
RQ3b,2013- all-income,d_c07,d_fuel,False,11,shock,-0.03677266378255953,0.028676376905151266,-0.08394110634282502,0.010395778777705963,153,1,0.23164600379128542
RQ3b,2013- all-income,d_c07,d_fuel,False,12,shock,0.028216329872461726,0.034184878665457975,-0.028012791787312828,0.08444545153223629,152,1,0.2295459399934039
RQ3b,2013- all-income,d_c07,d_fuel,True,0,shock,0.27947339691198125,0.010517121061275829,0.262174272189254,0.2967725216347085,164,1,0.8967365942678098
RQ3b,2013- all-income,d_c07,d_fuel,True,1,shock,0.43869147003335723,0.03366399437343915,0.38331912679053187,0.4940638132761826,163,1,0.7006962046531459
RQ3b,2013- all-income,d_c07,d_fuel,True,2,shock,0.1902915273207302,0.046620031580930664,0.11360839928624424,0.2669746553552162,162,1,0.7526439860429872
RQ3b,2013- all-income,d_c07,d_fuel,True,3,shock,0.3195287985815564,0.0468750441394192,0.2424262122153224,0.39663138494779043,161,1,0.7602575081232378
RQ3b,2013- all-income,d_c07,d_fuel,True,4,shock,0.26295649855859315,0.03860703678709616,0.19945357407348913,0.3264594230436972,160,1,0.753012775934163
RQ3b,2013- all-income,d_c07,d_fuel,True,5,shock,0.30880697117855915,0.045944417314672456,0.23323512972034816,0.38437881263677015,159,1,0.7646307976497996
RQ3b,2013- all-income,d_c07,d_fuel,True,6,shock,0.25483730068642446,0.05075152804894542,0.1713584657017872,0.3383161356710617,158,1,0.7548015570818247
RQ3b,2013- all-income,d_c07,d_fuel,True,7,shock,0.28774052645009546,0.04865410409892955,0.2077116468568967,0.3677694060432942,157,1,0.7643737012058014
RQ3b,2013- all-income,d_c07,d_fuel,True,8,shock,0.29001602169287033,0.06185852076278397,0.18826780945835217,0.39176423392738846,156,1,0.7677306472261264
RQ3b,2013- all-income,d_c07,d_fuel,True,9,shock,0.27589611928281393,0.05718077309807872,0.18184211726055,0.3699501213050779,155,1,0.771898851966942
RQ3b,2013- all-income,d_c07,d_fuel,True,10,shock,0.28639962035436023,0.0617033093859705,0.18490670811593785,0.3878925325927826,154,1,0.7766103870670161
RQ3b,2013- all-income,d_c07,d_fuel,True,11,shock,0.24336892845921013,0.05041541344620535,0.16044295279796122,0.32629490412045903,153,1,0.7832057635682734
RQ3b,2013- all-income,d_c07,d_fuel,True,12,shock,0.2999983882606204,0.05119958716069185,0.2157825616209384,0.38421421490030244,152,1,0.7845232319581217
RQ3b,2013- bottom 30%,d_b30_c07,d_fuel,False,0,shock,0.2296444734382014,0.013820991351067312,0.2069109656863334,0.2523779811900694,163,1,0.7152225452131205
RQ3b,2013- bottom 30%,d_b30_c07,d_fuel,False,1,shock,0.15737086217857682,0.04148410113774846,0.08913558796132957,0.22560613639582405,162,1,0.22215285124717588
RQ3b,2013- bottom 30%,d_b30_c07,d_fuel,False,2,shock,-0.09486594980062443,0.05099662457984183,-0.1787479327030599,-0.010983966898188993,161,1,0.2232142228082209
RQ3b,2013- bottom 30%,d_b30_c07,d_fuel,False,3,shock,0.018148705157501145,0.040285043617301994,-0.048114294948316295,0.08441170526331859,160,1,0.21412385861472838
RQ3b,2013- bottom 30%,d_b30_c07,d_fuel,False,4,shock,-0.04015076538680245,0.03763639922713629,-0.10205713316095116,0.021755602387346265,159,1,0.21142859786471924
RQ3b,2013- bottom 30%,d_b30_c07,d_fuel,False,5,shock,0.016571389641214435,0.0411141643066234,-0.05105539263761383,0.0841981719200427,158,1,0.20335383168677734
RQ3b,2013- bottom 30%,d_b30_c07,d_fuel,False,6,shock,-0.010047036204987026,0.025286728506752155,-0.05164000330305549,0.03154593089308144,157,1,0.22268013711726165
RQ3b,2013- bottom 30%,d_b30_c07,d_fuel,False,7,shock,-0.0030895386017109287,0.02544146121647867,-0.044937018358581084,0.03875794115515923,156,1,0.21536249215713776
RQ3b,2013- bottom 30%,d_b30_c07,d_fuel,False,8,shock,0.007564970410615112,0.039436003502851674,-0.05730148298352142,0.07243142380475165,155,1,0.22200619523249998
RQ3b,2013- bottom 30%,d_b30_c07,d_fuel,False,9,shock,-0.006413925092795704,0.0390843184422379,-0.07070190803943703,0.057874057853845626,154,1,0.24602627930132814
RQ3b,2013- bottom 30%,d_b30_c07,d_fuel,False,10,shock,0.02818412714944342,0.029761095378901255,-0.020768518526591007,0.07713677282547785,153,1,0.24089237345304837
RQ3b,2013- bottom 30%,d_b30_c07,d_fuel,False,11,shock,-0.034992296724385516,0.02970307140908327,-0.08384950146321471,0.01386490801444367,152,1,0.23680715094318971
RQ3b,2013- bottom 30%,d_b30_c07,d_fuel,False,12,shock,0.00013351538538081782,0.0348277901223948,-0.05715310151614492,0.05742013228690656,151,1,0.24159013555630948
RQ3b,2013- bottom 30%,d_b30_c07,d_fuel,True,0,shock,0.2296444734382014,0.013820991351067312,0.2069109656863334,0.2523779811900694,163,1,0.7152225452131205
RQ3b,2013- bottom 30%,d_b30_c07,d_fuel,True,1,shock,0.387382355672757,0.04209816370486332,0.3181370384148157,0.4566276729306982,162,1,0.6373288054456197
RQ3b,2013- bottom 30%,d_b30_c07,d_fuel,True,2,shock,0.20683669559947324,0.043100001984957004,0.13594350101290106,0.27772989018604544,161,1,0.6354625494708916
RQ3b,2013- bottom 30%,d_b30_c07,d_fuel,True,3,shock,0.30856186863620344,0.061057933493816774,0.20813050527473714,0.40899323199766974,160,1,0.6056701514317169
RQ3b,2013- bottom 30%,d_b30_c07,d_fuel,True,4,shock,0.2569470290052669,0.046955266761084934,0.17971248816882243,0.3341815698417113,159,1,0.55010483512935
RQ3b,2013- bottom 30%,d_b30_c07,d_fuel,True,5,shock,0.2556438685295545,0.06133357172291433,0.15475912062723063,0.3565286164318784,158,1,0.5315321340444772
RQ3b,2013- bottom 30%,d_b30_c07,d_fuel,True,6,shock,0.17779747975102214,0.06535501762005767,0.0702980419791929,0.28529691752285136,157,1,0.4849468919436165
RQ3b,2013- bottom 30%,d_b30_c07,d_fuel,True,7,shock,0.21584508271367753,0.06360101695836116,0.11123071929191508,0.32045944613544,156,1,0.46784011048537677
RQ3b,2013- bottom 30%,d_b30_c07,d_fuel,True,8,shock,0.20878948506110617,0.07545489670225555,0.08467722454915246,0.3329017455730599,155,1,0.4516555499078685
RQ3b,2013- bottom 30%,d_b30_c07,d_fuel,True,9,shock,0.1808490718427219,0.07424300764960179,0.0587301914344885,0.3029679522509553,154,1,0.44492495632305573
RQ3b,2013- bottom 30%,d_b30_c07,d_fuel,True,10,shock,0.20239023098702213,0.08594166629199756,0.06102876948037686,0.34375169249366744,153,1,0.44417315463489204
RQ3b,2013- bottom 30%,d_b30_c07,d_fuel,True,11,shock,0.17911950963794238,0.07727248088836522,0.052017589185176516,0.30622143009070824,152,1,0.44189784733358384
RQ3b,2013- bottom 30%,d_b30_c07,d_fuel,True,12,shock,0.19627238370783157,0.07793269206559639,0.06808451250564312,0.32446025491002,151,1,0.42892362932549266
RQ3b,2013- all-income,d_c11,d_fuel,False,0,shock,-0.0006281316387479479,0.0035102818053215257,-0.006402031397852821,0.005145768120356926,164,1,0.28851378437303976
RQ3b,2013- all-income,d_c11,d_fuel,False,1,shock,0.005746305663258728,0.004029293491825475,-0.0008812923508223673,0.012373903677339822,163,1,0.2476540029090304
RQ3b,2013- all-income,d_c11,d_fuel,False,2,shock,0.0005102920527247671,0.004553202756008103,-0.0069790600147406,0.007999644120190134,162,1,0.20800140540460332
RQ3b,2013- all-income,d_c11,d_fuel,False,3,shock,-0.0018687237262993023,0.003548628099177534,-0.007705697525933378,0.003968250073334774,161,1,0.17967636897691086
RQ3b,2013- all-income,d_c11,d_fuel,False,4,shock,0.001898100379680666,0.004517004947431826,-0.005531711591060318,0.00932791235042165,160,1,0.17131241305511047
RQ3b,2013- all-income,d_c11,d_fuel,False,5,shock,0.0046395887945729205,0.0042345273290877936,-0.002325588841102267,0.011604766430248107,159,1,0.1546027243489766
RQ3b,2013- all-income,d_c11,d_fuel,False,6,shock,0.005224851177149036,0.004386136326000779,-0.00198970106697695,0.012439403421275022,158,1,0.16729340028122042
RQ3b,2013- all-income,d_c11,d_fuel,False,7,shock,0.012577033556419849,0.005109560852908165,0.0041725538553845955,0.020981513257455103,157,1,0.15546943568440497
RQ3b,2013- all-income,d_c11,d_fuel,False,8,shock,-0.004966804424869399,0.005595396296134348,-0.014170412316796815,0.004236803467058017,156,1,0.17770284233503786
RQ3b,2013- all-income,d_c11,d_fuel,False,9,shock,0.008412496322679845,0.005336850029916904,-0.00036584080552504693,0.017190833450884735,155,1,0.18372300883832393
RQ3b,2013- all-income,d_c11,d_fuel,False,10,shock,-0.0017415473003764403,0.004005345067024812,-0.00832975366106439,0.00484665906031151,154,1,0.19607730702299442
RQ3b,2013- all-income,d_c11,d_fuel,False,11,shock,0.004116384936977484,0.005171267938755321,-0.00438959388802207,0.012622363761977038,153,1,0.2602218268065316
RQ3b,2013- all-income,d_c11,d_fuel,False,12,shock,0.009769484277321638,0.0049640430371155455,0.0016043600833789314,0.017934608471264345,152,1,0.28575099698150497
RQ3b,2013- all-income,d_c11,d_fuel,True,0,shock,-0.0006281316387479479,0.0035102818053215257,-0.006402031397852821,0.005145768120356926,164,1,0.28851378437303976
RQ3b,2013- all-income,d_c11,d_fuel,True,1,shock,0.005380591085871581,0.006192639651004873,-0.004805394704487284,0.015566576876230446,163,1,0.3809144607715257
RQ3b,2013- all-income,d_c11,d_fuel,True,2,shock,0.004212673045504749,0.007114736830261207,-0.007490027634555618,0.01591537372556512,162,1,0.412071505299905
RQ3b,2013- all-income,d_c11,d_fuel,True,3,shock,0.01403187931931949,0.01164487900787553,-0.005122242152195639,0.03318600079083462,161,1,0.4427462963185924
RQ3b,2013- all-income,d_c11,d_fuel,True,4,shock,0.009641084511143174,0.012859163135365602,-0.011510356611623602,0.03079252563390995,160,1,0.4482909185207773
RQ3b,2013- all-income,d_c11,d_fuel,True,5,shock,0.01877744111286373,0.014581784501969695,-0.0052074600126258905,0.04276234223835335,159,1,0.4327328244816455
RQ3b,2013- all-income,d_c11,d_fuel,True,6,shock,0.025849173914993834,0.016402806425830075,-0.00113104172671568,0.05282938955670335,158,1,0.4246902159252095
RQ3b,2013- all-income,d_c11,d_fuel,True,7,shock,0.036987701412616314,0.018623287972034164,0.006355118646054193,0.06762028417917844,157,1,0.4356848545292249
RQ3b,2013- all-income,d_c11,d_fuel,True,8,shock,0.028586829870172352,0.01684681111332986,0.0008762915078453642,0.05629736823249934,156,1,0.45097282038447073
RQ3b,2013- all-income,d_c11,d_fuel,True,9,shock,0.03859612317733001,0.017659001021001246,0.009549651299596357,0.06764259505506366,155,1,0.47102559681125544
RQ3b,2013- all-income,d_c11,d_fuel,True,10,shock,0.030606292133320206,0.016323665677052086,0.0037562514392778246,0.05745633282736259,154,1,0.5076410719689688
RQ3b,2013- all-income,d_c11,d_fuel,True,11,shock,0.039485730439039635,0.016577908186561165,0.012217498031106,0.06675396284697327,153,1,0.5437292716044766
RQ3b,2013- all-income,d_c11,d_fuel,True,12,shock,0.043537629711438805,0.015816350218649508,0.01752204868915845,0.06955321073371916,152,1,0.5768829628451142
RQ3b,2013- bottom 30%,d_b30_c11,d_fuel,False,0,shock,0.0006012239301678272,0.0030150351748857063,-0.004358067612629193,0.005560515472964847,163,1,0.37313978802355807
RQ3b,2013- bottom 30%,d_b30_c11,d_fuel,False,1,shock,0.008896875814650587,0.004230572954065712,0.0019382025470727968,0.015855549082228377,162,1,0.28766060625253187
RQ3b,2013- bottom 30%,d_b30_c11,d_fuel,False,2,shock,0.003055160555614056,0.00400330149564071,-0.0035296844292708185,0.00964000554049893,161,1,0.22503642064489193
RQ3b,2013- bottom 30%,d_b30_c11,d_fuel,False,3,shock,0.0038112772178488068,0.004162128780506275,-0.003034815402606048,0.010657369838303662,160,1,0.24437619521199827
RQ3b,2013- bottom 30%,d_b30_c11,d_fuel,False,4,shock,-0.002503902244299778,0.003722889897518137,-0.00862751119497348,0.003619706706373924,159,1,0.23954412403424485
RQ3b,2013- bottom 30%,d_b30_c11,d_fuel,False,5,shock,0.0013883887496776667,0.004458038115563608,-0.00594443141379504,0.008721208913150374,158,1,0.2502354899124545
RQ3b,2013- bottom 30%,d_b30_c11,d_fuel,False,6,shock,0.010108708964118519,0.004799086145595998,0.00221491471148238,0.01800250321675466,157,1,0.26353627915462674
RQ3b,2013- bottom 30%,d_b30_c11,d_fuel,False,7,shock,0.011956641131008847,0.004388415733869706,0.004738339594582354,0.01917494266743534,156,1,0.27051313608566696
RQ3b,2013- bottom 30%,d_b30_c11,d_fuel,False,8,shock,-0.0034202806235265728,0.0056665598269365815,-0.012740942107200715,0.0059003808601475706,155,1,0.29366479627008146
RQ3b,2013- bottom 30%,d_b30_c11,d_fuel,False,9,shock,0.00673932474677597,0.0032492102719132135,0.0013948494462915411,0.0120838000472604,154,1,0.3280110870111055
RQ3b,2013- bottom 30%,d_b30_c11,d_fuel,False,10,shock,-0.004276241841792594,0.00496983201830602,-0.012450888062442806,0.0038984043788576183,153,1,0.33719027731847717
RQ3b,2013- bottom 30%,d_b30_c11,d_fuel,False,11,shock,-0.002836663452331448,0.00329873900611692,-0.008262606270909158,0.0025892793662462624,152,1,0.34417402473819725
RQ3b,2013- bottom 30%,d_b30_c11,d_fuel,False,12,shock,0.010561516314217746,0.0037263823144216973,0.004432162848933396,0.016690869779502095,151,1,0.33702439502273307
RQ3b,2013- bottom 30%,d_b30_c11,d_fuel,True,0,shock,0.0006012239301678272,0.0030150351748857063,-0.004358067612629193,0.005560515472964847,163,1,0.37313978802355807
RQ3b,2013- bottom 30%,d_b30_c11,d_fuel,True,1,shock,0.010063408274141905,0.005379732279935369,0.0012145361214623007,0.01891228042682151,162,1,0.4268990379965112
RQ3b,2013- bottom 30%,d_b30_c11,d_fuel,True,2,shock,0.012020364194340874,0.005884934023308951,0.0023405091217310256,0.02170021926695072,161,1,0.4265675786217028
RQ3b,2013- bottom 30%,d_b30_c11,d_fuel,True,3,shock,0.026685810787995097,0.011372736755104687,0.007979323487996837,0.04539229808799336,160,1,0.4569557515289209
RQ3b,2013- bottom 30%,d_b30_c11,d_fuel,True,4,shock,0.017661520745307968,0.011008904165710185,-0.00044651520042160095,0.03576955669103754,159,1,0.47186220886966534
RQ3b,2013- bottom 30%,d_b30_c11,d_fuel,True,5,shock,0.020325018439973516,0.013393410509016344,-0.0017051814130319802,0.042355218292979016,158,1,0.4789381064825019
RQ3b,2013- bottom 30%,d_b30_c11,d_fuel,True,6,shock,0.035480334121379575,0.016377864519288445,0.008541144265108148,0.062419523977651006,157,1,0.48877619820155294
RQ3b,2013- bottom 30%,d_b30_c11,d_fuel,True,7,shock,0.046932530099636986,0.018127593085031368,0.017115292865822713,0.07674976733345126,156,1,0.4943243412630963
RQ3b,2013- bottom 30%,d_b30_c11,d_fuel,True,8,shock,0.038933986435998,0.018495625604043397,0.008511389578450705,0.0693565832935453,155,1,0.5168399713882863
RQ3b,2013- bottom 30%,d_b30_c11,d_fuel,True,9,shock,0.0459379931247891,0.018297644872631837,0.015841045591370614,0.07603494065820758,154,1,0.5485678428993064
RQ3b,2013- bottom 30%,d_b30_c11,d_fuel,True,10,shock,0.03488028236092989,0.020089164044583704,0.0018365480197732736,0.0679240167020865,153,1,0.585051663251436
RQ3b,2013- bottom 30%,d_b30_c11,d_fuel,True,11,shock,0.036650880296317495,0.019025900794908818,0.005356058367792828,0.06794570222484217,152,1,0.6197768987488865
RQ3b,2013- bottom 30%,d_b30_c11,d_fuel,True,12,shock,0.040289156606350324,0.02101654412981739,0.005720017768434518,0.07485829544426613,151,1,0.64966448358565
RQ3b,2013- ratio,d_ratio,d_fuel,False,0,shock,0.0031029191661214386,0.0033373674216747476,-0.002386561741889953,0.00859240007413283,164,1,-0.010394413726505292
RQ3b,2013- ratio,d_ratio,d_fuel,False,1,shock,-0.0020872715099995226,0.00477649377692737,-0.009943904623089642,0.005769361603090598,163,1,-0.014924369321482667
RQ3b,2013- ratio,d_ratio,d_fuel,False,2,shock,-0.001147506883834925,0.004180983501247491,-0.008024612760086125,0.005729598992416275,162,1,0.011434271033344712
RQ3b,2013- ratio,d_ratio,d_fuel,False,3,shock,-0.003591964183019688,0.004300272583896684,-0.010665283139522128,0.003481354773482752,161,1,0.010674469202718306
RQ3b,2013- ratio,d_ratio,d_fuel,False,4,shock,-0.0031325303479304086,0.00372081499920808,-0.009252726394593258,0.002987665698732441,160,1,0.020476211704802516
RQ3b,2013- ratio,d_ratio,d_fuel,False,5,shock,0.002845504669705126,0.0038538021788680323,-0.003493435821759443,0.009184445161169695,159,1,0.018484751203914573
RQ3b,2013- ratio,d_ratio,d_fuel,False,6,shock,-0.003985126660875411,0.005219870382068714,-0.012571049391037703,0.00460079606928688,158,1,-8.340563782716082e-05
RQ3b,2013- ratio,d_ratio,d_fuel,False,7,shock,0.001570373397461957,0.0030308664770563407,-0.0034149583201297964,0.00655570511505371,157,1,0.03303110020457278
RQ3b,2013- ratio,d_ratio,d_fuel,False,8,shock,-0.011683103603298325,0.0031023412337416244,-0.016786000833659342,-0.0065802063729373085,156,1,0.0520518003228182
RQ3b,2013- ratio,d_ratio,d_fuel,False,9,shock,0.010848924389003088,0.006172708187589551,0.0006957229385333667,0.021002125839472807,155,1,0.051085962617233194
RQ3b,2013- ratio,d_ratio,d_fuel,False,10,shock,-0.006652365816783975,0.006187063630893495,-0.016829179870238686,0.0035244482366707354,154,1,0.1085658733334599
RQ3b,2013- ratio,d_ratio,d_fuel,False,11,shock,0.0034901182820167255,0.004860923583218185,-0.004505389504173654,0.011485626068207105,153,1,0.10161488300535482
RQ3b,2013- ratio,d_ratio,d_fuel,False,12,shock,0.0038018952478990893,0.004265353919275559,-0.0032139876164529904,0.010817778112251169,152,1,0.12529501035092772
RQ3b,2013- ratio,d_ratio,d_fuel,True,0,shock,0.0031029191661214386,0.0033373674216747476,-0.002386561741889953,0.00859240007413283,164,1,-0.010394413726505292
RQ3b,2013- ratio,d_ratio,d_fuel,True,1,shock,0.0009231614070888251,0.006370675545323291,-0.009555667369767238,0.011401990183944888,163,1,-0.003228117859623403
RQ3b,2013- ratio,d_ratio,d_fuel,True,2,shock,0.000505634213269001,0.00549312695007411,-0.008529755573865276,0.009541024000403278,162,1,0.014405384991322712
RQ3b,2013- ratio,d_ratio,d_fuel,True,3,shock,-0.006069281497528224,0.007040224463134044,-0.017649420240266736,0.00551085724521029,161,1,0.011139238764522386
RQ3b,2013- ratio,d_ratio,d_fuel,True,4,shock,-0.0023721292109542816,0.006616322494317362,-0.013255011262812807,0.008510752840904242,160,1,0.02158396379714722
RQ3b,2013- ratio,d_ratio,d_fuel,True,5,shock,0.000697002538082603,0.007698839430239579,-0.011966461422063973,0.01336046649822918,159,1,0.0065099911511986575
RQ3b,2013- ratio,d_ratio,d_fuel,True,6,shock,-0.004553553947819719,0.009463420196858524,-0.020119494981988277,0.01101238708634884,158,1,0.012760342389869006
RQ3b,2013- ratio,d_ratio,d_fuel,True,7,shock,-0.0019175523085505216,0.008680127944048528,-0.01619509223972157,0.012359987622620526,157,1,0.013235111417875811
RQ3b,2013- ratio,d_ratio,d_fuel,True,8,shock,-0.014599161130539296,0.008722479959955703,-0.028946363928683966,-0.00025195833239462576,156,1,0.0017272962746088805
RQ3b,2013- ratio,d_ratio,d_fuel,True,9,shock,-0.004402897107330588,0.01163574337346745,-0.023541991797455083,0.014736197582793906,155,1,-0.009342839468569508
RQ3b,2013- ratio,d_ratio,d_fuel,True,10,shock,-0.006662924797202523,0.009668686703112899,-0.022566499188675246,0.009240649594270199,154,1,-0.01619907085862815
RQ3b,2013- ratio,d_ratio,d_fuel,True,11,shock,-0.008776221367559385,0.010505680960734329,-0.02605652879941827,0.008504086064299502,153,1,-0.03786402675267242
RQ3b,2013- ratio,d_ratio,d_fuel,True,12,shock,0.003063380424199595,0.009206293857349276,-0.01207962541784242,0.01820638626624161,152,1,-0.04394314839028035
RQ3b,regional 2001-2012,d_ratio,d_fuel,False,0,shock,-0.02384550080698016,0.011726113619682803,-0.04313324132436047,-0.004557760289599845,2431,17,0.10326546192950747
RQ3b,regional 2001-2012,d_ratio,d_fuel,False,1,shock,-0.020185030671805222,0.008295920731501177,-0.03383060597591685,-0.006539455367693601,2431,17,0.06570005538204449
RQ3b,regional 2001-2012,d_ratio,d_fuel,False,2,shock,-0.004910245123547424,0.006302254734834679,-0.015276531682112335,0.0054560414350174865,2431,17,0.062159967147552564
RQ3b,regional 2001-2012,d_ratio,d_fuel,False,3,shock,0.00013132944074082615,0.008642483877224985,-0.014084291510582311,0.014346950392063965,2431,17,0.0614769537109372
RQ3b,regional 2001-2012,d_ratio,d_fuel,False,4,shock,-0.009559568732386302,0.004896374801427528,-0.017613388583428168,-0.0015057488813444379,2431,17,0.040873923804632284
RQ3b,regional 2001-2012,d_ratio,d_fuel,False,5,shock,0.0048999029645467075,0.0037149824017540124,-0.0012106993130392707,0.011010505242132686,2431,17,0.04212246652017515
RQ3b,regional 2001-2012,d_ratio,d_fuel,False,6,shock,-0.00769747612255922,0.007125197857478539,-0.019417383661179656,0.004022431416061215,2431,17,0.04319070241555545
RQ3b,regional 2001-2012,d_ratio,d_fuel,False,7,shock,0.0028581055164612974,0.005347717492106696,-0.005938106996342233,0.011654318029264827,2431,17,0.04276297984725774
RQ3b,regional 2001-2012,d_ratio,d_fuel,False,8,shock,-0.0016155386455059763,0.0048768713795606594,-0.009637278222352157,0.006406200931340204,2431,17,0.04261404390453638
RQ3b,regional 2001-2012,d_ratio,d_fuel,False,9,shock,0.006215949042820579,0.004730869266282484,-0.0015656384284574157,0.013997536514098574,2431,17,0.04182716404293241
RQ3b,regional 2001-2012,d_ratio,d_fuel,False,10,shock,-0.001992442520012045,0.006092673023108452,-0.012013997839901371,0.008029112799877282,2431,17,0.04720729445054217
RQ3b,regional 2001-2012,d_ratio,d_fuel,False,11,shock,0.009117998435057523,0.006834125830731256,-0.0021231382246635257,0.020359135094778574,2431,17,0.049361383069286724
RQ3b,regional 2001-2012,d_ratio,d_fuel,False,12,shock,0.002799731408302451,0.004185198328802535,-0.0040843072423396385,0.009683770058944541,2431,17,0.04951170397386406
RQ3b,regional 2001-2012,d_ratio,d_fuel,True,0,shock,-0.02384550080698016,0.011726113619682803,-0.04313324132436047,-0.004557760289599845,2431,17,0.10326546192950747
RQ3b,regional 2001-2012,d_ratio,d_fuel,True,1,shock,-0.04403053147878538,0.02043148418970467,-0.07763733235222275,-0.010423730605347993,2431,17,0.11682822126421388
RQ3b,regional 2001-2012,d_ratio,d_fuel,True,2,shock,-0.027846391869608116,0.014184045224074692,-0.05117707010127108,-0.004515713637945153,2431,17,0.14616545619008714
RQ3b,regional 2001-2012,d_ratio,d_fuel,True,3,shock,-0.028808334109849412,0.012798916455635547,-0.049860678262950424,-0.007755989956748401,2431,17,0.18600105270956369
RQ3b,regional 2001-2012,d_ratio,d_fuel,True,4,shock,-0.045617779166445147,0.0138196905395356,-0.06834914727374722,-0.022886411059143068,2431,17,0.22528750863839653
RQ3b,regional 2001-2012,d_ratio,d_fuel,True,5,shock,-0.04088905925219495,0.01273996842425819,-0.061844442522083265,-0.019933675982306633,2431,17,0.24270895610480003
RQ3b,regional 2001-2012,d_ratio,d_fuel,True,6,shock,-0.05413372644533909,0.019709052061762766,-0.08655223221290498,-0.021715220677773213,2431,17,0.2422856885557978
RQ3b,regional 2001-2012,d_ratio,d_fuel,True,7,shock,-0.049504875922339514,0.017409974839121916,-0.07814173618160307,-0.020868015663075955,2431,17,0.234992605581669
RQ3b,regional 2001-2012,d_ratio,d_fuel,True,8,shock,-0.05247948258394178,0.018224071539263004,-0.08245541275312163,-0.022503552414761926,2431,17,0.22301414640941108
RQ3b,regional 2001-2012,d_ratio,d_fuel,True,9,shock,-0.04930424878637258,0.019502883317941366,-0.0813836371478998,-0.017224860424845362,2431,17,0.21013731263667734
RQ3b,regional 2001-2012,d_ratio,d_fuel,True,10,shock,-0.05068640317969558,0.015888808655779168,-0.0768211677250919,-0.024551638634299273,2431,17,0.20072692219538335
RQ3b,regional 2001-2012,d_ratio,d_fuel,True,11,shock,-0.03963368909757752,0.017067536254434825,-0.06770728800881039,-0.011560090186344657,2431,17,0.19336838863598416
RQ3b,regional 2001-2012,d_ratio,d_fuel,True,12,shock,-0.03690401063710534,0.01471154246594012,-0.061102344620257557,-0.01270567665395313,2431,17,0.1863277885319936
RQ3b,regional 2013-,d_ratio,d_fuel,False,0,shock,0.005251398470618743,0.002225837594145224,0.0015902214308840322,0.008912575510353453,2788,17,0.047893215353197016
RQ3b,regional 2013-,d_ratio,d_fuel,False,1,shock,-0.004625140517203334,0.0034396631939036014,-0.010282882997187158,0.00103260196278049,2771,17,0.03992320929777693
RQ3b,regional 2013-,d_ratio,d_fuel,False,2,shock,-0.001707633456407312,0.0020484720387260657,-0.005077070119014558,0.001661803206199934,2754,17,0.04481765676221594
RQ3b,regional 2013-,d_ratio,d_fuel,False,3,shock,-0.003517465818828212,0.0019094099714838135,-0.00665816573576067,-0.0003767659018957541,2737,17,0.04766151377454941
RQ3b,regional 2013-,d_ratio,d_fuel,False,4,shock,-0.0011400706922492306,0.00226331335714475,-0.004862889876676485,0.0025827484921780238,2720,17,0.04954650364150537
RQ3b,regional 2013-,d_ratio,d_fuel,False,5,shock,-0.0037604248339973213,0.0021129569133614173,-0.0072359296765320364,-0.00028491999146260626,2703,17,0.04954395534788636
RQ3b,regional 2013-,d_ratio,d_fuel,False,6,shock,-0.0014607305263480781,0.002520458397725787,-0.005606515663427635,0.0026850546107314785,2686,17,0.05581630994233078
RQ3b,regional 2013-,d_ratio,d_fuel,False,7,shock,-0.0005009122107936489,0.0027391542491996346,-0.005006420012369205,0.004004595590781907,2669,17,0.056497845660288704
RQ3b,regional 2013-,d_ratio,d_fuel,False,8,shock,-0.0037253466887732715,0.0018963552108769962,-0.006844573435372623,-0.0006061199421739205,2652,17,0.0561691295510357
RQ3b,regional 2013-,d_ratio,d_fuel,False,9,shock,0.004941341829549725,0.0037089986266906974,-0.0011594180139204982,0.011042101673019947,2635,17,0.05654360879592013
RQ3b,regional 2013-,d_ratio,d_fuel,False,10,shock,-0.0022795364000788177,0.002483053996936026,-0.0063637967728553905,0.001804723972697755,2618,17,0.07487212794663034
RQ3b,regional 2013-,d_ratio,d_fuel,False,11,shock,-0.0008843941821889315,0.0023234079610915,-0.00470606019387821,0.0029372718295003473,2601,17,0.07658051685326261
RQ3b,regional 2013-,d_ratio,d_fuel,False,12,shock,0.0029369395089017675,0.001334705835477508,0.0007415437745032934,0.005132335243300241,2584,17,0.08127588289662657
RQ3b,regional 2013-,d_ratio,d_fuel,True,0,shock,0.005251398470618743,0.002225837594145224,0.0015902214308840322,0.008912575510353453,2788,17,0.047893215353197016
RQ3b,regional 2013-,d_ratio,d_fuel,True,1,shock,0.0005580871374095589,0.005017508401971208,-0.007694979755832267,0.008811154030651384,2771,17,0.052349412103286586
RQ3b,regional 2013-,d_ratio,d_fuel,True,2,shock,-0.002388648620943603,0.004500695896354167,-0.009791634589867362,0.005014337347980156,2754,17,0.06251093412660147
RQ3b,regional 2013-,d_ratio,d_fuel,True,3,shock,-0.006089091351833071,0.005162646479438803,-0.014580889138206234,0.0024027064345400924,2737,17,0.07003251976746483
RQ3b,regional 2013-,d_ratio,d_fuel,True,4,shock,-0.00402547482486994,0.004624422113578476,-0.011631972310944089,0.003581022661204209,2720,17,0.07777047083936306
RQ3b,regional 2013-,d_ratio,d_fuel,True,5,shock,-0.007757584712414622,0.005283472479077681,-0.01644812358252383,0.000932954157694588,2703,17,0.07460342845362777
RQ3b,regional 2013-,d_ratio,d_fuel,True,6,shock,-0.009051525036361793,0.0064477339668736235,-0.01965710363739208,0.0015540535646684905,2686,17,0.07651233919304568
RQ3b,regional 2013-,d_ratio,d_fuel,True,7,shock,-0.009597523533876835,0.006853374883947013,-0.020870322068595203,0.0016752750008415338,2669,17,0.0792944844008161
RQ3b,regional 2013-,d_ratio,d_fuel,True,8,shock,-0.01385724264174138,0.006916021269138499,-0.025233085310357364,-0.002481399973125395,2652,17,0.08010209510542632
RQ3b,regional 2013-,d_ratio,d_fuel,True,9,shock,-0.009208097941877033,0.008381810347551366,-0.02299494909246628,0.00457875320871221,2635,17,0.07892670219008391
RQ3b,regional 2013-,d_ratio,d_fuel,True,10,shock,-0.009531004552843825,0.007193298732152208,-0.02136292806216981,0.00230091895648216,2618,17,0.08270546890542851
RQ3b,regional 2013-,d_ratio,d_fuel,True,11,shock,-0.011774959835873115,0.008051995429279955,-0.025019313721920927,0.0014693940501746949,2601,17,0.08360979428989124
RQ3b,regional 2013-,d_ratio,d_fuel,True,12,shock,-0.0062582092070430995,0.007453836284649901,-0.018518678854551975,0.006002260440465776,2584,17,0.08792200093440616
RQ3b,regional excl 2008,d_ratio,d_fuel,False,0,shock,0.004495560805097826,0.0020838381474142555,0.0010679520703436515,0.007923169539852,5015,17,0.033568655165717276
RQ3b,regional excl 2008,d_ratio,d_fuel,False,1,shock,-0.004645283469811114,0.0032536923364466625,-0.009997131110399616,0.0007065641707773886,4998,17,0.030684107786468573
RQ3b,regional excl 2008,d_ratio,d_fuel,False,2,shock,-0.002520234652201725,0.002049608192217764,-0.005891540121000564,0.0008510708165971139,4981,17,0.03207398599021816
RQ3b,regional excl 2008,d_ratio,d_fuel,False,3,shock,-0.003663207262080997,0.0022008588161698188,-0.007283297868266047,-4.311665589594709e-05,4964,17,0.031236950680973985
RQ3b,regional excl 2008,d_ratio,d_fuel,False,4,shock,-0.00427568117469361,0.0023902555733354004,-0.008207301723835315,-0.0003440606255519065,4947,17,0.028269537722957927
RQ3b,regional excl 2008,d_ratio,d_fuel,False,5,shock,-0.0027881944317111394,0.0018632827307396502,-0.005853021789404296,0.00027663292598201737,4930,17,0.03292089065419723
RQ3b,regional excl 2008,d_ratio,d_fuel,False,6,shock,-0.005018636740388768,0.0029684671878413855,-0.009901330760796107,-0.00013594271998142778,4913,17,0.035275075131538935
RQ3b,regional excl 2008,d_ratio,d_fuel,False,7,shock,0.0012279213885014793,0.002749546705154167,-0.003294680481943823,0.005750523258946781,4896,17,0.03880793083254297
RQ3b,regional excl 2008,d_ratio,d_fuel,False,8,shock,-0.002393873916957192,0.00210217929485299,-0.005851651154598421,0.0010639033206840372,4879,17,0.03589688934898938
RQ3b,regional excl 2008,d_ratio,d_fuel,False,9,shock,0.004921674186646232,0.0029542703005574493,6.233196777929561e-05,0.009781016405513168,4862,17,0.03263994990395158
RQ3b,regional excl 2008,d_ratio,d_fuel,False,10,shock,-0.0037291287769859135,0.0025071761621888304,-0.007853066580768484,0.0003948090267966568,4845,17,0.04066230328922715
RQ3b,regional excl 2008,d_ratio,d_fuel,False,11,shock,0.0003402299471624622,0.0024023197471419832,-0.003611234402021172,0.0042916942963460965,4828,17,0.04713232265110889
RQ3b,regional excl 2008,d_ratio,d_fuel,False,12,shock,0.0008914433365456387,0.0019510597625175708,-0.0023177643902304655,0.004100651063321743,4811,17,0.04766756897064772
RQ3b,regional excl 2008,d_ratio,d_fuel,True,0,shock,0.004495560805097826,0.0020838381474142555,0.0010679520703436515,0.007923169539852,5015,17,0.033568655165717276
RQ3b,regional excl 2008,d_ratio,d_fuel,True,1,shock,-0.0002037868744672269,0.004737158136028644,-0.007995718615956618,0.007588144867022164,4998,17,0.044566108127546356
RQ3b,regional excl 2008,d_ratio,d_fuel,True,2,shock,-0.003826139672329431,0.004546449735169567,-0.011304384008975654,0.0036521046643167914,4981,17,0.05676806478559493
RQ3b,regional excl 2008,d_ratio,d_fuel,True,3,shock,-0.008103770422933221,0.004886300129806673,-0.016141018913819177,-6.65219320472657e-05,4964,17,0.06746787749747718
RQ3b,regional excl 2008,d_ratio,d_fuel,True,4,shock,-0.01095753159444588,0.004648892074773479,-0.018604278584942992,-0.0033107846039487675,4947,17,0.07431549355531264
RQ3b,regional excl 2008,d_ratio,d_fuel,True,5,shock,-0.013443371564068477,0.005191888683369248,-0.021983268495636688,-0.004903474632500265,4930,17,0.07606710481953949
RQ3b,regional excl 2008,d_ratio,d_fuel,True,6,shock,-0.01766677887663886,0.007254939145167187,-0.02960009184287932,-0.005733465910398399,4913,17,0.0756990587046793
RQ3b,regional excl 2008,d_ratio,d_fuel,True,7,shock,-0.01706841733836633,0.007196836367229002,-0.02890615973957921,-0.005230674937153448,4896,17,0.07856430246595725
RQ3b,regional excl 2008,d_ratio,d_fuel,True,8,shock,-0.017994173720154757,0.00742258724613071,-0.030203243273316596,-0.005785104166992919,4879,17,0.08630376689524122
RQ3b,regional excl 2008,d_ratio,d_fuel,True,9,shock,-0.011857880415103788,0.008175665485122708,-0.02530565344104984,0.0015898926108422664,4862,17,0.09444074802535729
RQ3b,regional excl 2008,d_ratio,d_fuel,True,10,shock,-0.015148137976286414,0.008481410832751184,-0.029098817346202704,-0.0011974586063701227,4845,17,0.10202525003367413
RQ3b,regional excl 2008,d_ratio,d_fuel,True,11,shock,-0.014642444518369935,0.00850199556585201,-0.02862698276118695,-0.0006579062755529223,4828,17,0.1105461243575604
RQ3b,regional excl 2008,d_ratio,d_fuel,True,12,shock,-0.013477912053508026,0.009178337954680347,-0.02857493452765035,0.0016191104206343,4811,17,0.11742238262648674
RQ3b,national excl 2008,d_ratio,d_fuel,False,0,shock,0.003433705048920686,0.0032761738248628333,-0.001955121349428422,0.008822531447269794,295,1,0.013085792708031563
RQ3b,national excl 2008,d_ratio,d_fuel,False,1,shock,-0.00497986296667273,0.005285320228526993,-0.013673441114165338,0.0037137151808198784,294,1,0.00822954803340159
RQ3b,national excl 2008,d_ratio,d_fuel,False,2,shock,-0.0017670996286194627,0.0037254254224325296,-0.007894879146644829,0.004360679889405904,293,1,0.005787321917155253
RQ3b,national excl 2008,d_ratio,d_fuel,False,3,shock,-0.005396698492363218,0.004024302175063287,-0.012016086520964763,0.001222689536238328,292,1,0.012385864236711064
RQ3b,national excl 2008,d_ratio,d_fuel,False,4,shock,-0.003701344909476571,0.003460382036467516,-0.009393166852797886,0.0019904770338447448,291,1,-0.018294903875916146
RQ3b,national excl 2008,d_ratio,d_fuel,False,5,shock,0.002704530384887478,0.0034202870132513602,-0.00292134111407404,0.008330401883848995,290,1,-0.023418904779725302
RQ3b,national excl 2008,d_ratio,d_fuel,False,6,shock,-0.005302337041822743,0.004566350970441611,-0.012813315997487001,0.0022086419138415154,289,1,-0.026505861187617663
RQ3b,national excl 2008,d_ratio,d_fuel,False,7,shock,0.0003673143536120837,0.003558458271151098,-0.005485828640046265,0.0062204573472704324,288,1,-0.02748381523712151
RQ3b,national excl 2008,d_ratio,d_fuel,False,8,shock,-0.005335367080714905,0.003987304258417406,-0.011893898951931825,0.001223164790502016,287,1,-0.03760590834603961
RQ3b,national excl 2008,d_ratio,d_fuel,False,9,shock,0.006431861663954723,0.005718065432794348,-0.0029735190023228997,0.015837242330232346,286,1,-0.05104116560773164
RQ3b,national excl 2008,d_ratio,d_fuel,False,10,shock,-0.0051926584038193245,0.0060154798159596625,-0.01508724219695395,0.004701925389315301,285,1,-0.037743211105609076
RQ3b,national excl 2008,d_ratio,d_fuel,False,11,shock,0.003003221501156981,0.004939530655957159,-0.005121583413732138,0.0111280264160461,284,1,-0.0163732726684791
RQ3b,national excl 2008,d_ratio,d_fuel,False,12,shock,-0.0001902144038970191,0.004341213097782356,-0.007330874513153563,0.006950445705359525,283,1,-0.020438049463162633
RQ3b,national excl 2008,d_ratio,d_fuel,True,0,shock,0.003433705048920686,0.0032761738248628333,-0.001955121349428422,0.008822531447269794,295,1,0.013085792708031563
RQ3b,national excl 2008,d_ratio,d_fuel,True,1,shock,-0.0016240632633181438,0.006889711291919596,-0.012956629870480603,0.009708503343844316,294,1,0.02619982359249351
RQ3b,national excl 2008,d_ratio,d_fuel,True,2,shock,-0.0029168275178207206,0.006191026000777332,-0.013100159089750183,0.007266504054108742,293,1,0.034915811851625955
RQ3b,national excl 2008,d_ratio,d_fuel,True,3,shock,-0.011186204893893128,0.006733957945962462,-0.02226258004504817,-0.00010982974273808684,292,1,0.04966375339978679
RQ3b,national excl 2008,d_ratio,d_fuel,True,4,shock,-0.012560394425060227,0.006277644930291872,-0.022886201457364336,-0.0022345873927561207,291,1,0.06577497311417513
RQ3b,national excl 2008,d_ratio,d_fuel,True,5,shock,-0.008153456687024368,0.007492004862380629,-0.02047670805804921,0.004169794684000475,290,1,0.06832197669412443
RQ3b,national excl 2008,d_ratio,d_fuel,True,6,shock,-0.013125433998536943,0.008783883383598567,-0.027573636440767817,0.001322768443693929,289,1,0.051858984488677984
RQ3b,national excl 2008,d_ratio,d_fuel,True,7,shock,-0.013414796244261305,0.008349940676972164,-0.027149226451608603,0.0003196339630859909,288,1,0.03917798905938741
RQ3b,national excl 2008,d_ratio,d_fuel,True,8,shock,-0.016748961667451857,0.009278359266284703,-0.03201050455875905,-0.0014874187761446632,287,1,0.04099899495914294
RQ3b,national excl 2008,d_ratio,d_fuel,True,9,shock,-0.00865441798968891,0.009842147246634462,-0.024843309585306048,0.007534473605928229,286,1,0.04343739748483766
RQ3b,national excl 2008,d_ratio,d_fuel,True,10,shock,-0.013316618839883613,0.011376550914383764,-0.03202937987360584,0.005396142193838608,285,1,0.04313349322598159
RQ3b,national excl 2008,d_ratio,d_fuel,True,11,shock,-0.010209227580214548,0.010431505155945155,-0.02736752667053392,0.006949071510104824,284,1,0.04328718132899034
RQ3b,national excl 2008,d_ratio,d_fuel,True,12,shock,-0.007877747275955783,0.011496490913221023,-0.026787792051782024,0.011032297499870457,283,1,0.03873617331590551
RQ4,pooled,d_ratio,d_fuel,False,0,shock,-0.0005830562125291572,0.003201828226673128,-0.005849594984048053,0.004683482558989737,5219,17,0.06338792142171468
RQ4,pooled,d_ratio,d_fuel,False,1,shock,-0.007528349970558089,0.0031743474487754223,-0.012749686884880495,-0.002307013056235683,5202,17,0.04399401877458786
RQ4,pooled,d_ratio,d_fuel,False,2,shock,-0.0020847743725304017,0.0021494846471160345,-0.005620361990415716,0.001450813245354913,5185,17,0.0427725497556215
RQ4,pooled,d_ratio,d_fuel,False,3,shock,-0.0030324912577456456,0.0023583942525137293,-0.006911704597774359,0.0008467220822830682,5168,17,0.04332649147944245
RQ4,pooled,d_ratio,d_fuel,False,4,shock,-0.003753580850032222,0.002348084094640204,-0.007615835489488226,0.00010867378942378122,5151,17,0.03263706212744677
RQ4,pooled,d_ratio,d_fuel,False,5,shock,-0.0013356671555607195,0.002135255661289187,-0.004847850174500903,0.002176515863379464,5134,17,0.032385702921449155
RQ4,pooled,d_ratio,d_fuel,False,6,shock,-0.004228110082692815,0.002818412035989904,-0.008863985342334492,0.00040776517694886185,5117,17,0.029037237476790656
RQ4,pooled,d_ratio,d_fuel,False,7,shock,0.00037022455284896566,0.002599746942027918,-0.003905978633901654,0.004646427739599585,5100,17,0.028223703306768044
RQ4,pooled,d_ratio,d_fuel,False,8,shock,-0.0026873553142530535,0.0019040531066486324,-0.005819243972632275,0.00044453334412616766,5083,17,0.028413612593651383
RQ4,pooled,d_ratio,d_fuel,False,9,shock,0.005558939011545784,0.002848916841331005,0.0008728878121993487,0.01024499021089222,5066,17,0.028765080073098415
RQ4,pooled,d_ratio,d_fuel,False,10,shock,-0.002963786764587517,0.0023129030858185773,-0.006768173794083456,0.000840600264908422,5049,17,0.03783496194373481
RQ4,pooled,d_ratio,d_fuel,False,11,shock,0.0012899724210996655,0.003121680018723144,-0.0038447342798790377,0.006424679122078369,5032,17,0.03942462193872864
RQ4,pooled,d_ratio,d_fuel,False,12,shock,0.001695953892729874,0.0014494884213852564,-0.000688242394409829,0.004080150179869577,5015,17,0.04128141084829873
RQ4,pooled,d_ratio,d_fuel,True,0,shock,-0.0005830562125291572,0.003201828226673128,-0.005849594984048053,0.004683482558989737,5219,17,0.06338792142171468
RQ4,pooled,d_ratio,d_fuel,True,1,shock,-0.00816697504210499,0.005737381500646524,-0.017604127812647703,0.0012701777284377259,5202,17,0.07426327900061303
RQ4,pooled,d_ratio,d_fuel,True,2,shock,-0.006479868775879533,0.004589436453955341,-0.014028819972831279,0.0010690824210722125,5185,17,0.08105335535448499
RQ4,pooled,d_ratio,d_fuel,True,3,shock,-0.01485677138580131,0.0074857472878468116,-0.027169729962658283,-0.0025438128089443363,5168,17,0.09149506724919587
RQ4,pooled,d_ratio,d_fuel,True,4,shock,-0.01795608896006349,0.007055752809701964,-0.029561769559974804,-0.006350408360152174,5151,17,0.10764789982497613
RQ4,pooled,d_ratio,d_fuel,True,5,shock,-0.018385334787476497,0.00695139065308749,-0.02981935491556402,-0.006951314659388976,5134,17,0.11639861039192156
RQ4,pooled,d_ratio,d_fuel,True,6,shock,-0.02142553896974535,0.008363012888616258,-0.035181471051827715,-0.007669606887662991,5117,17,0.11970091608407263
RQ4,pooled,d_ratio,d_fuel,True,7,shock,-0.02129752721204964,0.00805152248571941,-0.03454110317516654,-0.008053951248932736,5100,17,0.12134778700006554
RQ4,pooled,d_ratio,d_fuel,True,8,shock,-0.02423927941818224,0.00843058243145362,-0.03810635350787209,-0.010372205328492394,5083,17,0.12214351702906301
RQ4,pooled,d_ratio,d_fuel,True,9,shock,-0.018654650106193785,0.008648089703699697,-0.032879491821525914,-0.004429808390861656,5066,17,0.12314748648185225
RQ4,pooled,d_ratio,d_fuel,True,10,shock,-0.021057327914057507,0.008451396397433445,-0.034958637931180515,-0.0071560178969344995,5049,17,0.12566605820657306
RQ4,pooled,d_ratio,d_fuel,True,11,shock,-0.020487509414713893,0.008913871729465042,-0.03514952365910466,-0.005825495170323125,5032,17,0.1286964968829457
RQ4,pooled,d_ratio,d_fuel,True,12,shock,-0.017338491394225337,0.008537789553760455,-0.03138190550787661,-0.0032950772805740627,5015,17,0.13266423397646498
RQ4,x high_poverty,d_ratio,d_fuel,False,0,shock,0.00029680812627697105,0.003170380319391531,-0.004918003440889756,0.005511619693443697,5219,17,0.06350894403692198
RQ4,x high_poverty,d_ratio,d_fuel,False,0,shock_x_high_poverty,-0.002031112410599908,0.0027002430306386346,-0.006472616953196302,0.0024103921319964857,5219,17,0.06350894403692198
RQ4,x high_poverty,d_ratio,d_fuel,False,1,shock,-0.009131074337216692,0.003296375533143693,-0.01455312958870219,-0.0037090190857311947,5202,17,0.04439694611644385
RQ4,x high_poverty,d_ratio,d_fuel,False,1,shock_x_high_poverty,0.0036993640803690583,0.0026424534039721057,-0.0006470849852047238,0.00804581314594284,5202,17,0.04439694611644385
RQ4,x high_poverty,d_ratio,d_fuel,False,2,shock,-0.003831524427708612,0.0025376510691878327,-0.0080055889927995,0.00034254013738227625,5185,17,0.043254646898553295
RQ4,x high_poverty,d_ratio,d_fuel,False,2,shock_x_high_poverty,0.004043814232070728,0.0030921226556135783,-0.001042274932994084,0.00912990339713554,5185,17,0.043254646898553295
RQ4,x high_poverty,d_ratio,d_fuel,False,3,shock,-0.004513189205844349,0.0025089725904588914,-0.008640081871182488,-0.00038629654050621135,5168,17,0.04366848454748129
RQ4,x high_poverty,d_ratio,d_fuel,False,3,shock_x_high_poverty,0.003424185913521135,0.0024335936764186454,-0.0005787194716622415,0.007427091298704512,5168,17,0.04366848454748129
RQ4,x high_poverty,d_ratio,d_fuel,False,4,shock,-0.00470855801894284,0.002713543608716325,-0.009171940065630874,-0.00024517597225480643,5151,17,0.032767678045005244
RQ4,x high_poverty,d_ratio,d_fuel,False,4,shock_x_high_poverty,0.002168005430602678,0.0022666108419557712,-0.0015602376336758027,0.005896248494881158,5151,17,0.032767678045005244
RQ4,x high_poverty,d_ratio,d_fuel,False,5,shock,-0.00039375527468816184,0.0023367432999697583,-0.0042373559668979705,0.003449845417521647,5134,17,0.03249749983244954
RQ4,x high_poverty,d_ratio,d_fuel,False,5,shock_x_high_poverty,-0.0021073309162875473,0.0016560400728327714,-0.004831274436463511,0.000616612603888417,5134,17,0.03249749983244954
RQ4,x high_poverty,d_ratio,d_fuel,False,6,shock,-0.0036370573615534373,0.0027472147332410616,-0.008155823479539519,0.0008817087564326441,5117,17,0.029073364069088448
RQ4,x high_poverty,d_ratio,d_fuel,False,6,shock_x_high_poverty,-0.0013273715179531877,0.003024355277705074,-0.0063019932656762055,0.0036472502297698307,5117,17,0.029073364069088448
RQ4,x high_poverty,d_ratio,d_fuel,False,7,shock,0.0022507266693499177,0.003214202851238842,-0.0030361665482680554,0.00753761988696789,5100,17,0.028590959052426257
RQ4,x high_poverty,d_ratio,d_fuel,False,7,shock_x_high_poverty,-0.004229279112762953,0.003152903661286268,-0.009415344135458248,0.0009567859099323403,5100,17,0.028590959052426257
RQ4,x high_poverty,d_ratio,d_fuel,False,8,shock,-0.00048445820699944054,0.0029236768185859504,-0.005293478626084482,0.004324562212085601,5083,17,0.028916395086256652
RQ4,x high_poverty,d_ratio,d_fuel,False,8,shock_x_high_poverty,-0.004953890931807157,0.004094559805347759,-0.011688842478403133,0.001781060614788818,5083,17,0.028916395086256652
RQ4,x high_poverty,d_ratio,d_fuel,False,9,shock,0.007228779044659032,0.0031397985971745564,0.0020642699341993183,0.012393288155118747,5066,17,0.029053934375121826
RQ4,x high_poverty,d_ratio,d_fuel,False,9,shock_x_high_poverty,-0.0037550749949031865,0.0030548864754997474,-0.008779916094053946,0.0012697661042475727,5066,17,0.029053934375121826
RQ4,x high_poverty,d_ratio,d_fuel,False,10,shock,-0.0012274308282847928,0.0026910159624655345,-0.005653758194330534,0.0031988965377609483,5049,17,0.03814656487690793
RQ4,x high_poverty,d_ratio,d_fuel,False,10,shock_x_high_poverty,-0.0039035918791132667,0.0033432499845907205,-0.009402748742072767,0.001595564983846234,5049,17,0.03814656487690793
RQ4,x high_poverty,d_ratio,d_fuel,False,11,shock,0.0029096133295136027,0.00350305032531636,-0.0028523917034765467,0.008671618362503752,5032,17,0.03969610541771729
RQ4,x high_poverty,d_ratio,d_fuel,False,11,shock_x_high_poverty,-0.0036414314562532636,0.0027263492734273674,-0.00812587694698678,0.0008430140344802529,5032,17,0.03969610541771729
RQ4,x high_poverty,d_ratio,d_fuel,False,12,shock,0.0024474412485508443,0.002207327367703545,-0.0011832891780855777,0.006078171675187266,5015,17,0.04134007055346667
RQ4,x high_poverty,d_ratio,d_fuel,False,12,shock_x_high_poverty,-0.0016909442090510007,0.0032583400933200147,-0.007050436729389825,0.003668548311287824,5015,17,0.04134007055346667
RQ4,x high_poverty,d_ratio,d_fuel,True,0,shock,0.00029680812627697105,0.003170380319391531,-0.004918003440889756,0.005511619693443697,5219,17,0.06350894403692198
RQ4,x high_poverty,d_ratio,d_fuel,True,0,shock_x_high_poverty,-0.002031112410599908,0.0027002430306386346,-0.006472616953196302,0.0024103921319964857,5219,17,0.06350894403692198
RQ4,x high_poverty,d_ratio,d_fuel,True,1,shock,-0.00889934083406029,0.005778993489213471,-0.01840493923492201,0.0006062575668014311,5202,17,0.07429898987617778
RQ4,x high_poverty,d_ratio,d_fuel,True,1,shock_x_high_poverty,0.0016904264768238693,0.003746374326920884,-0.004471810922729826,0.007852663876377565,5202,17,0.07429898987617778
RQ4,x high_poverty,d_ratio,d_fuel,True,2,shock,-0.009001380998789402,0.0053392169618439135,-0.017783611383559182,-0.00021915061401962116,5185,17,0.08131458135865322
RQ4,x high_poverty,d_ratio,d_fuel,True,2,shock_x_high_poverty,0.005837427617715427,0.005659362736938757,-0.003471395706372298,0.015146250941803151,5185,17,0.08131458135865322
RQ4,x high_poverty,d_ratio,d_fuel,True,3,shock,-0.01889371495305035,0.008285864245164046,-0.03252274880913595,-0.005264681096964747,5168,17,0.09197433254773679
RQ4,x high_poverty,d_ratio,d_fuel,True,3,shock_x_high_poverty,0.009335628049193752,0.00717032756907709,-0.002458511259232833,0.021129767357620337,5168,17,0.09197433254773679
RQ4,x high_poverty,d_ratio,d_fuel,True,4,shock,-0.023431070093070674,0.009192958109498153,-0.03855214058189166,-0.008309999604249689,5151,17,0.10830252791826245
RQ4,x high_poverty,d_ratio,d_fuel,True,4,shock_x_high_poverty,0.01242939539837077,0.008985048259335418,-0.0023496938193311046,0.027208484616072642,5151,17,0.10830252791826245
RQ4,x high_poverty,d_ratio,d_fuel,True,5,shock,-0.02334656894230642,0.009232705271932281,-0.03853301769541821,-0.008160120189194627,5134,17,0.11680153650475855
RQ4,x high_poverty,d_ratio,d_fuel,True,5,shock_x_high_poverty,0.01109972422019952,0.010329479940270135,-0.0058907583240762895,0.02809020676447533,5134,17,0.11680153650475855
RQ4,x high_poverty,d_ratio,d_fuel,True,6,shock,-0.027113185244593743,0.010811985129142294,-0.04489731819880882,-0.00932905229037866,5117,17,0.12008628641223384
RQ4,x high_poverty,d_ratio,d_fuel,True,6,shock_x_high_poverty,0.012773174709140673,0.01194908249087869,-0.006881316964723471,0.032427666383004816,5117,17,0.12008628641223384
RQ4,x high_poverty,d_ratio,d_fuel,True,7,shock,-0.025113866269771284,0.010141570571508062,-0.041795265407300636,-0.008432467132241932,5100,17,0.12150664105626685
RQ4,x high_poverty,d_ratio,d_fuel,True,7,shock_x_high_poverty,0.008583007124754464,0.010178766993010638,-0.008159574681593014,0.02532558893110194,5100,17,0.12150664105626685
RQ4,x high_poverty,d_ratio,d_fuel,True,8,shock,-0.025712849728367654,0.010173870221800444,-0.042447377062829694,-0.008978322393905613,5083,17,0.1221652369751427
RQ4,x high_poverty,d_ratio,d_fuel,True,8,shock_x_high_poverty,0.00331377556081529,0.00807747428092465,-0.009972487306770854,0.016600038428401433,5083,17,0.1221652369751427
RQ4,x high_poverty,d_ratio,d_fuel,True,9,shock,-0.0183767360104808,0.009990363342406827,-0.034809421388801706,-0.0019440506321599,5066,17,0.12314819915498487
RQ4,x high_poverty,d_ratio,d_fuel,True,9,shock_x_high_poverty,-0.000624963020917164,0.006824671219013623,-0.011850548228263048,0.010600622186428718,5066,17,0.12314819915498487
RQ4,x high_poverty,d_ratio,d_fuel,True,10,shock,-0.019183895423084876,0.009920112792058395,-0.03550102892886982,-0.0028667619172999294,5049,17,0.1256959319122929
RQ4,x high_poverty,d_ratio,d_fuel,True,10,shock_x_high_poverty,-0.004211760794506058,0.006562518760352744,-0.015006143579409348,0.0065826219903972315,5049,17,0.1256959319122929
RQ4,x high_poverty,d_ratio,d_fuel,True,11,shock,-0.01693462979735298,0.010172437437814425,-0.03366680041187897,-0.0002024591828269813,5032,17,0.1287957507651274
RQ4,x high_poverty,d_ratio,d_fuel,True,11,shock_x_high_poverty,-0.007987923453729243,0.006904335820466236,-0.0193445452697141,0.0033686983622556142,5032,17,0.1287957507651274
RQ4,x high_poverty,d_ratio,d_fuel,True,12,shock,-0.013135937059520963,0.009958442743162061,-0.029516117724399646,0.0032442436053577214,5015,17,0.13279304231900224
RQ4,x high_poverty,d_ratio,d_fuel,True,12,shock_x_high_poverty,-0.009456293389962903,0.007777885611411715,-0.02224977674790713,0.0033371899679813244,5015,17,0.13279304231900224
RQ4,x high_food,d_ratio,d_fuel,False,0,shock,-0.00013216142166713214,0.0031398610581475296,-0.005296773271284784,0.00503245042795052,5219,17,0.06342060416186457
RQ4,x high_food,d_ratio,d_fuel,False,0,shock_x_high_food,-0.0010557633036814811,0.001763641725145721,-0.003956695791930372,0.0018451691845674096,5219,17,0.06342060416186457
RQ4,x high_food,d_ratio,d_fuel,False,1,shock,-0.00886525889344652,0.003444300881192904,-0.01453062969018882,-0.0031998880967042207,5202,17,0.04428230807020517
RQ4,x high_food,d_ratio,d_fuel,False,1,shock_x_high_food,0.003129857645155338,0.0018475527489379075,9.090380508065777e-05,0.006168811485230017,5202,17,0.04428230807020517
RQ4,x high_food,d_ratio,d_fuel,False,2,shock,-0.0032832318454551874,0.002336656959598093,-0.007126690520391511,0.0005602268294811357,5185,17,0.04300932606025021
RQ4,x high_food,d_ratio,d_fuel,False,2,shock_x_high_food,0.0028350114172603436,0.0016294945149672633,0.0001547314542189107,0.0055152913803017765,5185,17,0.04300932606025021
RQ4,x high_food,d_ratio,d_fuel,False,3,shock,-0.004224672574066211,0.0026419552840255974,-0.008570302305239322,0.00012095715710690007,5168,17,0.04355776060664518
RQ4,x high_food,d_ratio,d_fuel,False,3,shock_x_high_food,0.0028170791637931883,0.0013766919295258204,0.0005526224503178221,0.0050815358772685545,5168,17,0.04355776060664518
RQ4,x high_food,d_ratio,d_fuel,False,4,shock,-0.004166914264114185,0.0024085054321579917,-0.00812855315973158,-0.00020527536849678993,5151,17,0.032663142384025345
RQ4,x high_food,d_ratio,d_fuel,False,4,shock_x_high_food,0.0009690332695274743,0.0015286628638936845,-0.0015453933865340773,0.003483459925589026,5151,17,0.032663142384025345
RQ4,x high_food,d_ratio,d_fuel,False,5,shock,-6.952808086920231e-05,0.0023938002956474143,-0.004006979179362358,0.0038679230176239536,5134,17,0.03260947138031467
RQ4,x high_food,d_ratio,d_fuel,False,5,shock_x_high_food,-0.0029868120531503714,0.0017111556779685776,-0.005801412676335591,-0.0001722114299651514,5134,17,0.03260947138031467
RQ4,x high_food,d_ratio,d_fuel,False,6,shock,-0.0038607877318299604,0.002890794940636305,-0.008615722274708552,0.0008941468110486312,5117,17,0.029052432104261117
RQ4,x high_food,d_ratio,d_fuel,False,6,shock_x_high_food,-0.000862503316946128,0.002243573034366554,-0.004552852559854474,0.002827845925962218,5117,17,0.029052432104261117
RQ4,x high_food,d_ratio,d_fuel,False,7,shock,0.0009702663260655573,0.0030098405065641285,-0.003980480747701905,0.00592101339983302,5100,17,0.028264530960247503
RQ4,x high_food,d_ratio,d_fuel,False,7,shock_x_high_food,-0.001412971967816119,0.002140198573519678,-0.0049332853538663285,0.002107341418234091,5100,17,0.028264530960247503
RQ4,x high_food,d_ratio,d_fuel,False,8,shock,-0.002442977711528512,0.0022200459032407165,-0.006094628267472762,0.0012086728444157375,5083,17,0.028420355969067668
RQ4,x high_food,d_ratio,d_fuel,False,8,shock_x_high_food,-0.0005748613970540898,0.0018109249776175756,-0.0035535679146253725,0.0024038451205171934,5083,17,0.028420355969067668
RQ4,x high_food,d_ratio,d_fuel,False,9,shock,0.0054800306275194785,0.002795121394855374,0.0008824650634219585,0.010077596191616998,5066,17,0.028765783095252906
RQ4,x high_food,d_ratio,d_fuel,False,9,shock_x_high_food,0.00018561489371687193,0.001705582198399684,-0.0026198181713847136,0.0029910479588184575,5066,17,0.028765783095252906
RQ4,x high_food,d_ratio,d_fuel,False,10,shock,-0.004135088474912789,0.002924130634212692,-0.008944855354277444,0.0006746784044518658,5049,17,0.03798939009952007
RQ4,x high_food,d_ratio,d_fuel,False,10,shock_x_high_food,0.0027532866776640783,0.002534176111642793,-0.0014150620909053491,0.006921635446233506,5049,17,0.03798939009952007
RQ4,x high_food,d_ratio,d_fuel,False,11,shock,0.0006837843884280067,0.003426136098351838,-0.004951707999375381,0.006319276776231394,5032,17,0.03946604887476968
RQ4,x high_food,d_ratio,d_fuel,False,11,shock_x_high_food,0.0014251839104693267,0.0016807774403685668,-0.0013394489584191223,0.004189816779357775,5032,17,0.03946604887476968
RQ4,x high_food,d_ratio,d_fuel,False,12,shock,0.0009409582141001781,0.0016574865946932952,-0.001785364622804533,0.003667281051004889,5015,17,0.041345909727781294
RQ4,x high_food,d_ratio,d_fuel,False,12,shock_x_high_food,0.0017764935501901318,0.0017263157814574436,-0.0010630432242037095,0.004616030324583973,5015,17,0.041345909727781294
RQ4,x high_food,d_ratio,d_fuel,True,0,shock,-0.00013216142166713214,0.0031398610581475296,-0.005296773271284784,0.00503245042795052,5219,17,0.06342060416186457
RQ4,x high_food,d_ratio,d_fuel,True,0,shock_x_high_food,-0.0010557633036814811,0.001763641725145721,-0.003956695791930372,0.0018451691845674096,5219,17,0.06342060416186457
RQ4,x high_food,d_ratio,d_fuel,True,1,shock,-0.009070848633227564,0.005915518951161283,-0.01880101143534537,0.0006593141688902415,5202,17,0.07431921296559008
RQ4,x high_food,d_ratio,d_fuel,True,1,shock_x_high_food,0.002116072098102883,0.0023894602334054034,-0.0018142402332703062,0.006046384429476073,5202,17,0.07431921296559008
RQ4,x high_food,d_ratio,d_fuel,True,2,shock,-0.00870768144000974,0.0051332421530479394,-0.01715111341347083,-0.00026424946654865326,5185,17,0.08126610632255438
RQ4,x high_food,d_ratio,d_fuel,True,2,shock_x_high_food,0.005270002883717415,0.003076944812531568,0.0002088790488953482,0.010331126718539483,5185,17,0.08126610632255438
RQ4,x high_food,d_ratio,d_fuel,True,3,shock,-0.018354030515802044,0.007873288828837402,-0.03130443820195175,-0.005403622829652333,5168,17,0.09187027770981815
RQ4,x high_food,d_ratio,d_fuel,True,3,shock_x_high_food,0.008263890475919395,0.002878099345031712,0.003529838329517328,0.012997942622321464,5168,17,0.09187027770981815
RQ4,x high_food,d_ratio,d_fuel,True,4,shock,-0.022375964817750782,0.007775407685084336,-0.0351653723495881,-0.00958655728591346,5151,17,0.10810262628819978
RQ4,x high_food,d_ratio,d_fuel,True,4,shock_x_high_food,0.010362111088437096,0.003323058000235424,0.004896167084179753,0.01582805509269444,5151,17,0.10810262628819978
RQ4,x high_food,d_ratio,d_fuel,True,5,shock,-0.021424492902878147,0.007558298559364145,-0.03385678770183035,-0.008992198103925946,5134,17,0.116566096714809
RQ4,x high_food,d_ratio,d_fuel,True,5,shock_x_high_food,0.007169349933160447,0.003948509640955255,0.0006746295291823398,0.013664070337138554,5134,17,0.116566096714809
RQ4,x high_food,d_ratio,d_fuel,True,6,shock,-0.023979689982479582,0.008513233566134494,-0.03798271309082092,-0.009976666874138245,5117,17,0.11978554661159158
RQ4,x high_food,d_ratio,d_fuel,True,6,shock_x_high_food,0.0059973582203471255,0.004426053777641263,-0.0012828523888883713,0.013277568829582621,5117,17,0.11978554661159158
RQ4,x high_food,d_ratio,d_fuel,True,7,shock,-0.023207229381409813,0.008195487413556852,-0.03668760657823394,-0.009726852184585686,5100,17,0.12139121863617908
RQ4,x high_food,d_ratio,d_fuel,True,7,shock_x_high_food,0.004496946300452862,0.004453454024431779,-0.002828333704095379,0.011822226305001102,5100,17,0.12139121863617908
RQ4,x high_food,d_ratio,d_fuel,True,8,shock,-0.025904476499926138,0.008755536840825456,-0.04030605302846513,-0.011502899971387152,5083,17,0.1221737451475694
RQ4,x high_food,d_ratio,d_fuel,True,8,shock_x_high_food,0.00391712460597583,0.00476509681708624,-0.0039207621763833874,0.011755011388335047,5083,17,0.1221737451475694
RQ4,x high_food,d_ratio,d_fuel,True,9,shock,-0.02036706831048966,0.009186726049608214,-0.0354778879729973,-0.0052562486479820186,5066,17,0.1231769770078569
RQ4,x high_food,d_ratio,d_fuel,True,9,shock_x_high_food,0.0040280931730049,0.0044344895060962515,-0.0032659929747757615,0.011322179320785563,5066,17,0.1231769770078569
RQ4,x high_food,d_ratio,d_fuel,True,10,shock,-0.02392431294509722,0.009323720230294487,-0.03926046798257792,-0.008588157907616516,5049,17,0.12574225360755864
RQ4,x high_food,d_ratio,d_fuel,True,10,shock_x_high_food,0.006739195906093154,0.004827892555678664,-0.0012019806746469087,0.014680372486833217,5049,17,0.12574225360755864
RQ4,x high_food,d_ratio,d_fuel,True,11,shock,-0.02388774181461174,0.009662816489929189,-0.03978166056463826,-0.00799382306458522,5032,17,0.12879552667944738
RQ4,x high_food,d_ratio,d_fuel,True,11,shock_x_high_food,0.007994147437773198,0.004650899564765982,0.0003440984200808487,0.015644196455465546,5032,17,0.12879552667944738
RQ4,x high_food,d_ratio,d_fuel,True,12,shock,-0.021587309083742016,0.009417251904819441,-0.03707731003529993,-0.006097308132184098,5015,17,0.1328076574474225
RQ4,x high_food,d_ratio,d_fuel,True,12,shock_x_high_food,0.009997404534896932,0.005163616878243462,0.0015040105845303357,0.018490798485263527,5015,17,0.1328076574474225
RQ4,x mindanao,d_ratio,d_fuel,False,0,shock,0.00020739889488629578,0.003245703689959484,-0.005131308591553339,0.0055461063813259295,5219,17,0.06354621233357638
RQ4,x mindanao,d_ratio,d_fuel,False,0,shock_x_mindanao,-0.002457209272193045,0.0037158440170066004,-0.00856922878075228,0.0036548102363661893,5219,17,0.06354621233357638
RQ4,x mindanao,d_ratio,d_fuel,False,1,shock,-0.008491011706115678,0.003190093819998156,-0.013738249096255121,-0.0032437743159762344,5202,17,0.04422977134819439
RQ4,x mindanao,d_ratio,d_fuel,False,1,shock_x_mindanao,0.0029928947608279352,0.0035600628577148728,-0.002862887542859596,0.008848677064515467,5202,17,0.04422977134819439
RQ4,x mindanao,d_ratio,d_fuel,False,2,shock,-0.003113807726834049,0.002396222654010846,-0.007055243250267072,0.0008276277965989739,5185,17,0.04304377407738369
RQ4,x mindanao,d_ratio,d_fuel,False,2,shock_x_mindanao,0.003208309620875035,0.00342988904042887,-0.0024333558073154965,0.008849975049065567,5185,17,0.04304377407738369
RQ4,x mindanao,d_ratio,d_fuel,False,3,shock,-0.0043293189660511405,0.00246164441768969,-0.008378363714752871,-0.00028027421734940893,5168,17,0.04375212625625258
RQ4,x mindanao,d_ratio,d_fuel,False,3,shock_x_mindanao,0.004039785876874428,0.0029095975904603086,-0.000746076272763475,0.00882564802651233,5168,17,0.04375212625625258
RQ4,x mindanao,d_ratio,d_fuel,False,4,shock,-0.004858842313563732,0.0026209114250547805,-0.00916985797698364,-0.0005478266501438246,5151,17,0.03292014791243003
RQ4,x mindanao,d_ratio,d_fuel,False,4,shock_x_mindanao,0.0033700302808274637,0.002438156454562319,-0.000640380206534509,0.007380440768189436,5151,17,0.03292014791243003
RQ4,x mindanao,d_ratio,d_fuel,False,5,shock,-0.0005296120211482498,0.0022607854681599283,-0.00424827319821029,0.0031890491559137903,5134,17,0.03251568599714749
RQ4,x mindanao,d_ratio,d_fuel,False,5,shock_x_mindanao,-0.0023920830415976395,0.0020319178982881013,-0.005734290566264436,0.0009501244830691564,5134,17,0.03251568599714749
RQ4,x mindanao,d_ratio,d_fuel,False,6,shock,-0.00394077865455464,0.002655338703268358,-0.008308422151410217,0.0004268648423009372,5117,17,0.02905111001635996
RQ4,x mindanao,d_ratio,d_fuel,False,6,shock_x_mindanao,-0.0008675184224344392,0.003579439763162574,-0.006755172899326718,0.00502013605445784,5117,17,0.02905111001635996
RQ4,x mindanao,d_ratio,d_fuel,False,7,shock,0.0018671508863684005,0.0029667384646843956,-0.0030126996374841702,0.006747001410220971,5100,17,0.02860101581019936
RQ4,x mindanao,d_ratio,d_fuel,False,7,shock_x_mindanao,-0.004521056136618622,0.003288275468051729,-0.009929787966659057,0.0008876756934218149,5100,17,0.02860101581019936
RQ4,x mindanao,d_ratio,d_fuel,False,8,shock,-0.0008278228784762587,0.0027112173618784826,-0.005287378589615883,0.0036317328326633657,5083,17,0.028994850661255844
RQ4,x mindanao,d_ratio,d_fuel,False,8,shock_x_mindanao,-0.005617651644303816,0.0048043125555871655,-0.013520042576369861,0.0022847392877622308,5083,17,0.028994850661255844
RQ4,x mindanao,d_ratio,d_fuel,False,9,shock,0.007059151908369819,0.0030844196261275475,0.0019857330992936184,0.01213257071744602,5066,17,0.029143310803821043
RQ4,x mindanao,d_ratio,d_fuel,False,9,shock_x_mindanao,-0.004531478769566812,0.004214660512887958,-0.011463978400559722,0.0024010208614260974,5066,17,0.029143310803821043
RQ4,x mindanao,d_ratio,d_fuel,False,10,shock,-0.0007631248510549458,0.0025066249534337888,-0.004886155997117578,0.003359906295007687,5049,17,0.03864728648998039
RQ4,x mindanao,d_ratio,d_fuel,False,10,shock_x_mindanao,-0.00664706401013452,0.004225261981744181,-0.0135970015056266,0.00030287348535756094,5049,17,0.03864728648998039
RQ4,x mindanao,d_ratio,d_fuel,False,11,shock,0.003126954806703539,0.003414881488684178,-0.0024900253955680743,0.008743935008975152,5032,17,0.03999160920418521
RQ4,x mindanao,d_ratio,d_fuel,False,11,shock_x_mindanao,-0.005550064221827495,0.00348172404294209,-0.011276990641904936,0.00017686219824994496,5032,17,0.03999160920418521
RQ4,x mindanao,d_ratio,d_fuel,False,12,shock,0.003176233715106013,0.00193822193685926,-1.1857667573848298e-05,0.0063643250977858746,5015,17,0.0416513961440913
RQ4,x mindanao,d_ratio,d_fuel,False,12,shock_x_mindanao,-0.0044789940601111106,0.0033470610428132947,-0.009984419556010534,0.0010264314357883138,5015,17,0.0416513961440913
RQ4,x mindanao,d_ratio,d_fuel,True,0,shock,0.00020739889488629578,0.003245703689959484,-0.005131308591553339,0.0055461063813259295,5219,17,0.06354621233357638
RQ4,x mindanao,d_ratio,d_fuel,True,0,shock_x_mindanao,-0.002457209272193045,0.0037158440170066004,-0.00856922878075228,0.0036548102363661893,5219,17,0.06354621233357638
RQ4,x mindanao,d_ratio,d_fuel,True,1,shock,-0.008339933258093063,0.0058155561115403286,-0.01790567182089997,0.0012258053047138461,5202,17,0.07426650918084499
RQ4,x mindanao,d_ratio,d_fuel,True,1,shock_x_mindanao,0.0005377233968617468,0.005734795456675094,-0.008895175709875105,0.009970622503598599,5202,17,0.07426650918084499
RQ4,x mindanao,d_ratio,d_fuel,True,2,shock,-0.007724688673961328,0.005088822534233976,-0.016095056876308467,0.0006456795283858105,5185,17,0.08115656112892433
RQ4,x mindanao,d_ratio,d_fuel,True,2,shock_x_mindanao,0.003881086690309574,0.007540981608773538,-0.008522724259655928,0.016284897640275076,5185,17,0.08115656112892433
RQ4,x mindanao,d_ratio,d_fuel,True,3,shock,-0.017443441033483293,0.008185853411693927,-0.03090797170740113,-0.003978910359565454,5168,17,0.0918143244861126
RQ4,x mindanao,d_ratio,d_fuel,True,3,shock_x_mindanao,0.008057810180890895,0.009316386588700775,-0.007266282089615628,0.023381902451397416,5168,17,0.0918143244861126
RQ4,x mindanao,d_ratio,d_fuel,True,4,shock,-0.022159110470371855,0.009032730577607046,-0.037016630122224274,-0.007301590818519438,5151,17,0.10827210948961363
RQ4,x mindanao,d_ratio,d_fuel,True,4,shock_x_mindanao,0.012815347524603652,0.011239598711563074,-0.005672147181589966,0.03130284223079727,5151,17,0.10827210948961363
RQ4,x mindanao,d_ratio,d_fuel,True,5,shock,-0.022214493083074216,0.009175405638669759,-0.03730669232659116,-0.007122293839557274,5134,17,0.11677967679661505
RQ4,x mindanao,d_ratio,d_fuel,True,5,shock_x_mindanao,0.011363570842047546,0.012838561591750508,-0.009753983756983144,0.032481125441078236,5134,17,0.11677967679661505
RQ4,x mindanao,d_ratio,d_fuel,True,6,shock,-0.026257788306451004,0.010830796861094182,-0.04407286380619639,-0.008442712806705617,5117,17,0.12015290411944868
RQ4,x mindanao,d_ratio,d_fuel,True,6,shock_x_mindanao,0.014589651221072948,0.015126777258735674,-0.010291683217045473,0.03947098565919137,5117,17,0.12015290411944868
RQ4,x mindanao,d_ratio,d_fuel,True,7,shock,-0.024647366553508042,0.010214664776563076,-0.04144899495933127,-0.007845738147684817,5100,17,0.12154622815973826
RQ4,x mindanao,d_ratio,d_fuel,True,7,shock_x_mindanao,0.010117272555276526,0.01341963726263393,-0.01195606646854002,0.03219061157909307,5100,17,0.12154622815973826
RQ4,x mindanao,d_ratio,d_fuel,True,8,shock,-0.025618919821246266,0.010274008771006779,-0.042518160411568,-0.008719679230924527,5083,17,0.12217440601411256
RQ4,x mindanao,d_ratio,d_fuel,True,8,shock_x_mindanao,0.0041678967409799214,0.010345558176341448,-0.012849032148212768,0.02118482563017261,5083,17,0.12217440601411256
RQ4,x mindanao,d_ratio,d_fuel,True,9,shock,-0.01844941894772546,0.009953926724663791,-0.034822171423197885,-0.002076666472253033,5066,17,0.12314811697119554
RQ4,x mindanao,d_ratio,d_fuel,True,9,shock_x_mindanao,-0.0006199124400421243,0.0082712217022256,-0.014224861456267631,0.012985036576183382,5066,17,0.12314811697119554
RQ4,x mindanao,d_ratio,d_fuel,True,10,shock,-0.018785271222784714,0.009786386954879447,-0.034882445300268745,-0.0026880971453006816,5049,17,0.12573736817217673
RQ4,x mindanao,d_ratio,d_fuel,True,10,shock_x_mindanao,-0.006862710791091768,0.007431691335745421,-0.019086755239076457,0.00536133365689292,5049,17,0.12573736817217673
RQ4,x mindanao,d_ratio,d_fuel,True,11,shock,-0.016316271972216485,0.009938314258888428,-0.032663344226732643,3.0800282299677656e-05,5032,17,0.128918609757115
RQ4,x mindanao,d_ratio,d_fuel,True,11,shock_x_mindanao,-0.012602535479806285,0.008164285965244112,-0.026031590861207064,0.0008265199015944948,5032,17,0.128918609757115
RQ4,x mindanao,d_ratio,d_fuel,True,12,shock,-0.011842405392521207,0.009641409729594574,-0.027701113155170053,0.00401630237012764,5015,17,0.13302235074976665
RQ4,x mindanao,d_ratio,d_fuel,True,12,shock_x_mindanao,-0.01662992103477947,0.009196086518588793,-0.03175613729863978,-0.0015037047709191582,5015,17,0.13302235074976665
RQ4,x island,d_ratio,d_fuel,False,0,shock,0.00034992828280042067,0.00315866612291558,-0.004845615145806016,0.005545471711406857,5219,17,0.06377335558526331
RQ4,x island,d_ratio,d_fuel,False,0,shock_x_island,-0.004343978769710707,0.0029501473638602702,-0.009196539361197596,0.0005085818217761837,5219,17,0.06377335558526331
RQ4,x island,d_ratio,d_fuel,False,1,shock,-0.006966816851583953,0.0030204540759892332,-0.0119350216935152,-0.001998612009652705,5202,17,0.044134089709689905
RQ4,x island,d_ratio,d_fuel,False,1,shock_x_island,-0.0026136909445090457,0.0026648638600286195,-0.00699700193000902,0.001769620040990929,5202,17,0.044134089709689905
RQ4,x island,d_ratio,d_fuel,False,2,shock,-0.0019281357454264101,0.0022196254096694015,-0.0055790946509947726,0.001722823160141952,5185,17,0.042783704481705875
RQ4,x island,d_ratio,d_fuel,False,2,shock_x_island,-0.0007370680314071689,0.002238311374278703,-0.0044187626136362275,0.0029446265508218895,5185,17,0.042783704481705875
RQ4,x island,d_ratio,d_fuel,False,3,shock,-0.0026257715195483317,0.0024718591411586814,-0.00669161799319634,0.0014400749540996768,5168,17,0.04340164638945754
RQ4,x island,d_ratio,d_fuel,False,3,shock_x_island,-0.001924464797737286,0.002563473533555878,-0.006141003537000778,0.0022920739415262063,5168,17,0.04340164638945754
RQ4,x island,d_ratio,d_fuel,False,4,shock,-0.004247531479903925,0.002317874663812871,-0.008060096027495451,-0.00043496693231239976,5151,17,0.03274220688273399
RQ4,x island,d_ratio,d_fuel,False,4,shock_x_island,0.0023311957777879195,0.0017990343078692042,-0.0006279523285208726,0.005290343884096712,5151,17,0.03274220688273399
RQ4,x island,d_ratio,d_fuel,False,5,shock,-0.0016510994501216323,0.002194119689411954,-0.005260105179216523,0.0019579062789732583,5134,17,0.03242425698037876
RQ4,x island,d_ratio,d_fuel,False,5,shock_x_island,0.0014843762091509417,0.002052873039182151,-0.0018922994550187116,0.004861051873320595,5134,17,0.03242425698037876
RQ4,x island,d_ratio,d_fuel,False,6,shock,-0.004058577848132397,0.0030005588319470624,-0.008994057925741795,0.0008769022294770022,5117,17,0.029046089149588616
RQ4,x island,d_ratio,d_fuel,False,6,shock_x_island,-0.0007850674996646971,0.002268249425630438,-0.0045160057942435165,0.002945870794914122,5117,17,0.029046089149588616
RQ4,x island,d_ratio,d_fuel,False,7,shock,0.0006034812085838388,0.002761006532581852,-0.003937970400570129,0.005144932817737807,5100,17,0.02824058351244796
RQ4,x island,d_ratio,d_fuel,False,7,shock_x_island,-0.0010834894733245447,0.00265209777382692,-0.005445802115633679,0.0032788231689845904,5100,17,0.02824058351244796
RQ4,x island,d_ratio,d_fuel,False,8,shock,-0.0018662424514542606,0.0020046778106951055,-0.005163644019245242,0.0014311591163367204,5083,17,0.028622896500054562
RQ4,x island,d_ratio,d_fuel,False,8,shock_x_island,-0.003822359670026288,0.0023457470361651295,-0.007680770190373167,3.605085032059143e-05,5083,17,0.028622896500054562
RQ4,x island,d_ratio,d_fuel,False,9,shock,0.006006361671387203,0.0028449208756944734,0.0013268832506111898,0.010685840092163217,5066,17,0.02882720956519924
RQ4,x island,d_ratio,d_fuel,False,9,shock_x_island,-0.002082958822265544,0.0026905156294460423,-0.00650846321372949,0.0023425455691984017,5066,17,0.02882720956519924
RQ4,x island,d_ratio,d_fuel,False,10,shock,-0.0029528230608454153,0.0024424730757133892,-0.006970333758163902,0.0010646876364730708,5049,17,0.03783499922844791
RQ4,x island,d_ratio,d_fuel,False,10,shock_x_island,-5.1072706241274516e-05,0.0021924366857304063,-0.003657310140626398,0.0035551647281438494,5049,17,0.03783499922844791
RQ4,x island,d_ratio,d_fuel,False,11,shock,0.0018611761017017648,0.0032628706793525622,-0.0035057685695049114,0.0072281207729084414,5032,17,0.03952597190499352
RQ4,x island,d_ratio,d_fuel,False,11,shock_x_island,-0.0026611169146658576,0.0020289648407879994,-0.005998467091993014,0.0006762332626612994,5032,17,0.03952597190499352
RQ4,x island,d_ratio,d_fuel,False,12,shock,0.0009380394196232992,0.001464772673943056,-0.0014712972257713425,0.0033473760650179407,5015,17,0.04146031187213928
RQ4,x island,d_ratio,d_fuel,False,12,shock_x_island,0.0035320366487281217,0.002901433071350488,-0.001240396062039678,0.008304469359495921,5015,17,0.04146031187213928
RQ4,x island,d_ratio,d_fuel,True,0,shock,0.00034992828280042067,0.00315866612291558,-0.004845615145806016,0.005545471711406857,5219,17,0.06377335558526331
RQ4,x island,d_ratio,d_fuel,True,0,shock_x_island,-0.004343978769710707,0.0029501473638602702,-0.009196539361197596,0.0005085818217761837,5219,17,0.06377335558526331
RQ4,x island,d_ratio,d_fuel,True,1,shock,-0.006660432488324559,0.005531481611255286,-0.01575891007901319,0.002438045102364072,5202,17,0.07469123135549005
RQ4,x island,d_ratio,d_fuel,True,1,shock_x_island,-0.0070122963317410655,0.004144275864112429,-0.013829023517913841,-0.00019556914556828967,5202,17,0.07469123135549005
RQ4,x island,d_ratio,d_fuel,True,2,shock,-0.004898992185881302,0.004387013226971094,-0.012114986803748787,0.002317002431986184,5185,17,0.0813488015054209
RQ4,x island,d_ratio,d_fuel,True,2,shock_x_island,-0.007438864969839814,0.004951328743593236,-0.015583076011968225,0.000705346072288596,5185,17,0.0813488015054209
RQ4,x island,d_ratio,d_fuel,True,3,shock,-0.012812413262925227,0.006873294175043462,-0.02411797611584989,-0.0015068504100005618,5168,17,0.09185305410969591
RQ4,x island,d_ratio,d_fuel,True,3,shock_x_island,-0.009673234101893137,0.005624997716450531,-0.01892553199739054,-0.00042093620639573233,5168,17,0.09185305410969591
RQ4,x island,d_ratio,d_fuel,True,4,shock,-0.01623183108480181,0.006377265666498713,-0.026721499646375317,-0.005742162523228305,5151,17,0.10784326368213148
RQ4,x island,d_ratio,d_fuel,True,4,shock_x_island,-0.00813762031171338,0.006261889001950375,-0.01843751114813899,0.0021622705247122277,5151,17,0.10784326368213148
RQ4,x island,d_ratio,d_fuel,True,5,shock,-0.017115754178073032,0.00635958091241428,-0.027576333907749013,-0.006655174448397052,5134,17,0.11647974666748073
RQ4,x island,d_ratio,d_fuel,True,5,shock_x_island,-0.00597445247266502,0.007632919338069529,-0.018529487530116715,0.006580582584786675,5134,17,0.11647974666748073
RQ4,x island,d_ratio,d_fuel,True,6,shock,-0.02011176801289207,0.007787236058338319,-0.032920631487377144,-0.007302904538407002,5117,17,0.11976215093316211
RQ4,x island,d_ratio,d_fuel,True,6,shock_x_island,-0.00608379216438233,0.00957900672667853,-0.021839856121352058,0.009672271792587396,5117,17,0.11976215093316211
RQ4,x island,d_ratio,d_fuel,True,7,shock,-0.019782738332298645,0.007384659576387216,-0.03192942242032108,-0.00763605424427621,5100,17,0.1214225518248222
RQ4,x island,d_ratio,d_fuel,True,7,shock_x_island,-0.007036274271996732,0.009531038315992965,-0.022713437214671214,0.008640888670677749,5100,17,0.1214225518248222
RQ4,x island,d_ratio,d_fuel,True,8,shock,-0.021872376528339395,0.007763988149916154,-0.03464300059633723,-0.00910175246034156,5083,17,0.12231140373111526
RQ4,x island,d_ratio,d_fuel,True,8,shock_x_island,-0.01101816152065438,0.008959065568497494,-0.025754513015093537,0.003718189973784777,5083,17,0.12231140373111526
RQ4,x island,d_ratio,d_fuel,True,9,shock,-0.01575061023978459,0.007963883740073117,-0.02885003329426371,-0.002651187185305468,5066,17,0.12338062129797467
RQ4,x island,d_ratio,d_fuel,True,9,shock_x_island,-0.01351964485234572,0.008159347640689634,-0.026940577412692002,-9.871229199943932e-05,5066,17,0.12338062129797467
RQ4,x island,d_ratio,d_fuel,True,10,shock,-0.018253241102302593,0.007695957086807379,-0.030911964029400597,-0.00559451817520459,5049,17,0.1258669157317135
RQ4,x island,d_ratio,d_fuel,True,10,shock_x_island,-0.013062401664675897,0.007522434560736004,-0.02543570543540762,-0.0006890978939441753,5049,17,0.1258669157317135
RQ4,x island,d_ratio,d_fuel,True,11,shock,-0.017094553330404237,0.008188956690892486,-0.03056418844436727,-0.0036249182164412048,5032,17,0.12896819002598414
RQ4,x island,d_ratio,d_fuel,True,11,shock_x_island,-0.01580706345791998,0.008100762141467276,-0.029131631447383604,-0.002482495468456355,5032,17,0.12896819002598414
RQ4,x island,d_ratio,d_fuel,True,12,shock,-0.014698527445314288,0.007934650785001126,-0.027749866567616736,-0.0016471883230118403,5015,17,0.13281663546713995
RQ4,x island,d_ratio,d_fuel,True,12,shock_x_island,-0.012302772607910965,0.008572435294163702,-0.02640317389332294,0.001797628677501011,5015,17,0.13281663546713995
ROB,a dubai crude php,d_cpi_all,d_dubai_php,False,0,shock,0.009888340823504732,0.002344390612514553,0.006032161421519186,0.013744520225490279,308,1,0.22644117967474742
ROB,a dubai crude php,d_cpi_all,d_dubai_php,False,1,shock,0.014415361401550055,0.004002035124516351,0.007832599411802147,0.020998123391297963,307,1,0.11747042643877714
ROB,a dubai crude php,d_cpi_all,d_dubai_php,False,2,shock,0.0007524591360481974,0.0027166661266862405,-0.0037160589956478727,0.005220977267744268,306,1,0.11482015198139406
ROB,a dubai crude php,d_cpi_all,d_dubai_php,False,3,shock,-0.0009603687661248284,0.0018744259300754894,-0.0040435250556613836,0.0021227875234117273,305,1,0.1219116188961582
ROB,a dubai crude php,d_cpi_all,d_dubai_php,False,4,shock,0.004219704651419767,0.0018885021944682668,0.001113394967342824,0.007326014335496711,304,1,0.11671086267700015
ROB,a dubai crude php,d_cpi_all,d_dubai_php,False,5,shock,0.0029733158080743594,0.00214591556519547,-0.0005564011924690275,0.006503032808617746,303,1,0.11768777085349502
ROB,a dubai crude php,d_cpi_all,d_dubai_php,False,6,shock,0.0032214599413782474,0.0018457112053717611,0.00018553517091753242,0.006257384711838962,302,1,0.11622552052164759
ROB,a dubai crude php,d_cpi_all,d_dubai_php,False,7,shock,0.00393393874451901,0.0021365226405293345,0.00041967173018039785,0.007448205758857623,301,1,0.11233884256802196
ROB,a dubai crude php,d_cpi_all,d_dubai_php,False,8,shock,0.001997604898766579,0.0022545803604302117,-0.001710849784340612,0.00570605958187377,300,1,0.10964006302715501
ROB,a dubai crude php,d_cpi_all,d_dubai_php,False,9,shock,0.0004065001570632307,0.002828516411936534,-0.004245995322002341,0.0050589956361288034,299,1,0.10830853548580066
ROB,a dubai crude php,d_cpi_all,d_dubai_php,False,10,shock,0.0028118744199547552,0.00289849356324891,-0.0019557232302507108,0.007579472070160222,298,1,0.11997593749851676
ROB,a dubai crude php,d_cpi_all,d_dubai_php,False,11,shock,9.920764072650348e-05,0.002455596103463384,-0.003939888516383146,0.004138303797836153,297,1,0.119500753714461
ROB,a dubai crude php,d_cpi_all,d_dubai_php,False,12,shock,0.000945405053362227,0.002198968230924969,-0.002671575816825771,0.004562385923550225,296,1,0.12060299237215455
ROB,a dubai crude php,d_cpi_all,d_dubai_php,True,0,shock,0.009888340823504732,0.002344390612514553,0.006032161421519186,0.013744520225490279,308,1,0.22644117967474742
ROB,a dubai crude php,d_cpi_all,d_dubai_php,True,1,shock,0.024255986511951093,0.00551594561377849,0.01518306336306048,0.033328909660841705,307,1,0.21087895089389241
ROB,a dubai crude php,d_cpi_all,d_dubai_php,True,2,shock,0.019635103865602372,0.005047329399106708,0.011332985797062907,0.02793722193414184,306,1,0.26306195055887227
ROB,a dubai crude php,d_cpi_all,d_dubai_php,True,3,shock,0.019398659497806833,0.004221525950880918,0.012454867226230593,0.026342451769383074,305,1,0.2924378986467563
ROB,a dubai crude php,d_cpi_all,d_dubai_php,True,4,shock,0.026070286765134117,0.005194407240184451,0.017526247176253736,0.0346143263540145,304,1,0.322560446528494
ROB,a dubai crude php,d_cpi_all,d_dubai_php,True,5,shock,0.029150357534264884,0.005685629003032915,0.01979833004712571,0.03850238502140406,303,1,0.33257769394079684
ROB,a dubai crude php,d_cpi_all,d_dubai_php,True,6,shock,0.029912944383393404,0.005888351838260636,0.020227467505464027,0.03959842126132278,302,1,0.3425101696653118
ROB,a dubai crude php,d_cpi_all,d_dubai_php,True,7,shock,0.034847586630010106,0.00673266355757466,0.023773340558289426,0.04592183270173079,301,1,0.3427656909859712
ROB,a dubai crude php,d_cpi_all,d_dubai_php,True,8,shock,0.036656811274692704,0.00747962012974421,0.024353930976063698,0.04895969157332171,300,1,0.3406357429848669
ROB,a dubai crude php,d_cpi_all,d_dubai_php,True,9,shock,0.037550465490021424,0.008268196713591625,0.023950492137321998,0.05115043884272085,299,1,0.3464427629414468
ROB,a dubai crude php,d_cpi_all,d_dubai_php,True,10,shock,0.0398810619277724,0.009964337355940643,0.023491185487685393,0.056270938367859416,298,1,0.3563514980745346
ROB,a dubai crude php,d_cpi_all,d_dubai_php,True,11,shock,0.040487237083147075,0.009256210161311172,0.025262126227489322,0.05571234793880483,297,1,0.3752967070801173
ROB,a dubai crude php,d_cpi_all,d_dubai_php,True,12,shock,0.04104468601877478,0.008588912295848959,0.026917182477379523,0.05517218956017003,296,1,0.3848251484134084
ROB,b macro controls,d_cpi_all,d_fuel,False,0,shock,0.042972615443752825,0.006621175358073183,0.032081751141344435,0.053863479746161215,308,1,0.37565044196404807
ROB,b macro controls,d_cpi_all,d_fuel,False,1,shock,0.035578235940147175,0.010790444991452229,0.017829533359536628,0.05332693852075772,307,1,0.16174848099397698
ROB,b macro controls,d_cpi_all,d_fuel,False,2,shock,-0.021108433777477686,0.009490191909514908,-0.036718410360308804,-0.005498457194646571,306,1,0.1698250901309174
ROB,b macro controls,d_cpi_all,d_fuel,False,3,shock,0.009558165219434332,0.007101399544316725,-0.0021225975774665645,0.02123892801633523,305,1,0.14271592805155597
ROB,b macro controls,d_cpi_all,d_fuel,False,4,shock,-0.006424575016729653,0.006697077396266099,-0.017440287061952667,0.004591137028493362,304,1,0.12501552357127133
ROB,b macro controls,d_cpi_all,d_fuel,False,5,shock,0.01280883046238854,0.006155931582931803,0.0026832240709380468,0.022934436853839037,303,1,0.13993272682883517
ROB,b macro controls,d_cpi_all,d_fuel,False,6,shock,0.00619810523432384,0.007055188828447814,-0.0054066476989760555,0.017802858167623736,302,1,0.1459021795827946
ROB,b macro controls,d_cpi_all,d_fuel,False,7,shock,0.0010355250062256923,0.006189141226208207,-0.009144706387417758,0.011215756399869143,301,1,0.13986215311774652
ROB,b macro controls,d_cpi_all,d_fuel,False,8,shock,0.01362345809475218,0.007607394533736153,0.0011104076042854644,0.026136508585218897,300,1,0.16436135757029136
ROB,b macro controls,d_cpi_all,d_fuel,False,9,shock,-0.010764298783825153,0.007588481879423957,-0.02324624072625117,0.0017176431586008664,299,1,0.153634854179025
ROB,b macro controls,d_cpi_all,d_fuel,False,10,shock,0.004383606903113605,0.00995824051675908,-0.01199624112893267,0.02076345493515988,298,1,0.17724551471327488
ROB,b macro controls,d_cpi_all,d_fuel,False,11,shock,-0.008447344639036292,0.007783063842292757,-0.021249345428826394,0.004354656150753811,297,1,0.1494101217756918
ROB,b macro controls,d_cpi_all,d_fuel,False,12,shock,0.002842501937415861,0.00856117459439221,-0.011239377145134965,0.016924381019966687,296,1,0.1864160796609866
ROB,b macro controls,d_cpi_all,d_fuel,True,0,shock,0.042972615443752825,0.006621175358073183,0.032081751141344435,0.053863479746161215,308,1,0.37565044196404807
ROB,b macro controls,d_cpi_all,d_fuel,True,1,shock,0.07876977973101716,0.013862278081122899,0.05596836135147226,0.10157119811056206,307,1,0.34067596657173627
ROB,b macro controls,d_cpi_all,d_fuel,True,2,shock,0.040621641893551184,0.011316119689501223,0.02200828137925813,0.05923500240784424,306,1,0.3230568733680669
ROB,b macro controls,d_cpi_all,d_fuel,True,3,shock,0.0725796816929245,0.015660135272338886,0.0468210513916672,0.0983383119941818,305,1,0.3324655549707306
ROB,b macro controls,d_cpi_all,d_fuel,True,4,shock,0.056683677899592985,0.010946220663859384,0.03867874713923272,0.07468860865995325,304,1,0.376442073223321
ROB,b macro controls,d_cpi_all,d_fuel,True,5,shock,0.07018191949074468,0.013270112112446306,0.048354527452534705,0.09200931152895464,303,1,0.3939434410363699
ROB,b macro controls,d_cpi_all,d_fuel,True,6,shock,0.07396578779393798,0.015237442375408377,0.04890242543728345,0.0990291501505925,302,1,0.41228691615519586
ROB,b macro controls,d_cpi_all,d_fuel,True,7,shock,0.07658591635787378,0.01487542508034041,0.05211801946203096,0.1010538132537166,301,1,0.4234123703583358
ROB,b macro controls,d_cpi_all,d_fuel,True,8,shock,0.08831553432419853,0.01597508389560073,0.062038859637665617,0.11459220901073144,300,1,0.43868864594976653
ROB,b macro controls,d_cpi_all,d_fuel,True,9,shock,0.07328423847482791,0.015353868079632826,0.04802937287630943,0.0985391040733464,299,1,0.4612488859997794
ROB,b macro controls,d_cpi_all,d_fuel,True,10,shock,0.07477442844534521,0.01773126246122251,0.04560909707557488,0.10393975981511554,298,1,0.48467875984890796
ROB,b macro controls,d_cpi_all,d_fuel,True,11,shock,0.06741575288604922,0.018114744780349606,0.03761964923279092,0.09721185653930751,297,1,0.5141239677792225
ROB,b macro controls,d_cpi_all,d_fuel,True,12,shock,0.07198054648402935,0.0198919905032861,0.03926113375741497,0.10469995921064373,296,1,0.5305552215415328
ROB,c p=6,d_cpi_all,d_fuel,False,0,shock,0.04366089434504086,0.005871038265413233,0.03400389576020502,0.0533178929298767,308,1,0.369266928085636
ROB,c p=6,d_cpi_all,d_fuel,False,1,shock,0.03714052042465277,0.01007578968139941,0.020567321222802727,0.05371371962650281,307,1,0.16189999152288503
ROB,c p=6,d_cpi_all,d_fuel,False,2,shock,-0.014705088430862824,0.010871162541079603,-0.03258655956573659,0.0031763827040109435,306,1,0.15600818592078547
ROB,c p=6,d_cpi_all,d_fuel,False,3,shock,0.0068536188432751655,0.008479334896996977,-0.007093645916186499,0.020800883602736832,305,1,0.15522270249916448
ROB,c p=6,d_cpi_all,d_fuel,False,4,shock,0.0008731559516302924,0.009142024922956054,-0.014164136900574727,0.01591044880383531,304,1,0.1466113758754164
ROB,c p=6,d_cpi_all,d_fuel,False,5,shock,0.010868958555466563,0.008641950406916876,-0.003345784915285411,0.025083702026218537,303,1,0.14628276936498896
ROB,c p=6,d_cpi_all,d_fuel,False,6,shock,0.010834524940400828,0.006291175210375859,0.0004864625778269061,0.021182587302974752,302,1,0.17784090695865717
ROB,c p=6,d_cpi_all,d_fuel,False,7,shock,0.006593355817264385,0.00692512024970148,-0.004797453342532178,0.01798416497706095,301,1,0.17422661219586721
ROB,c p=6,d_cpi_all,d_fuel,False,8,shock,0.011507407268508133,0.006899323433202296,0.0001590300958940541,0.022855784441122212,300,1,0.1882637821462949
ROB,c p=6,d_cpi_all,d_fuel,False,9,shock,-0.0054871581514218766,0.0072913143030877495,-0.017480302928098906,0.006505986625255154,299,1,0.1801744756890129
ROB,c p=6,d_cpi_all,d_fuel,False,10,shock,0.011693162952758893,0.0063705773979123356,0.0012144956140277153,0.02217183029149007,298,1,0.17815399033186174
ROB,c p=6,d_cpi_all,d_fuel,False,11,shock,-0.004815659212468209,0.005700979517470382,-0.01419293604895542,0.004561617624019003,297,1,0.165205298783612
ROB,c p=6,d_cpi_all,d_fuel,False,12,shock,0.005720023778260442,0.006793740412299775,-0.005454684779477635,0.016894732335998516,296,1,0.1354005938763937
ROB,c p=6,d_cpi_all,d_fuel,True,0,shock,0.04366089434504086,0.005871038265413233,0.03400389576020502,0.0533178929298767,308,1,0.369266928085636
ROB,c p=6,d_cpi_all,d_fuel,True,1,shock,0.08081156087804257,0.012022189170459859,0.06103681941711496,0.10058630233897019,307,1,0.35280530972631197
ROB,c p=6,d_cpi_all,d_fuel,True,2,shock,0.045988156468482054,0.010020405746797972,0.029506055732336035,0.06247025720462807,306,1,0.3477492361855672
ROB,c p=6,d_cpi_all,d_fuel,True,3,shock,0.07135081318115895,0.01572562165779302,0.04548446736127147,0.09721715900104642,305,1,0.3604078723033989
ROB,c p=6,d_cpi_all,d_fuel,True,4,shock,0.062230192758124504,0.009151688653738393,0.047177004483292276,0.07728338103295673,304,1,0.4163792591166334
ROB,c p=6,d_cpi_all,d_fuel,True,5,shock,0.07286640317048672,0.013638960077554064,0.050432310219075585,0.09530049612189785,303,1,0.4344147959227723
ROB,c p=6,d_cpi_all,d_fuel,True,6,shock,0.08395048676122577,0.015807523897702548,0.05794942374496766,0.10995154977748388,302,1,0.4547176146760056
ROB,c p=6,d_cpi_all,d_fuel,True,7,shock,0.09003126419703715,0.015349823935191747,0.06478305062417049,0.11527947776990381,301,1,0.4607171405048063
ROB,c p=6,d_cpi_all,d_fuel,True,8,shock,0.10114192209301559,0.016841033414232924,0.07344088720000364,0.12884295698602755,300,1,0.47319064052720006
ROB,c p=6,d_cpi_all,d_fuel,True,9,shock,0.09562740216577499,0.01903224510771482,0.06432214477132087,0.12693265956022912,299,1,0.4851466552870398
ROB,c p=6,d_cpi_all,d_fuel,True,10,shock,0.10653593496613896,0.020073140208749642,0.07351855748947167,0.13955331244280625,298,1,0.4859972899443269
ROB,c p=6,d_cpi_all,d_fuel,True,11,shock,0.10002066750123431,0.01928088296506508,0.06830643722532016,0.13173489777714847,297,1,0.49673919652909915
ROB,c p=6,d_cpi_all,d_fuel,True,12,shock,0.10652180519127152,0.019755893254887802,0.07402625251730319,0.13901735786523986,296,1,0.494281700126313
ROB,c p=18,d_cpi_all,d_fuel,False,0,shock,0.045025367020126605,0.005685248347583369,0.03567396565548424,0.05437676838476897,308,1,0.4120284004086219
ROB,c p=18,d_cpi_all,d_fuel,False,1,shock,0.04191807627510184,0.009189708202213289,0.02680235140806562,0.05703380114213806,307,1,0.2066893523921861
ROB,c p=18,d_cpi_all,d_fuel,False,2,shock,-0.016760808496987523,0.010760328921422797,-0.034459974550580634,0.0009383575566055888,306,1,0.19195495485711322
ROB,c p=18,d_cpi_all,d_fuel,False,3,shock,0.012171314405428079,0.007932528417814146,-0.0008765337335091411,0.0252191625443653,305,1,0.19121108388387853
ROB,c p=18,d_cpi_all,d_fuel,False,4,shock,0.00033920837777234696,0.00830112832816128,-0.013314932660593347,0.013993349416138041,304,1,0.2028594557151644
ROB,c p=18,d_cpi_all,d_fuel,False,5,shock,0.0102437653051085,0.007075977551151506,-0.0013951820341302525,0.02188271264434725,303,1,0.20079887500147386
ROB,c p=18,d_cpi_all,d_fuel,False,6,shock,0.012334495258726126,0.0061177775461722,0.002271646673022506,0.02239734384442975,302,1,0.21046511910515397
ROB,c p=18,d_cpi_all,d_fuel,False,7,shock,-0.00019298409866115254,0.005427832827453817,-0.009120974611384827,0.008735006414062522,301,1,0.20688523937208358
ROB,c p=18,d_cpi_all,d_fuel,False,8,shock,0.011326083783099126,0.006346264379190923,0.000887407801394003,0.02176475976480425,300,1,0.2041705363230799
ROB,c p=18,d_cpi_all,d_fuel,False,9,shock,-0.003787051776579207,0.006968594851025942,-0.015249370292044581,0.0076752667388861676,299,1,0.1931377458481307
ROB,c p=18,d_cpi_all,d_fuel,False,10,shock,0.01180719972045391,0.006651835441100831,0.0008659040692748608,0.022748495371632958,298,1,0.20273770579117878
ROB,c p=18,d_cpi_all,d_fuel,False,11,shock,-0.006350359421146094,0.007220943934447667,-0.018227755241735574,0.0055270363994433845,297,1,0.1886254154127146
ROB,c p=18,d_cpi_all,d_fuel,False,12,shock,0.005889496971323526,0.007324932435282472,-0.006158944712025327,0.01793793865467238,296,1,0.1750524393632923
ROB,c p=18,d_cpi_all,d_fuel,True,0,shock,0.045025367020126605,0.005685248347583369,0.03567396565548424,0.05437676838476897,308,1,0.4120284004086219
ROB,c p=18,d_cpi_all,d_fuel,True,1,shock,0.08716356249121782,0.01134127717030472,0.06850882160338016,0.10581830337905547,307,1,0.38563306569329125
ROB,c p=18,d_cpi_all,d_fuel,True,2,shock,0.05039562711824319,0.00996768661834459,0.034000241631743436,0.06679101260474295,306,1,0.3715465724346404
ROB,c p=18,d_cpi_all,d_fuel,True,3,shock,0.08090057737971539,0.014913216521622372,0.05637051909461221,0.10543063566481856,305,1,0.3785059455153903
ROB,c p=18,d_cpi_all,d_fuel,True,4,shock,0.06771036289438156,0.009017228951147179,0.05287834114903531,0.08254238463972782,304,1,0.44260451303962955
ROB,c p=18,d_cpi_all,d_fuel,True,5,shock,0.07901233519833752,0.011157859158025892,0.06065929009324493,0.0973653803034301,303,1,0.4648187864128589
ROB,c p=18,d_cpi_all,d_fuel,True,6,shock,0.09326775708270446,0.013910720284338733,0.07038665836950248,0.11614885579590645,302,1,0.4775352042369916
ROB,c p=18,d_cpi_all,d_fuel,True,7,shock,0.09199107683221379,0.013671864407326994,0.06950286107463324,0.11447929258979433,301,1,0.4825672458186385
ROB,c p=18,d_cpi_all,d_fuel,True,8,shock,0.1032463035675097,0.014641031736870234,0.07916394941280709,0.12732865772221233,300,1,0.4896890926756067
ROB,c p=18,d_cpi_all,d_fuel,True,9,shock,0.09899986934279008,0.017224069191897548,0.07066879666163428,0.12733094202394588,299,1,0.49876309479007963
ROB,c p=18,d_cpi_all,d_fuel,True,10,shock,0.10926068087680765,0.01730673314756079,0.08079363808836101,0.1377277236652543,298,1,0.49829221247421873
ROB,c p=18,d_cpi_all,d_fuel,True,11,shock,0.10091637432148265,0.01763345915888119,0.07191191506829626,0.12992083357466902,297,1,0.5054624075173528
ROB,c p=18,d_cpi_all,d_fuel,True,12,shock,0.10859074307164729,0.01824382446296926,0.07858232223426631,0.13859916390902827,296,1,0.5037901055331169
ROB,d excl 2020,d_cpi_all,d_fuel,False,0,shock,0.04714316508686366,0.005789555238895975,0.03762019415372972,0.05666613601999761,296,1,0.4108366588073681
ROB,d excl 2020,d_cpi_all,d_fuel,False,1,shock,0.04103790105702142,0.010460916912268624,0.023831223932638375,0.05824457818140446,295,1,0.18808371005720004
ROB,d excl 2020,d_cpi_all,d_fuel,False,2,shock,-0.018392059080522816,0.01102454133860325,-0.03652581588680081,-0.0002583022742448232,294,1,0.18387158477100507
ROB,d excl 2020,d_cpi_all,d_fuel,False,3,shock,0.013620250576181008,0.008059641784122475,0.0003633195556375212,0.026877181596724496,293,1,0.19901593114683858
ROB,d excl 2020,d_cpi_all,d_fuel,False,4,shock,-0.0045378699090555495,0.008870953654106537,-0.019129290201531104,0.010053550383420004,292,1,0.20155639885526178
ROB,d excl 2020,d_cpi_all,d_fuel,False,5,shock,0.012873028622356368,0.00820594939880166,-0.0006245570088427958,0.02637061425355553,291,1,0.2044396625605286
ROB,d excl 2020,d_cpi_all,d_fuel,False,6,shock,0.010774404736706277,0.006594696053724533,-7.29049859050819e-05,0.021621714459317636,290,1,0.19857242149042775
ROB,d excl 2020,d_cpi_all,d_fuel,False,7,shock,0.0035849381905658367,0.0059239324385350995,-0.006159063566774101,0.013328939947905774,289,1,0.20175016096395948
ROB,d excl 2020,d_cpi_all,d_fuel,False,8,shock,0.0141012506853967,0.007116488288353904,0.002395669113140108,0.025806832257653293,288,1,0.20508200047431235
ROB,d excl 2020,d_cpi_all,d_fuel,False,9,shock,0.00041220419895210723,0.00640114342654789,-0.010116739782841763,0.010941148180745978,287,1,0.19463002759413783
ROB,d excl 2020,d_cpi_all,d_fuel,False,10,shock,0.012657068724899457,0.006833514794143435,0.001416937130926086,0.023897200318872828,286,1,0.2155492922020209
ROB,d excl 2020,d_cpi_all,d_fuel,False,11,shock,-0.009576154281990842,0.007744080166250986,-0.022314032630851736,0.0031617240668700506,285,1,0.18757017495273132
ROB,d excl 2020,d_cpi_all,d_fuel,False,12,shock,0.005146567839580994,0.007723580634312666,-0.007557591779820347,0.017850727458982335,284,1,0.185885701548128
ROB,d excl 2020,d_cpi_all,d_fuel,True,0,shock,0.04714316508686366,0.005789555238895975,0.03762019415372972,0.05666613601999761,296,1,0.4108366588073681
ROB,d excl 2020,d_cpi_all,d_fuel,True,1,shock,0.08823149689479487,0.011921942342543063,0.06862164679235658,0.10784134699723316,295,1,0.38245090035302076
ROB,d excl 2020,d_cpi_all,d_fuel,True,2,shock,0.04985854464392846,0.010123906612608797,0.03320620013326088,0.06651088915459603,294,1,0.3760462506288951
ROB,d excl 2020,d_cpi_all,d_fuel,True,3,shock,0.08234594591797714,0.01545925225452215,0.05691773877716866,0.10777415305878563,293,1,0.39198762366416917
ROB,d excl 2020,d_cpi_all,d_fuel,True,4,shock,0.06651083747557648,0.010029981046223909,0.05001298677344057,0.0830086881777124,292,1,0.4461491853980677
ROB,d excl 2020,d_cpi_all,d_fuel,True,5,shock,0.0767863983459678,0.012276004269010116,0.056594168199614756,0.09697862849232085,291,1,0.4604469972385944
ROB,d excl 2020,d_cpi_all,d_fuel,True,6,shock,0.08589572203623227,0.016337955151573786,0.05902217724819564,0.11276926682426891,290,1,0.46926428591869473
ROB,d excl 2020,d_cpi_all,d_fuel,True,7,shock,0.09006472457474256,0.015002330917469917,0.06538808615241595,0.11474136299706916,289,1,0.468590200694483
ROB,d excl 2020,d_cpi_all,d_fuel,True,8,shock,0.10516596357966339,0.0164676721131506,0.0780790533769,0.13225287378242676,288,1,0.4781425619484382
ROB,d excl 2020,d_cpi_all,d_fuel,True,9,shock,0.10380334760403936,0.017680879616268023,0.07472088863952855,0.13288580656855017,287,1,0.49126672027898277
ROB,d excl 2020,d_cpi_all,d_fuel,True,10,shock,0.11553604511755891,0.016829741512248406,0.08785358375048137,0.14321850648463647,286,1,0.5012688110311652
ROB,d excl 2020,d_cpi_all,d_fuel,True,11,shock,0.10490944000024613,0.01666860224490802,0.07749202914149772,0.13232685085899454,285,1,0.516472691994073
ROB,d excl 2020,d_cpi_all,d_fuel,True,12,shock,0.11088840182486777,0.01668105585110212,0.08345050660680237,0.13832629704293317,284,1,0.5143884551935223
ROB,d excl 2026,d_cpi_all,d_fuel,False,0,shock,0.039550706612658505,0.0063521880675419095,0.029102287030684335,0.049999126194632676,300,1,0.3480530525768588
ROB,d excl 2026,d_cpi_all,d_fuel,False,1,shock,0.028058172807428117,0.007854115268051527,0.015139302822278627,0.040977042792577606,300,1,0.16829030459801153
ROB,d excl 2026,d_cpi_all,d_fuel,False,2,shock,-0.007764424195491009,0.006378084985180367,-0.018255440416369662,0.002726592025387644,300,1,0.1597277343970206
ROB,d excl 2026,d_cpi_all,d_fuel,False,3,shock,0.00923253131132568,0.005573721691127924,6.457497205581905e-05,0.01840048765059554,300,1,0.16800823035285684
ROB,d excl 2026,d_cpi_all,d_fuel,False,4,shock,0.004308462718551092,0.007820603716182796,-0.008555285668962343,0.017172211106064525,300,1,0.20626723668862001
ROB,d excl 2026,d_cpi_all,d_fuel,False,5,shock,0.009833516010136671,0.007140004743680132,-0.00191074668895631,0.021577778709229653,300,1,0.18838692297099113
ROB,d excl 2026,d_cpi_all,d_fuel,False,6,shock,0.0129565950399364,0.005903346001934545,0.0032464549575048907,0.022666735122367908,300,1,0.18443714378632736
ROB,d excl 2026,d_cpi_all,d_fuel,False,7,shock,0.002359325853160738,0.0059181994863253245,-0.007375246036943812,0.012093897743265289,300,1,0.17761600641024722
ROB,d excl 2026,d_cpi_all,d_fuel,False,8,shock,0.01089872732798121,0.006732824635318795,-0.00017578369305113264,0.021973238349013553,300,1,0.18724994420565555
ROB,d excl 2026,d_cpi_all,d_fuel,False,9,shock,-0.005803857382973053,0.0073732090039208414,-0.0179317069553435,0.006323992189397394,299,1,0.17745190714944703
ROB,d excl 2026,d_cpi_all,d_fuel,False,10,shock,0.00977903965883857,0.006631310019790943,-0.0011284946786542013,0.020686573996331344,298,1,0.19915329034203477
ROB,d excl 2026,d_cpi_all,d_fuel,False,11,shock,-0.0055967180071683316,0.006655595395546595,-0.016544198233054665,0.005350762218718003,297,1,0.1749638484774123
ROB,d excl 2026,d_cpi_all,d_fuel,False,12,shock,0.00587920736030249,0.007071397062799733,-0.005752205746057639,0.01751062046666262,296,1,0.18096919326387362
ROB,d excl 2026,d_cpi_all,d_fuel,True,0,shock,0.039550706612658505,0.0063521880675419095,0.029102287030684335,0.049999126194632676,300,1,0.3480530525768588
ROB,d excl 2026,d_cpi_all,d_fuel,True,1,shock,0.06760887942008661,0.012088447722195715,0.04772515234001973,0.0874926065001535,300,1,0.30678379902101405
ROB,d excl 2026,d_cpi_all,d_fuel,True,2,shock,0.03324099174935801,0.009668422447926213,0.01733785201898755,0.04914413147972847,300,1,0.31889150284914103
ROB,d excl 2026,d_cpi_all,d_fuel,True,3,shock,0.05378803244901459,0.01188006893609044,0.03424705797105271,0.07332900692697647,300,1,0.33727249113824465
ROB,d excl 2026,d_cpi_all,d_fuel,True,4,shock,0.06434375164379919,0.01210531124880855,0.04443228653081999,0.08425521675677838,300,1,0.40470054844404224
ROB,d excl 2026,d_cpi_all,d_fuel,True,5,shock,0.07223688234790614,0.012133499939754974,0.0522790509643847,0.09219471373142757,300,1,0.42476404062363304
ROB,d excl 2026,d_cpi_all,d_fuel,True,6,shock,0.08723685788044351,0.014358091675437824,0.06361989871199787,0.11085381704888915,300,1,0.44321409669903467
ROB,d excl 2026,d_cpi_all,d_fuel,True,7,shock,0.08893448191158827,0.01416702911597565,0.06563179268704862,0.11223717113612793,300,1,0.4528084440286434
ROB,d excl 2026,d_cpi_all,d_fuel,True,8,shock,0.09946934392604607,0.015270387741486008,0.07435179126450751,0.12458689658758464,300,1,0.4673504254181202
ROB,d excl 2026,d_cpi_all,d_fuel,True,9,shock,0.0927507237185749,0.0182452481592595,0.06273996110918724,0.12276148632796256,299,1,0.4786821361695509
ROB,d excl 2026,d_cpi_all,d_fuel,True,10,shock,0.10131003569506179,0.0184660833769657,0.07093603147687147,0.13168403991325212,298,1,0.48618529850220593
ROB,d excl 2026,d_cpi_all,d_fuel,True,11,shock,0.09466653373861747,0.0172009547499641,0.06637348093111087,0.12295958654612407,297,1,0.5013772732374007
ROB,d excl 2026,d_cpi_all,d_fuel,True,12,shock,0.10162321606557137,0.017436490134327385,0.07294274202681941,0.13030369010432333,296,1,0.501624814261036
ROB,e splice dummies,d_cpi_all,d_fuel,False,0,shock,0.04342248657736011,0.005961924692226463,0.03361599312373987,0.053228980030980345,308,1,0.401664128608891
ROB,e splice dummies,d_cpi_all,d_fuel,False,1,shock,0.039647494489661254,0.009884601031579357,0.023388772631899684,0.05590621634742282,307,1,0.19215777702250803
ROB,e splice dummies,d_cpi_all,d_fuel,False,2,shock,-0.019016823977925684,0.010122471195144719,-0.03566680743697127,-0.00236684051888009,306,1,0.1852258204028755
ROB,e splice dummies,d_cpi_all,d_fuel,False,3,shock,0.012591318938312515,0.007283053883987876,0.0006117613419520506,0.024570876534672978,305,1,0.19190467041593762
ROB,e splice dummies,d_cpi_all,d_fuel,False,4,shock,-0.0021870606633175964,0.008157225091847646,-0.015604501941502754,0.011230380614867561,304,1,0.1798933578833557
ROB,e splice dummies,d_cpi_all,d_fuel,False,5,shock,0.012700982217965227,0.007222015979958029,0.000821823039429773,0.02458014139650068,303,1,0.17893900984961686
ROB,e splice dummies,d_cpi_all,d_fuel,False,6,shock,0.012252977533371219,0.0061458157557907015,0.0021440101968833794,0.022361944869859058,302,1,0.17535655605152722
ROB,e splice dummies,d_cpi_all,d_fuel,False,7,shock,0.001296435695306483,0.005833552015146602,-0.008298903494817475,0.01089177488543044,301,1,0.19231765466220108
ROB,e splice dummies,d_cpi_all,d_fuel,False,8,shock,0.011333024588982471,0.0066347449877871756,0.00041984023192263506,0.022246208946042307,300,1,0.19475021788484936
ROB,e splice dummies,d_cpi_all,d_fuel,False,9,shock,-0.005443325176005655,0.007393365238643062,-0.017604328804164633,0.006717678452153321,299,1,0.17438814650024725
ROB,e splice dummies,d_cpi_all,d_fuel,False,10,shock,0.010889027668967138,0.006474817498344305,0.0002389006229666507,0.021539154714967625,298,1,0.21916346992935754
ROB,e splice dummies,d_cpi_all,d_fuel,False,11,shock,-0.00504368240699438,0.006839255319485944,-0.016293256324897983,0.0062058915109092245,297,1,0.1796544816918869
ROB,e splice dummies,d_cpi_all,d_fuel,False,12,shock,0.005594119635838517,0.00716814607112148,-0.006196431427763594,0.01738467069944063,296,1,0.1757664476158194
ROB,e splice dummies,d_cpi_all,d_fuel,True,0,shock,0.04342248657736011,0.005961924692226463,0.03361599312373987,0.053228980030980345,308,1,0.401664128608891
ROB,e splice dummies,d_cpi_all,d_fuel,True,1,shock,0.0831301372050416,0.012247378523720393,0.06298499221965255,0.10327528219043065,307,1,0.37026653140486543
ROB,e splice dummies,d_cpi_all,d_fuel,True,2,shock,0.0441396079985656,0.010302298364446127,0.02719383516787017,0.061085380829261036,306,1,0.3579290958592807
ROB,e splice dummies,d_cpi_all,d_fuel,True,3,shock,0.07728253111716883,0.015374219277086987,0.05199419077770506,0.1025708714566326,305,1,0.3732048797056039
ROB,e splice dummies,d_cpi_all,d_fuel,True,4,shock,0.06344757290763997,0.0089333188493432,0.04875357099758386,0.07814157481769608,304,1,0.4197502649943343
ROB,e splice dummies,d_cpi_all,d_fuel,True,5,shock,0.07568692979031312,0.011582083110699052,0.0566360983780264,0.09473776120259984,303,1,0.4340340175673739
ROB,e splice dummies,d_cpi_all,d_fuel,True,6,shock,0.08608646523943407,0.015001904990436247,0.061410527404733614,0.11076240307413453,302,1,0.44696175659133786
ROB,e splice dummies,d_cpi_all,d_fuel,True,7,shock,0.08651193559394975,0.013946166316230846,0.06357253334662899,0.10945133784127051,301,1,0.457128109446178
ROB,e splice dummies,d_cpi_all,d_fuel,True,8,shock,0.09828850856363747,0.015173528680498745,0.07333027487986692,0.12324674224740802,300,1,0.46620097758578305
ROB,e splice dummies,d_cpi_all,d_fuel,True,9,shock,0.09192957311068388,0.018259059780275175,0.0618960924063745,0.12196305381499326,299,1,0.47610008323225306
ROB,e splice dummies,d_cpi_all,d_fuel,True,10,shock,0.10145642638675283,0.01868958295441057,0.07071479807798019,0.13219805469552548,298,1,0.4823255472329585
ROB,e splice dummies,d_cpi_all,d_fuel,True,11,shock,0.09512097960578307,0.017524798613149293,0.06629525104535033,0.12394670816621581,297,1,0.49762477558120777
ROB,e splice dummies,d_cpi_all,d_fuel,True,12,shock,0.1016860478802494,0.017620597670448723,0.07270274389295917,0.13066935186753964,296,1,0.49773371319268744
ROB,f asymmetry,d_cpi_all,d_fuel,False,0,shock,0.036405730638268075,0.009629884182374614,0.020565980713766578,0.05224548056276957,308,1,0.4013190785260661
ROB,f asymmetry,d_cpi_all,d_fuel,False,0,shock_x_pos,0.013987550593500583,0.012683533950894594,-0.006875006228190525,0.03485010741519169,308,1,0.4013190785260661
ROB,f asymmetry,d_cpi_all,d_fuel,False,1,shock,0.027134609967511297,0.008453453273981457,0.0132299166895381,0.04103930324548449,307,1,0.20008537065200938
ROB,f asymmetry,d_cpi_all,d_fuel,False,1,shock_x_pos,0.02284691364367745,0.015459328008591868,-0.002581418101487362,0.048275245388842265,307,1,0.20008537065200938
ROB,f asymmetry,d_cpi_all,d_fuel,False,2,shock,-0.003478534775540229,0.00949675398654709,-0.019099305014578065,0.012142235463497606,306,1,0.20177694884867858
ROB,f asymmetry,d_cpi_all,d_fuel,False,2,shock_x_pos,-0.028160014558568255,0.01477609112798548,-0.05246452164260064,-0.00385550747453587,306,1,0.20177694884867858
ROB,f asymmetry,d_cpi_all,d_fuel,False,3,shock,0.012482466710137162,0.00905157644749097,-0.0024060516391468823,0.027370985059421205,305,1,0.19441167021303518
ROB,f asymmetry,d_cpi_all,d_fuel,False,3,shock_x_pos,0.00034233302993873796,0.009915972511555024,-0.01596799032044364,0.01665265638032112,305,1,0.19441167021303518
ROB,f asymmetry,d_cpi_all,d_fuel,False,4,shock,0.010768091914933522,0.010200423283365189,-0.006010111319149955,0.027546295149017,304,1,0.1877866278865501
ROB,f asymmetry,d_cpi_all,d_fuel,False,4,shock_x_pos,-0.02299204252609325,0.01466353947369775,-0.04711141861335107,0.0011273335611645743,304,1,0.1877866278865501
ROB,f asymmetry,d_cpi_all,d_fuel,False,5,shock,0.0032063552282108974,0.011509586910046833,-0.015725230545492824,0.022137941001914622,303,1,0.1861959758805669
ROB,f asymmetry,d_cpi_all,d_fuel,False,5,shock_x_pos,0.0181220684464486,0.015099781953322264,-0.006714862665649912,0.04295899955854711,303,1,0.1861959758805669
ROB,f asymmetry,d_cpi_all,d_fuel,False,6,shock,0.010108243319160659,0.008657744582494398,-0.004132479258574712,0.02434896589689603,302,1,0.17559444867298601
ROB,f asymmetry,d_cpi_all,d_fuel,False,6,shock_x_pos,0.00578724367299926,0.018608547788617296,-0.024821093649407697,0.03639558099540622,302,1,0.17559444867298601
ROB,f asymmetry,d_cpi_all,d_fuel,False,7,shock,-0.015398057262247035,0.008231514148913746,-0.02893769316539017,-0.0018584213591038984,301,1,0.19187652786893972
ROB,f asymmetry,d_cpi_all,d_fuel,False,7,shock_x_pos,0.03984601622586318,0.016637514451930454,0.012479740236147837,0.06721229221557852,301,1,0.19187652786893972
ROB,f asymmetry,d_cpi_all,d_fuel,False,8,shock,0.006984570387546223,0.008858843771109966,-0.007586930919960461,0.021556071695052907,300,1,0.1849534162092582
ROB,f asymmetry,d_cpi_all,d_fuel,False,8,shock_x_pos,0.008798766324502019,0.015205460616439804,-0.01621199071991676,0.0338095233689208,300,1,0.1849534162092582
ROB,f asymmetry,d_cpi_all,d_fuel,False,9,shock,-0.0006849434349756142,0.009395992029060185,-0.016139975002782383,0.014770088132831153,299,1,0.17562882898172028
ROB,f asymmetry,d_cpi_all,d_fuel,False,9,shock_x_pos,-0.011487245419926562,0.01593419032015373,-0.037696656160566465,0.01472216532071334,299,1,0.17562882898172028
ROB,f asymmetry,d_cpi_all,d_fuel,False,10,shock,0.009071417344653913,0.005044403765531982,0.0007741115151109687,0.017368723174196857,298,1,0.1961099204113076
ROB,f asymmetry,d_cpi_all,d_fuel,False,10,shock_x_pos,0.0015910256044189227,0.012496182051075918,-0.018963364765339184,0.022145415974177032,298,1,0.1961099204113076
ROB,f asymmetry,d_cpi_all,d_fuel,False,11,shock,-0.0031057054961343873,0.012832394889774935,-0.024213116773054225,0.01800170578078545,297,1,0.17208742823231704
ROB,f asymmetry,d_cpi_all,d_fuel,False,11,shock_x_pos,-0.005601059436029993,0.021064362365003177,-0.04024885227152556,0.029046733399465573,297,1,0.17208742823231704
ROB,f asymmetry,d_cpi_all,d_fuel,False,12,shock,0.011773723921356786,0.00931232799511156,-0.003543692556764195,0.027091140399477767,296,1,0.1795162421569183
ROB,f asymmetry,d_cpi_all,d_fuel,False,12,shock_x_pos,-0.013239004394810808,0.013828323028905706,-0.03598457168356292,0.00950656289394131,296,1,0.1795162421569183
ROB,f asymmetry,d_cpi_all,d_fuel,True,0,shock,0.036405730638268075,0.009629884182374614,0.020565980713766578,0.05224548056276957,308,1,0.4013190785260661
ROB,f asymmetry,d_cpi_all,d_fuel,True,0,shock_x_pos,0.013987550593500583,0.012683533950894594,-0.006875006228190525,0.03485010741519169,308,1,0.4013190785260661
ROB,f asymmetry,d_cpi_all,d_fuel,True,1,shock,0.06364083397829384,0.014185565356725003,0.04030765535092756,0.08697401260566012,307,1,0.37791743982787107
ROB,f asymmetry,d_cpi_all,d_fuel,True,1,shock_x_pos,0.03675950511779279,0.01842896279023185,0.006446558831326207,0.06707245140425937,307,1,0.37791743982787107
ROB,f asymmetry,d_cpi_all,d_fuel,True,2,shock,0.03800353895357002,0.0180940483888947,0.008241477834861129,0.06776560007227891,306,1,0.35904670885150003
ROB,f asymmetry,d_cpi_all,d_fuel,True,2,shock_x_pos,0.011428558517915584,0.022314884840363498,-0.025276160746760735,0.0481332777825919,306,1,0.35904670885150003
ROB,f asymmetry,d_cpi_all,d_fuel,True,3,shock,0.061260381155486515,0.0200076801546635,0.028350675886203262,0.09417008642476976,305,1,0.37587837207104735
ROB,f asymmetry,d_cpi_all,d_fuel,True,3,shock_x_pos,0.03022928384723156,0.02494178503941198,-0.01079630173748921,0.07125486943195233,305,1,0.37587837207104735
ROB,f asymmetry,d_cpi_all,d_fuel,True,4,shock,0.05810026926441958,0.02366759838267602,0.019170534223444127,0.09703000430539503,304,1,0.42185831393375595
ROB,f asymmetry,d_cpi_all,d_fuel,True,4,shock_x_pos,0.00884725784239835,0.03310960608162412,-0.0456131978078956,0.06330771349269229,304,1,0.42185831393375595
ROB,f asymmetry,d_cpi_all,d_fuel,True,5,shock,0.05990971874671766,0.026560138688113775,0.016222178293239603,0.10359725920019572,303,1,0.43721591910513746
ROB,f asymmetry,d_cpi_all,d_fuel,True,5,shock_x_pos,0.02998200203473185,0.03840211937853011,-0.03318386330766682,0.09314786737713052,303,1,0.43721591910513746
ROB,f asymmetry,d_cpi_all,d_fuel,True,6,shock,0.07004755120959025,0.0294362510312876,0.021629226936922825,0.11846587548225768,302,1,0.44929286690967674
ROB,f asymmetry,d_cpi_all,d_fuel,True,6,shock_x_pos,0.03809585195488995,0.0562340116075296,-0.0544008659957863,0.1305925699055662,302,1,0.44929286690967674
ROB,f asymmetry,d_cpi_all,d_fuel,True,7,shock,0.04882082119490139,0.02914137458385647,0.0008875255162936191,0.09675411687350916,301,1,0.4598126176236653
ROB,f asymmetry,d_cpi_all,d_fuel,True,7,shock_x_pos,0.08936995811917649,0.060045652047982054,-0.009396350434612885,0.18813626667296585,301,1,0.4598126176236653
ROB,f asymmetry,d_cpi_all,d_fuel,True,8,shock,0.05651563200011547,0.03343489763550216,0.0015201193576085403,0.1115111446426224,300,1,0.4704781961037712
ROB,f asymmetry,d_cpi_all,d_fuel,True,8,shock_x_pos,0.09655710789262209,0.06777494041529784,-0.014922748665900487,0.20803696445114467,300,1,0.4704781961037712
ROB,f asymmetry,d_cpi_all,d_fuel,True,9,shock,0.05505080163443392,0.03906629718892692,-0.009207538988336636,0.11930914225720447,299,1,0.4801909262732369
ROB,f asymmetry,d_cpi_all,d_fuel,True,9,shock_x_pos,0.08460158965205296,0.07290073030125445,-0.035309440991376506,0.20451262029548242,299,1,0.4801909262732369
ROB,f asymmetry,d_cpi_all,d_fuel,True,10,shock,0.0606015277314609,0.03842220366093865,-0.0025973733157021797,0.12380042877862399,298,1,0.487899733402136
ROB,f asymmetry,d_cpi_all,d_fuel,True,10,shock_x_pos,0.09152944613174062,0.07539732946796945,-0.03248812470610406,0.21554701696958528,298,1,0.487899733402136
ROB,f asymmetry,d_cpi_all,d_fuel,True,11,shock,0.053214017124232064,0.037424655231984676,-0.008344062771506316,0.11477209701997045,297,1,0.5029321463132347
ROB,f asymmetry,d_cpi_all,d_fuel,True,11,shock_x_pos,0.09320627989693343,0.07461738328361173,-0.02952839363074347,0.21594095342461034,297,1,0.5029321463132347
ROB,f asymmetry,d_cpi_all,d_fuel,True,12,shock,0.06625474668098423,0.038599836183096696,0.0027636661354849545,0.1297458272264835,296,1,0.5020050732944572
ROB,f asymmetry,d_cpi_all,d_fuel,True,12,shock_x_pos,0.07943710341133389,0.07932850773651565,-0.05104668025972178,0.20992088708238957,296,1,0.5020050732944572
ROB,g to Jun 2019,d_cpi_all,d_fuel,False,0,shock,0.043412137574864035,0.006767377815095133,0.032280791630753876,0.054543483518974194,222,1,0.3588213049663218
ROB,g to Jun 2019,d_cpi_all,d_fuel,False,1,shock,0.03299236912115877,0.008232592598573162,0.01945095932618186,0.04653377891613568,222,1,0.16275263121198702
ROB,g to Jun 2019,d_cpi_all,d_fuel,False,2,shock,-0.009400567225625262,0.0084561634107684,-0.023309718281921993,0.004508583830671471,222,1,0.12423420757251968
ROB,g to Jun 2019,d_cpi_all,d_fuel,False,3,shock,0.01802928487268277,0.00657656500055487,0.007211798078637982,0.028846771666727555,222,1,0.12661472177636168
ROB,g to Jun 2019,d_cpi_all,d_fuel,False,4,shock,-0.0021772111404973647,0.00687325775984279,-0.013482714095747129,0.009128291814752398,222,1,0.11626008967502754
ROB,g to Jun 2019,d_cpi_all,d_fuel,False,5,shock,0.007590451847093754,0.007855763902674276,-0.0053311299006944795,0.02051203359488199,222,1,0.13237155487265895
ROB,g to Jun 2019,d_cpi_all,d_fuel,False,6,shock,0.008340101600814094,0.007089127266090901,-0.003320475094736099,0.020000678296364288,222,1,0.11571137546010257
ROB,g to Jun 2019,d_cpi_all,d_fuel,False,7,shock,0.004341397030811205,0.006790047428750654,-0.006827237109541827,0.015510031171164236,222,1,0.11086016633730611
ROB,g to Jun 2019,d_cpi_all,d_fuel,False,8,shock,0.013392402012577553,0.007967945803950013,0.00028629745759761044,0.026498506567557496,222,1,0.10608873467571145
ROB,g to Jun 2019,d_cpi_all,d_fuel,False,9,shock,-0.0004897783837804034,0.007758673972240431,-0.013251661407354062,0.012272104639793256,222,1,0.11823427993426083
ROB,g to Jun 2019,d_cpi_all,d_fuel,False,10,shock,0.006242714575764495,0.008014812613312161,-0.00694047902057842,0.01942590817210741,222,1,0.13724417588645588
ROB,g to Jun 2019,d_cpi_all,d_fuel,False,11,shock,-0.007752133385007735,0.008238627100924363,-0.021303469053063864,0.005799202283048395,222,1,0.11703248239350861
ROB,g to Jun 2019,d_cpi_all,d_fuel,False,12,shock,-0.0006196010521259923,0.006409643050208818,-0.011162525670726262,0.009923323566474278,222,1,0.09873442834711676
ROB,g to Jun 2019,d_cpi_all,d_fuel,True,0,shock,0.043412137574864035,0.006767377815095133,0.032280791630753876,0.054543483518974194,222,1,0.3588213049663218
ROB,g to Jun 2019,d_cpi_all,d_fuel,True,1,shock,0.07640450669602282,0.012341725923850352,0.05610417404733656,0.09670483934470908,222,1,0.32030436722991606
ROB,g to Jun 2019,d_cpi_all,d_fuel,True,2,shock,0.025337816191438885,0.014312200232975275,0.0017963417285737984,0.04887929065430397,222,1,0.35806885835930824
ROB,g to Jun 2019,d_cpi_all,d_fuel,True,3,shock,0.0633264658183642,0.013573001449474813,0.04100086515557796,0.08565206648115042,222,1,0.40448486692077235
ROB,g to Jun 2019,d_cpi_all,d_fuel,True,4,shock,0.06799098848417023,0.014904430558772294,0.04347538182192727,0.0925065951464132,222,1,0.45791318035260176
ROB,g to Jun 2019,d_cpi_all,d_fuel,True,5,shock,0.0740919436514166,0.013940327643892586,0.051162145165468007,0.09702174213736518,222,1,0.4863672634841527
ROB,g to Jun 2019,d_cpi_all,d_fuel,True,6,shock,0.08765088209283249,0.01650492805813316,0.06050269131383904,0.11479907287182595,222,1,0.509893924458884
ROB,g to Jun 2019,d_cpi_all,d_fuel,True,7,shock,0.0831105039220346,0.015131881885494788,0.058220773120077216,0.10800023472399199,222,1,0.517532594755554
ROB,g to Jun 2019,d_cpi_all,d_fuel,True,8,shock,0.09854595824938563,0.016603767379563993,0.07123519125405126,0.12585672524472,222,1,0.5269214143763445
ROB,g to Jun 2019,d_cpi_all,d_fuel,True,9,shock,0.10049403551049697,0.019295223702470166,0.0687562168206489,0.13223185420034506,222,1,0.5307371629086073
ROB,g to Jun 2019,d_cpi_all,d_fuel,True,10,shock,0.10389119189349355,0.01602291899936523,0.077535835463038,0.1302465483239491,222,1,0.5334197894939421
ROB,g to Jun 2019,d_cpi_all,d_fuel,True,11,shock,0.09086431161825811,0.017336477157939546,0.0623483442864599,0.11938027895005633,222,1,0.5423857398278717
ROB,g to Jun 2019,d_cpi_all,d_fuel,True,12,shock,0.09339885140903795,0.015504992858346424,0.06789540767013016,0.11890229514794573,222,1,0.5378538129721298
ROB,h gasoline 07.2.2.2,d_cpi_all,d_gasoline,False,0,shock,0.044088615561549846,0.00940815821232792,0.028613572403068985,0.05956365872003071,91,1,0.26327962616408496
ROB,h gasoline 07.2.2.2,d_cpi_all,d_gasoline,False,1,shock,0.04041168437478115,0.0176442046956316,0.01138955028649731,0.06943381846306498,90,1,0.10157657309497947
ROB,h gasoline 07.2.2.2,d_cpi_all,d_gasoline,False,2,shock,-0.03295869398097147,0.016990702847911134,-0.0609059131848128,-0.005011474777130133,89,1,0.13748467635102457
ROB,h gasoline 07.2.2.2,d_cpi_all,d_gasoline,False,3,shock,0.009639057332314748,0.010295299808700961,-0.007295203898579825,0.02657331856320932,88,1,0.13510384818732435
ROB,h gasoline 07.2.2.2,d_cpi_all,d_gasoline,False,4,shock,-2.807006941209049e-05,0.011118016726627902,-0.01831558020671313,0.018259440067888946,87,1,0.06680190705291678
ROB,h gasoline 07.2.2.2,d_cpi_all,d_gasoline,False,5,shock,0.010649312035527478,0.009799560896764547,-0.005469531248047509,0.026768155319102465,86,1,0.062460425051566015
ROB,h gasoline 07.2.2.2,d_cpi_all,d_gasoline,False,6,shock,0.023559047942808747,0.009380373710339325,0.008129706223196871,0.038988389662420624,85,1,0.04480866559408392
ROB,h gasoline 07.2.2.2,d_cpi_all,d_gasoline,False,7,shock,0.0028129315132318852,0.008826759217585916,-0.011705795400041649,0.01733165842650542,84,1,0.09497984587820685
ROB,h gasoline 07.2.2.2,d_cpi_all,d_gasoline,False,8,shock,0.009858866296856571,0.012832949018229909,-0.011249456440262227,0.03096718903397537,83,1,0.12090422721754512
ROB,h gasoline 07.2.2.2,d_cpi_all,d_gasoline,False,9,shock,-0.014725341161512548,0.010900785296902528,-0.032655537393741954,0.0032048550707168572,82,1,0.06982184429838778
ROB,h gasoline 07.2.2.2,d_cpi_all,d_gasoline,False,10,shock,0.007990357169458404,0.011045772731225473,-0.010178322169979484,0.02615903650889629,81,1,0.09874820634436021
ROB,h gasoline 07.2.2.2,d_cpi_all,d_gasoline,False,11,shock,-0.0072490640879769004,0.012575299213486255,-0.02793359060927976,0.01343546243332596,80,1,0.036313414292581725
ROB,h gasoline 07.2.2.2,d_cpi_all,d_gasoline,False,12,shock,0.013408584147565565,0.016451608471307503,-0.013651903715650147,0.040469072010781273,79,1,0.10086980207648644
ROB,h gasoline 07.2.2.2,d_cpi_all,d_gasoline,True,0,shock,0.044088615561549846,0.00940815821232792,0.028613572403068985,0.05956365872003071,91,1,0.26327962616408496
ROB,h gasoline 07.2.2.2,d_cpi_all,d_gasoline,True,1,shock,0.08476304793391519,0.021563244211246613,0.04929466748420586,0.12023142838362452,90,1,0.25094307682964523
ROB,h gasoline 07.2.2.2,d_cpi_all,d_gasoline,True,2,shock,0.03862507293751225,0.013455894283589072,0.016492096421275186,0.06075804945374932,89,1,0.200465453522072
ROB,h gasoline 07.2.2.2,d_cpi_all,d_gasoline,True,3,shock,0.06363405834652755,0.019227015411118348,0.032008432312097684,0.09525968438095742,88,1,0.15525923718164558
ROB,h gasoline 07.2.2.2,d_cpi_all,d_gasoline,True,4,shock,0.05555651177129905,0.014448418446657812,0.03179097828560139,0.07932204525699671,87,1,0.1901878653802399
ROB,h gasoline 07.2.2.2,d_cpi_all,d_gasoline,True,5,shock,0.06524282751636112,0.01660129831616862,0.0379361217689078,0.09254953326381445,86,1,0.16254084172661998
ROB,h gasoline 07.2.2.2,d_cpi_all,d_gasoline,True,6,shock,0.08391386460481949,0.023652586062652695,0.04500882263288336,0.12281890657675562,85,1,0.14864283545578139
ROB,h gasoline 07.2.2.2,d_cpi_all,d_gasoline,True,7,shock,0.08938504832200626,0.022319387140670704,0.05267292343234001,0.12609717321167252,84,1,0.1666348477314794
ROB,h gasoline 07.2.2.2,d_cpi_all,d_gasoline,True,8,shock,0.09797573309148339,0.02709076040830282,0.05341539757701315,0.14253606860595364,83,1,0.201456296965976
ROB,h gasoline 07.2.2.2,d_cpi_all,d_gasoline,True,9,shock,0.07432179497700524,0.02962838202519526,0.02558744334215901,0.12305614661185146,82,1,0.2447315946322608
ROB,h gasoline 07.2.2.2,d_cpi_all,d_gasoline,True,10,shock,0.09122420612172413,0.033844019425292256,0.035555748019416085,0.1468926642240322,81,1,0.2945927253904247
ROB,h gasoline 07.2.2.2,d_cpi_all,d_gasoline,True,11,shock,0.08472331403411508,0.031009419428502057,0.033717358017484024,0.13572927005074614,80,1,0.3432461336110737
ROB,h gasoline 07.2.2.2,d_cpi_all,d_gasoline,True,12,shock,0.09585791364897245,0.02730596247478691,0.0509436022349184,0.1407722250630265,79,1,0.35883710766986165
ROB,i WB pump price,d_cpi_all,d_wb_gasoline_php,False,0,shock,0.022925757634135853,0.007523666387222378,0.010550427689140244,0.03530108757913146,86,1,0.16832819459374349
ROB,i WB pump price,d_cpi_all,d_wb_gasoline_php,False,1,shock,0.004950535551606533,0.008463610853694715,-0.008970865458199067,0.01887193656141213,86,1,0.13532078805268066
ROB,i WB pump price,d_cpi_all,d_wb_gasoline_php,False,2,shock,-0.006012527765273694,0.00787104551098082,-0.0189592455219106,0.0069341899913632115,85,1,0.13070452004881106
ROB,i WB pump price,d_cpi_all,d_wb_gasoline_php,False,3,shock,0.008170547035899613,0.006753685466285656,-0.002938276998609792,0.01927937107040902,84,1,0.19598022865883502
ROB,i WB pump price,d_cpi_all,d_wb_gasoline_php,False,4,shock,0.00014068677332562652,0.007195537960375353,-0.01169491993866477,0.011976293485316024,83,1,0.1090050033487413
ROB,i WB pump price,d_cpi_all,d_wb_gasoline_php,False,5,shock,0.02425884886662326,0.006454314268799658,0.013642446632103502,0.034875251101143014,82,1,0.10052378309822418
ROB,i WB pump price,d_cpi_all,d_wb_gasoline_php,False,6,shock,0.017924644015604497,0.006647157397795887,0.006991043060922622,0.02885824497028637,81,1,0.074474878328748
ROB,i WB pump price,d_cpi_all,d_wb_gasoline_php,False,7,shock,0.006343154649411539,0.0076428585017736155,-0.006228228877507687,0.018914538176330764,80,1,0.0861074536410319
ROB,i WB pump price,d_cpi_all,d_wb_gasoline_php,False,8,shock,0.020069782083843742,0.011622738037762518,0.0009520792673232276,0.03918748490036426,79,1,0.16971236093652997
ROB,i WB pump price,d_cpi_all,d_wb_gasoline_php,False,9,shock,-0.008923560041239302,0.007631946437642224,-0.021476994819894485,0.0036298747374158783,78,1,0.15581333879283488
ROB,i WB pump price,d_cpi_all,d_wb_gasoline_php,False,10,shock,0.00386327390902048,0.0077777385886857245,-0.00892996761805966,0.016656515436100618,77,1,0.19198832666028764
ROB,i WB pump price,d_cpi_all,d_wb_gasoline_php,False,11,shock,0.0014498577253947089,0.006028684314720571,-0.008466445535418874,0.01136616098620829,76,1,0.16177485280594373
ROB,i WB pump price,d_cpi_all,d_wb_gasoline_php,False,12,shock,-0.0004413597136765454,0.005837524104463932,-0.010043232409320688,0.009160512981967597,75,1,0.3924295014038417
ROB,i WB pump price,d_cpi_all,d_wb_gasoline_php,True,0,shock,0.022925757634135853,0.007523666387222378,0.010550427689140244,0.03530108757913146,86,1,0.16832819459374349
ROB,i WB pump price,d_cpi_all,d_wb_gasoline_php,True,1,shock,0.02787629318574238,0.01241895790119196,0.007448925239009144,0.04830366113247561,86,1,0.1604911073886951
ROB,i WB pump price,d_cpi_all,d_wb_gasoline_php,True,2,shock,0.01688027563622747,0.014951537080501821,-0.007712814359135376,0.04147336563159032,85,1,0.12121790916442354
ROB,i WB pump price,d_cpi_all,d_wb_gasoline_php,True,3,shock,0.029593548820661963,0.018148784442571335,-0.00025854509446195106,0.05944564273578588,84,1,0.052787540592441284
ROB,i WB pump price,d_cpi_all,d_wb_gasoline_php,True,4,shock,0.0311063408122097,0.019180997891487056,-0.0004435931381513297,0.06265627476257073,83,1,0.028864194327940074
ROB,i WB pump price,d_cpi_all,d_wb_gasoline_php,True,5,shock,0.05244907137412607,0.018646990914120816,0.0217775007373033,0.08312064201094885,82,1,0.06478265643014114
ROB,i WB pump price,d_cpi_all,d_wb_gasoline_php,True,6,shock,0.07168196485413521,0.019728575456909158,0.03923134595925238,0.10413258374901804,81,1,0.10489915392883342
ROB,i WB pump price,d_cpi_all,d_wb_gasoline_php,True,7,shock,0.07918725539219966,0.017913543447515678,0.04972209848100072,0.1086524123033986,80,1,0.14278008582687973
ROB,i WB pump price,d_cpi_all,d_wb_gasoline_php,True,8,shock,0.0913560370147105,0.022653026428250102,0.05409512433277577,0.12861694969664522,79,1,0.18350963431243672
ROB,i WB pump price,d_cpi_all,d_wb_gasoline_php,True,9,shock,0.07844667025903754,0.024014823320989205,0.03894580101890965,0.11794753949916542,78,1,0.24323794627809758
ROB,i WB pump price,d_cpi_all,d_wb_gasoline_php,True,10,shock,0.08473022133658964,0.02852172515508531,0.037816158268334524,0.13164428440484477,77,1,0.3151621920784453
ROB,i WB pump price,d_cpi_all,d_wb_gasoline_php,True,11,shock,0.06309674110065307,0.02506766515432488,0.021864101152356756,0.10432938104894937,76,1,0.44369732379010407
ROB,i WB pump price,d_cpi_all,d_wb_gasoline_php,True,12,shock,0.07195200407233698,0.019105693634165314,0.04052593460275651,0.10337807354191746,75,1,0.4932099718166083
ROB,a dubai crude php,d_ratio,d_dubai_php,False,0,shock,-0.001401783765169354,0.00174597868699254,-0.004273663141049003,0.0014700956107102944,307,1,0.1559043229938275
ROB,a dubai crude php,d_ratio,d_dubai_php,False,1,shock,-0.0010910000556296733,0.0023365572972909796,-0.00493429480065867,0.002752294689399324,306,1,0.05354818653372739
ROB,a dubai crude php,d_ratio,d_dubai_php,False,2,shock,-0.0023651775221906392,0.0018509074764764917,-0.005409649398024593,0.0006792943536433147,305,1,0.0011287180281156495
ROB,a dubai crude php,d_ratio,d_dubai_php,False,3,shock,-0.0027488736172024807,0.0015727686362482008,-0.005335847812890855,-0.0001618994215141071,304,1,0.0011967912012514903
ROB,a dubai crude php,d_ratio,d_dubai_php,False,4,shock,-0.0012786311557660898,0.0014438105655395631,-0.0036534882011246966,0.001096225889592517,303,1,-0.013982949571851977
ROB,a dubai crude php,d_ratio,d_dubai_php,False,5,shock,-0.0015929952906497196,0.0017694948535602897,-0.004503555318400326,0.0013175647371008869,302,1,-0.006213130866615346
ROB,a dubai crude php,d_ratio,d_dubai_php,False,6,shock,8.004161288003045e-05,0.0018559618087669878,-0.002972743899753764,0.003132827125513825,301,1,-0.029234721119804297
ROB,a dubai crude php,d_ratio,d_dubai_php,False,7,shock,-0.0009311963361423346,0.001895128524171284,-0.004048405362664662,0.0021860126903799925,300,1,-0.03384710031867488
ROB,a dubai crude php,d_ratio,d_dubai_php,False,8,shock,-0.0006302703841422565,0.0014507525366391323,-0.003016545955842182,0.001756005187557669,299,1,-0.034950383483436376
ROB,a dubai crude php,d_ratio,d_dubai_php,False,9,shock,0.0016378794151688369,0.001959010175582431,-0.0015844055773727652,0.0048601644077104385,298,1,-0.028363684772747977
ROB,a dubai crude php,d_ratio,d_dubai_php,False,10,shock,-0.0006277941818968343,0.0014988763599033483,-0.0030932263988356773,0.0018376380350420085,297,1,-0.032945216017385315
ROB,a dubai crude php,d_ratio,d_dubai_php,False,11,shock,0.0009465227423762695,0.0013792888403456763,-0.0013222055092800065,0.0032152509940325453,296,1,-0.008548680111874152
ROB,a dubai crude php,d_ratio,d_dubai_php,False,12,shock,0.000609740086813301,0.001293864884810486,-0.0015184782617523756,0.0027379584353789776,295,1,-0.0035388822141306786
ROB,a dubai crude php,d_ratio,d_dubai_php,True,0,shock,-0.001401783765169354,0.00174597868699254,-0.004273663141049003,0.0014700956107102944,307,1,0.1559043229938275
ROB,a dubai crude php,d_ratio,d_dubai_php,True,1,shock,-0.002528775028798126,0.003365221829201278,-0.008064072360056115,0.0030065223024598638,306,1,0.14953057542259218
ROB,a dubai crude php,d_ratio,d_dubai_php,True,2,shock,-0.001910132288232273,0.004216525715973249,-0.008845699905285024,0.005025435328820479,305,1,0.11886902699505486
ROB,a dubai crude php,d_ratio,d_dubai_php,True,3,shock,-0.005081209775605215,0.004444892729400907,-0.012392407702970525,0.0022299881517600945,304,1,0.08868364985314725
ROB,a dubai crude php,d_ratio,d_dubai_php,True,4,shock,-0.008152846769734478,0.0054086957962039975,-0.017049359667197804,0.0007436661277288488,303,1,0.08390112537724226
ROB,a dubai crude php,d_ratio,d_dubai_php,True,5,shock,-0.009824285978408153,0.0057816363615065544,-0.01933423151734672,-0.00031434043946958375,302,1,0.07440962359591319
ROB,a dubai crude php,d_ratio,d_dubai_php,True,6,shock,-0.009264313957207743,0.005638765751915766,-0.018539258255776136,1.0630341360649137e-05,301,1,0.07014572278281461
ROB,a dubai crude php,d_ratio,d_dubai_php,True,7,shock,-0.010077194773094772,0.005374026936713856,-0.018916682471283468,-0.0012377070749060755,300,1,0.07051301022910161
ROB,a dubai crude php,d_ratio,d_dubai_php,True,8,shock,-0.011349419814719191,0.0062223372052397944,-0.021584253734872952,-0.0011145858945654282,299,1,0.06629548479457092
ROB,a dubai crude php,d_ratio,d_dubai_php,True,9,shock,-0.009348597162417328,0.0058301443851504955,-0.01893833129998288,0.0002411369751482255,298,1,0.0656432718743466
ROB,a dubai crude php,d_ratio,d_dubai_php,True,10,shock,-0.009384558427009422,0.006211012610233151,-0.01960076504599275,0.0008316481919739063,297,1,0.06181485394023867
ROB,a dubai crude php,d_ratio,d_dubai_php,True,11,shock,-0.009206910159140061,0.0067162192669605525,-0.020254107779801484,0.0018402874615213623,296,1,0.06154807817954566
ROB,a dubai crude php,d_ratio,d_dubai_php,True,12,shock,-0.007486492481931197,0.006272908842323248,-0.01780450934276255,0.002831524378900158,295,1,0.05814891424780688
ROB,b macro controls,d_ratio,d_fuel,False,0,shock,0.002844398566853904,0.0032052622476666215,-0.002427788666551167,0.008116585800258974,307,1,0.2317472261210669
ROB,b macro controls,d_ratio,d_fuel,False,1,shock,-0.00637112833895022,0.005254861815853838,-0.015014606855886205,0.0022723501779857653,306,1,0.09672008138577493
ROB,b macro controls,d_ratio,d_fuel,False,2,shock,0.002065880655384075,0.004738273088819191,-0.0057278850202467264,0.009859646331014877,305,1,0.0412815946389391
ROB,b macro controls,d_ratio,d_fuel,False,3,shock,-0.002619705459899897,0.00455446491551069,-0.010111133595000887,0.004871722675201091,304,1,0.05507227646092039
ROB,b macro controls,d_ratio,d_fuel,False,4,shock,-0.0013796178546567782,0.005142095237868181,-0.009837611856794149,0.007078376147480592,303,1,0.06545457074885364
ROB,b macro controls,d_ratio,d_fuel,False,5,shock,0.0015062469705630233,0.005022695684983767,-0.006755352243956035,0.009767846185082082,302,1,0.05185089298337742
ROB,b macro controls,d_ratio,d_fuel,False,6,shock,-0.007995677030308587,0.005621793381422611,-0.01724270426371335,0.001251350203096177,301,1,-0.0009320780408217377
ROB,b macro controls,d_ratio,d_fuel,False,7,shock,-0.0010218189078043528,0.005342019764891632,-0.009808659493332804,0.007765021677724098,300,1,-0.0025086124362192486
ROB,b macro controls,d_ratio,d_fuel,False,8,shock,-1.9217919999094975e-05,0.005086083506898785,-0.008385080823299624,0.008346644983301435,299,1,-0.0036473643194656624
ROB,b macro controls,d_ratio,d_fuel,False,9,shock,0.009494259403381573,0.006331020531170892,-0.0009193426796191041,0.01990786148638225,298,1,0.007134562172702474
ROB,b macro controls,d_ratio,d_fuel,False,10,shock,-0.007988866450965205,0.005557185063482935,-0.017129622458275658,0.0011518895563452473,297,1,0.08052443646469243
ROB,b macro controls,d_ratio,d_fuel,False,11,shock,0.006965304507085447,0.005587741657459391,-0.002225712624654463,0.016156321638825355,296,1,0.105717957225692
ROB,b macro controls,d_ratio,d_fuel,False,12,shock,0.0007267382818513529,0.0044611084520436405,-0.006611132135716497,0.008064608699419202,295,1,0.05874859237624719
ROB,b macro controls,d_ratio,d_fuel,True,0,shock,0.002844398566853904,0.0032052622476666215,-0.002427788666551167,0.008116585800258974,307,1,0.2317472261210669
ROB,b macro controls,d_ratio,d_fuel,True,1,shock,-0.003394492873184156,0.007025652285943058,-0.014950662517417496,0.008161676771049184,306,1,0.20194395195650727
ROB,b macro controls,d_ratio,d_fuel,True,2,shock,0.003795380063933026,0.009762229054938601,-0.012262057804213775,0.01985281793207983,305,1,0.14529642556936295
ROB,b macro controls,d_ratio,d_fuel,True,3,shock,-0.009122832358250812,0.011815596886053764,-0.028557759750872866,0.010312095034371242,304,1,0.13563071448657882
ROB,b macro controls,d_ratio,d_fuel,True,4,shock,-0.006603697730240877,0.012675676484638063,-0.027453330170061283,0.014245934709579529,303,1,0.1455704761703741
ROB,b macro controls,d_ratio,d_fuel,True,5,shock,-0.0018178313382808647,0.014615732441287247,-0.025858571854884486,0.02222290917832276,302,1,0.14494410307159233
ROB,b macro controls,d_ratio,d_fuel,True,6,shock,-0.004597457752144835,0.015605424131731743,-0.030266096235339823,0.021071180731050153,301,1,0.14711212636849547
ROB,b macro controls,d_ratio,d_fuel,True,7,shock,-0.007918887561189032,0.014246163199043293,-0.03135174076927798,0.015513965646899917,300,1,0.14586834483596733
ROB,b macro controls,d_ratio,d_fuel,True,8,shock,-0.007624561190434154,0.014617630599944921,-0.03166842390019038,0.016419301519322076,299,1,0.14621022114370053
ROB,b macro controls,d_ratio,d_fuel,True,9,shock,0.0019058992540625468,0.015270021172931107,-0.023211050455858955,0.02702284896398405,298,1,0.15255464459108403
ROB,b macro controls,d_ratio,d_fuel,True,10,shock,-0.0016663090678557559,0.016101293632525056,-0.028150580297925238,0.024817962162213724,297,1,0.16600396534864525
ROB,b macro controls,d_ratio,d_fuel,True,11,shock,0.0010364308234775965,0.016204250603330365,-0.025617189553440934,0.027690051200396127,296,1,0.18664163505661258
ROB,b macro controls,d_ratio,d_fuel,True,12,shock,0.008563738534332711,0.01602453870067001,-0.017794282067688585,0.03492175913635401,295,1,0.20988519021513063
ROB,c p=6,d_ratio,d_fuel,False,0,shock,0.00024580179513763935,0.00395672987277305,-0.00626243968696035,0.006754043277235628,308,1,0.1799519575650128
ROB,c p=6,d_ratio,d_fuel,False,1,shock,-0.006659668514324254,0.005009249200725093,-0.014899150230440687,0.0015798132017921795,307,1,0.07819884018857715
ROB,c p=6,d_ratio,d_fuel,False,2,shock,-0.00018508858700765752,0.003624995972053124,-0.006147676359323716,0.005777499185308401,306,1,0.03873322067708207
ROB,c p=6,d_ratio,d_fuel,False,3,shock,-0.005979974822290284,0.003902263141448876,-0.012398626503821515,0.0004386768592409456,305,1,0.031593826649615075
ROB,c p=6,d_ratio,d_fuel,False,4,shock,-0.004676233015175897,0.00339184768112159,-0.010255325975535686,0.000902859945183891,304,1,0.021152079712643657
ROB,c p=6,d_ratio,d_fuel,False,5,shock,0.003182382302515503,0.0033783528126743556,-0.0023745135745336177,0.008739278179564623,303,1,0.01258105321905778
ROB,c p=6,d_ratio,d_fuel,False,6,shock,-0.006432553079081615,0.004636256494459152,-0.014058516389470069,0.001193410231306839,302,1,-0.010399432392875774
ROB,c p=6,d_ratio,d_fuel,False,7,shock,-0.0013734665657164804,0.0037262754212699137,-0.007502644207412423,0.004755711075979462,301,1,-0.02162706761185751
ROB,c p=6,d_ratio,d_fuel,False,8,shock,-0.005467010922194886,0.004102292598922939,-0.012214681782349463,0.0012806599379596908,300,1,-0.025205865813816564
ROB,c p=6,d_ratio,d_fuel,False,9,shock,0.006232674909633299,0.0056823313734820895,-0.003113928459578857,0.015579278278845456,299,1,-0.023466782366319272
ROB,c p=6,d_ratio,d_fuel,False,10,shock,-0.0067267969697490885,0.006117284927826413,-0.016788835270379936,0.0033352413308817604,298,1,-0.023535150528723126
ROB,c p=6,d_ratio,d_fuel,False,11,shock,0.0030800272380852546,0.004971417589145839,-0.005097227014511623,0.011257281490682131,297,1,-0.025095677965019103
ROB,c p=6,d_ratio,d_fuel,False,12,shock,0.0007186163030324447,0.004436500710090776,-0.006578777980933149,0.008016010586998037,296,1,-0.02890219028479546
ROB,c p=6,d_ratio,d_fuel,True,0,shock,0.00024580179513763935,0.00395672987277305,-0.00626243968696035,0.006754043277235628,308,1,0.1799519575650128
ROB,c p=6,d_ratio,d_fuel,True,1,shock,-0.006376138563971642,0.006810212015274082,-0.01757794049760371,0.004825663369660426,307,1,0.1699387834577224
ROB,c p=6,d_ratio,d_fuel,True,2,shock,-0.0012881382362384924,0.0075831893698397644,-0.013761374775079277,0.011185098302602293,306,1,0.13182883581323268
ROB,c p=6,d_ratio,d_fuel,True,3,shock,-0.01749711517216259,0.010708330857314666,-0.035110752021412985,0.00011652167708780387,305,1,0.1079609934821808
ROB,c p=6,d_ratio,d_fuel,True,4,shock,-0.018140392441368534,0.008213173609748204,-0.03164986084214498,-0.004630924040592085,304,1,0.10934718122436693
ROB,c p=6,d_ratio,d_fuel,True,5,shock,-0.01204679792571188,0.009117442894323534,-0.027043656938962872,0.0029500610875391117,303,1,0.11237737699203787
ROB,c p=6,d_ratio,d_fuel,True,6,shock,-0.016019534722725937,0.009315763126656718,-0.031342601489428024,-0.0006964679560238479,302,1,0.11368473177801341
ROB,c p=6,d_ratio,d_fuel,True,7,shock,-0.01830808371136161,0.009172070600303598,-0.03339479730492595,-0.0032213701177972714,301,1,0.11779573707743374
ROB,c p=6,d_ratio,d_fuel,True,8,shock,-0.023276246407822707,0.009809400960221279,-0.03941127515546393,-0.007141217660181484,300,1,0.11304719446257039
ROB,c p=6,d_ratio,d_fuel,True,9,shock,-0.016947532376215435,0.009828340747784662,-0.03311371430212398,-0.0007813504503068891,299,1,0.10428592680355331
ROB,c p=6,d_ratio,d_fuel,True,10,shock,-0.02241217465068036,0.01162886224003881,-0.041539950883527216,-0.0032843984178335013,298,1,0.09850231547068722
ROB,c p=6,d_ratio,d_fuel,True,11,shock,-0.021075974525584934,0.012052848057382262,-0.040901145367865155,-0.0012508036833047131,297,1,0.09491447835370614
ROB,c p=6,d_ratio,d_fuel,True,12,shock,-0.015710062955351912,0.012077397673427546,-0.03557561432262449,0.00415548841192066,296,1,0.09510595443039482
ROB,c p=18,d_ratio,d_fuel,False,0,shock,-0.0005781950352675266,0.0038721843069515127,-0.006947371436781295,0.005790981366246241,301,1,0.1477817819548901
ROB,c p=18,d_ratio,d_fuel,False,1,shock,-0.00947433265895787,0.004961606620031538,-0.01763544930342318,-0.001313216014492559,300,1,0.03905775492192187
ROB,c p=18,d_ratio,d_fuel,False,2,shock,0.002184882868345883,0.003902289123621448,-0.0042338115500561374,0.008603577286747904,299,1,-0.010560161930694312
ROB,c p=18,d_ratio,d_fuel,False,3,shock,-0.006568306535446489,0.003950590372258505,-0.013066449437855458,-7.016363303752066e-05,298,1,-0.014875718098462443
ROB,c p=18,d_ratio,d_fuel,False,4,shock,-0.00439553868699378,0.0037325607253246708,-0.010535054733860683,0.0017439773598731225,297,1,-0.012404719770735761
ROB,c p=18,d_ratio,d_fuel,False,5,shock,3.936062919631246e-05,0.0034108033321452107,-0.005570911602500904,0.005649632860893529,296,1,-0.00632611008849171
ROB,c p=18,d_ratio,d_fuel,False,6,shock,-0.004973760385853754,0.005343493941144828,-0.013763025775539041,0.0038155050038315326,295,1,-0.02845062725880365
ROB,c p=18,d_ratio,d_fuel,False,7,shock,0.0009472431123309739,0.003644186547430596,-0.005046910347498005,0.006941396572159953,294,1,-0.036885799482404114
ROB,c p=18,d_ratio,d_fuel,False,8,shock,-0.004020060069994036,0.004238371941482625,-0.010991561530311084,0.0029514413903230117,293,1,-0.03912475624491418
ROB,c p=18,d_ratio,d_fuel,False,9,shock,0.0074146853579854875,0.005233244300269665,-0.0011932355100361895,0.016022606226007166,292,1,-0.04360948050741875
ROB,c p=18,d_ratio,d_fuel,False,10,shock,-0.005701223509044297,0.006003447089372095,-0.015576015228209245,0.004173568210120652,291,1,-0.04497553449677327
ROB,c p=18,d_ratio,d_fuel,False,11,shock,0.004638642381484254,0.005111442505194888,-0.0037689323621394773,0.013046217125107985,290,1,-0.050824090789174825
ROB,c p=18,d_ratio,d_fuel,False,12,shock,0.00016399665059821727,0.004302382734264199,-0.006912793194389643,0.007240786495586077,289,1,-0.0545840684824368
ROB,c p=18,d_ratio,d_fuel,True,0,shock,-0.0005781950352675266,0.0038721843069515127,-0.006947371436781295,0.005790981366246241,301,1,0.1477817819548901
ROB,c p=18,d_ratio,d_fuel,True,1,shock,-0.010055547196270944,0.006743934490978685,-0.021148332303680364,0.001037237911138477,300,1,0.13240743825937007
ROB,c p=18,d_ratio,d_fuel,True,2,shock,-0.0018636771625174786,0.008027706146330929,-0.015068078733410532,0.011340724408375576,299,1,0.08795207470444044
ROB,c p=18,d_ratio,d_fuel,True,3,shock,-0.018338726549589596,0.010900460001576597,-0.036268387718622314,-0.0004090653805568778,298,1,0.05928683286273084
ROB,c p=18,d_ratio,d_fuel,True,4,shock,-0.016852397318764922,0.008283613544699003,-0.03047772910202742,-0.003227065535502425,297,1,0.06738267064435832
ROB,c p=18,d_ratio,d_fuel,True,5,shock,-0.01557060598339975,0.009608861702554348,-0.03137577700572137,0.00023456503892186654,296,1,0.07886239779460646
ROB,c p=18,d_ratio,d_fuel,True,6,shock,-0.01907922071285415,0.010606406052613903,-0.03652520617741618,-0.0016332352482921267,295,1,0.08119522785233013
ROB,c p=18,d_ratio,d_fuel,True,7,shock,-0.018085140234869405,0.009651434113490972,-0.03396033664172819,-0.002209943828010614,294,1,0.08914005722475382
ROB,c p=18,d_ratio,d_fuel,True,8,shock,-0.022043008984719458,0.010509699466334042,-0.03932992627008896,-0.004756091699349957,293,1,0.08721231862501888
ROB,c p=18,d_ratio,d_fuel,True,9,shock,-0.014815884460015123,0.009795694576379113,-0.03092836821248117,0.0012965992924509253,292,1,0.08002800179433
ROB,c p=18,d_ratio,d_fuel,True,10,shock,-0.018442325522873438,0.011491055079572396,-0.03734342914800723,0.0004587781022603564,291,1,0.07215413922773273
ROB,c p=18,d_ratio,d_fuel,True,11,shock,-0.015288992829138214,0.011445334597175491,-0.034114892952975484,0.003536907294699059,290,1,0.06689316193455108
ROB,c p=18,d_ratio,d_fuel,True,12,shock,-0.01086557037944877,0.011541222784235368,-0.029849192535553286,0.008118051776655743,289,1,0.06788460798310025
ROB,d excl 2020,d_ratio,d_fuel,False,0,shock,-0.001977006866628585,0.004131698374328832,-0.008773045923112866,0.004819032189855696,295,1,0.171882117973569
ROB,d excl 2020,d_ratio,d_fuel,False,1,shock,-0.011068322921703296,0.004639726348843117,-0.018699993634660208,-0.003436652208746383,294,1,0.07111102698263183
ROB,d excl 2020,d_ratio,d_fuel,False,2,shock,-6.750397132043747e-05,0.0038022307056848033,-0.0063216169380723415,0.006186608995431467,293,1,0.015215261582957496
ROB,d excl 2020,d_ratio,d_fuel,False,3,shock,-0.005914664193553781,0.004239711223032785,-0.012888368575986119,0.0010590401888785576,292,1,0.01512741002381135
ROB,d excl 2020,d_ratio,d_fuel,False,4,shock,-0.003893518405281683,0.004276545546554069,-0.01092780985835431,0.003140773047790943,291,1,-0.007103045604357039
ROB,d excl 2020,d_ratio,d_fuel,False,5,shock,0.0033719678548340907,0.003956652472988515,-0.003136146315947581,0.009880082025615761,290,1,-0.017350371637347983
ROB,d excl 2020,d_ratio,d_fuel,False,6,shock,-0.002694851287427992,0.0048576938090513595,-0.010685046567865834,0.00529534399300985,289,1,-0.036829118010145434
ROB,d excl 2020,d_ratio,d_fuel,False,7,shock,-0.0013510989513150907,0.003814363877114064,-0.007625169209098838,0.004922971306468658,288,1,-0.04164470554376565
ROB,d excl 2020,d_ratio,d_fuel,False,8,shock,-0.004234202590393347,0.004929799256783419,-0.012343000778056227,0.0038745955972695314,287,1,-0.04831565034077734
ROB,d excl 2020,d_ratio,d_fuel,False,9,shock,0.009538030577316909,0.005946579522456935,-0.00024322231815173366,0.019319283472785553,286,1,-0.05057592375027764
ROB,d excl 2020,d_ratio,d_fuel,False,10,shock,-0.008622599945530558,0.005938877313201755,-0.01839118383417028,0.0011459839431091617,285,1,-0.032841558110669355
ROB,d excl 2020,d_ratio,d_fuel,False,11,shock,0.00466702166752027,0.005400232649652183,-0.004215570592641882,0.013549613927682422,284,1,-0.02117868691264735
ROB,d excl 2020,d_ratio,d_fuel,False,12,shock,0.00034778776093727853,0.004751676175852953,-0.007468024031013352,0.00816359955288791,283,1,-0.02563115937894489
ROB,d excl 2020,d_ratio,d_fuel,True,0,shock,-0.001977006866628585,0.004131698374328832,-0.008773045923112866,0.004819032189855696,295,1,0.171882117973569
ROB,d excl 2020,d_ratio,d_fuel,True,1,shock,-0.013077419996611892,0.006641931742121127,-0.02400242551260394,-0.002152414480619846,294,1,0.15937255592444755
ROB,d excl 2020,d_ratio,d_fuel,True,2,shock,-0.00714793772703995,0.00599656684136818,-0.017011412445321335,0.0027155369912414346,293,1,0.11319569354248205
ROB,d excl 2020,d_ratio,d_fuel,True,3,shock,-0.024171147980709174,0.011259486762288306,-0.04269135561927118,-0.005650940342147165,292,1,0.09009525358556358
ROB,d excl 2020,d_ratio,d_fuel,True,4,shock,-0.023632245438059987,0.008931548505551792,-0.03832333539170985,-0.00894115548441012,291,1,0.09740676044293772
ROB,d excl 2020,d_ratio,d_fuel,True,5,shock,-0.01747107108416706,0.010408564939481524,-0.03459163687623318,-0.0003505052921009451,290,1,0.09640174520275824
ROB,d excl 2020,d_ratio,d_fuel,True,6,shock,-0.018570238686644674,0.012091337337590475,-0.03845871876107412,0.0013182413877847778,289,1,0.09047983319625696
ROB,d excl 2020,d_ratio,d_fuel,True,7,shock,-0.020145379439371263,0.011238306547851473,-0.038630748725397235,-0.0016600101533452913,288,1,0.0904845176883976
ROB,d excl 2020,d_ratio,d_fuel,True,8,shock,-0.024327853508191624,0.012417300124010352,-0.044752494654115016,-0.0039032123622682324,287,1,0.08512793050007461
ROB,d excl 2020,d_ratio,d_fuel,True,9,shock,-0.0151833657341784,0.012711294786414754,-0.036091585066862046,0.005724853598505247,286,1,0.07623191180913691
ROB,d excl 2020,d_ratio,d_fuel,True,10,shock,-0.021838383199499777,0.013407673554093249,-0.04389204367393139,0.00021527727493183754,285,1,0.07034746608995768
ROB,d excl 2020,d_ratio,d_fuel,True,11,shock,-0.019933119781131808,0.013494604675396447,-0.04212976922573395,0.0022635296634703345,284,1,0.06470371170816958
ROB,d excl 2020,d_ratio,d_fuel,True,12,shock,-0.014222056448592615,0.012943676203036842,-0.03551250919724322,0.0070683963000579934,283,1,0.062477030782082
ROB,d excl 2026,d_ratio,d_fuel,False,0,shock,-0.0017002984378723307,0.00531968081957724,-0.010450394728178134,0.007049797852433472,299,1,0.15896953510744316
ROB,d excl 2026,d_ratio,d_fuel,False,1,shock,-0.0014786142405299808,0.005533734007758693,-0.010580796693776574,0.007623568212716612,299,1,0.05663668648358078
ROB,d excl 2026,d_ratio,d_fuel,False,2,shock,0.0008774583795393491,0.005626932034547617,-0.008378021186095725,0.010132937945174423,299,1,-0.0001586706335483523
ROB,d excl 2026,d_ratio,d_fuel,False,3,shock,-0.007734215113133499,0.004881101759499398,-0.015762913045765298,0.00029448281949829864,299,1,-0.0015393666252239147
ROB,d excl 2026,d_ratio,d_fuel,False,4,shock,-0.0053621970491967335,0.0042303328216494,-0.012320475334098604,0.0015960812357051378,299,1,-0.013518385844460523
ROB,d excl 2026,d_ratio,d_fuel,False,5,shock,0.0018545875364871238,0.0037429514429732423,-0.00430201971999066,0.008011194792964908,299,1,-0.018832772133311027
ROB,d excl 2026,d_ratio,d_fuel,False,6,shock,-0.0045434106904442195,0.004910502965342416,-0.012620469303143651,0.003533647922255213,299,1,-0.039010069123306845
ROB,d excl 2026,d_ratio,d_fuel,False,7,shock,-0.00033825392781367577,0.0034764288157300284,-0.006056470474205824,0.005379962618578473,299,1,-0.04187531833180236
ROB,d excl 2026,d_ratio,d_fuel,False,8,shock,-0.004873954203032155,0.004334185056515775,-0.012003054213120999,0.002255145807056688,299,1,-0.045555515565053106
ROB,d excl 2026,d_ratio,d_fuel,False,9,shock,0.007493899468000497,0.005482255878571503,-0.0015236089977438702,0.016511407933744865,298,1,-0.04844864052791986
ROB,d excl 2026,d_ratio,d_fuel,False,10,shock,-0.006122519328721767,0.005816023525086012,-0.01568902671839458,0.0034439880609510466,297,1,-0.02948876687687374
ROB,d excl 2026,d_ratio,d_fuel,False,11,shock,0.004034917566575591,0.004958941367778421,-0.0041218151280544395,0.012191650261205621,296,1,-0.017278182397483022
ROB,d excl 2026,d_ratio,d_fuel,False,12,shock,0.0014036348405320155,0.004382479424233546,-0.005804902335458732,0.008612172016522764,295,1,-0.02111182575101833
ROB,d excl 2026,d_ratio,d_fuel,True,0,shock,-0.0017002984378723307,0.00531968081957724,-0.010450394728178134,0.007049797852433472,299,1,0.15896953510744316
ROB,d excl 2026,d_ratio,d_fuel,True,1,shock,-0.003178912678402308,0.00894926463504984,-0.01789914307191258,0.011541317715107965,299,1,0.14771078994244025
ROB,d excl 2026,d_ratio,d_fuel,True,2,shock,0.008629470944502197,0.008869687285858956,-0.005959866357568266,0.02321880824657266,299,1,0.10369656160792273
ROB,d excl 2026,d_ratio,d_fuel,True,3,shock,-0.006016613206362519,0.008526749930837347,-0.020041868756208545,0.008008642343483505,299,1,0.07153530956908494
ROB,d excl 2026,d_ratio,d_fuel,True,4,shock,-0.015096607983319785,0.009674256458201554,-0.031009343806651313,0.000816127840011744,299,1,0.07867831290669436
ROB,d excl 2026,d_ratio,d_fuel,True,5,shock,-0.011694743894311417,0.010174651043627837,-0.02843055556638825,0.005041067777765414,299,1,0.08809260897097926
ROB,d excl 2026,d_ratio,d_fuel,True,6,shock,-0.01577329252663335,0.009728798102154794,-0.03177574137084126,0.0002291563175745616,299,1,0.0882987546636067
ROB,d excl 2026,d_ratio,d_fuel,True,7,shock,-0.01620621345871052,0.009586035358856292,-0.031973838486810346,-0.0004385884306106931,299,1,0.09144072169338813
ROB,d excl 2026,d_ratio,d_fuel,True,8,shock,-0.02093872969912372,0.010165320515708879,-0.03765919401851168,-0.0042182653797357625,299,1,0.08735771120694902
ROB,d excl 2026,d_ratio,d_fuel,True,9,shock,-0.01367745740834197,0.010138663193828942,-0.030354074335150902,0.00299915951846696,298,1,0.07951586625461216
ROB,d excl 2026,d_ratio,d_fuel,True,10,shock,-0.017902625223909667,0.011381003469999084,-0.03662271005988495,0.0008174596120656165,297,1,0.07305350336984306
ROB,d excl 2026,d_ratio,d_fuel,True,11,shock,-0.016105361113660722,0.011121105624543284,-0.03439795203590116,0.002187229808579716,296,1,0.0679668176864614
ROB,d excl 2026,d_ratio,d_fuel,True,12,shock,-0.009650393634378711,0.011259324024776734,-0.028170333593554572,0.008869546324797148,295,1,0.06716646461761488
ROB,e splice dummies,d_ratio,d_fuel,False,0,shock,-1.8687860412211184e-05,0.004013083782091545,-0.00661962327464562,0.006582247553821198,307,1,0.16310361134499785
ROB,e splice dummies,d_ratio,d_fuel,False,1,shock,-0.007853909865272797,0.005159223538732396,-0.016340077415210187,0.000632257684664593,306,1,0.05844737122077115
ROB,e splice dummies,d_ratio,d_fuel,False,2,shock,0.000125469157290414,0.003779216513079501,-0.006090788831283299,0.0063417271458641265,305,1,0.004949253738243842
ROB,e splice dummies,d_ratio,d_fuel,False,3,shock,-0.006409546802025771,0.0041375376232827945,-0.013215190568330648,0.0003960969642791074,304,1,0.0010642962951653567
ROB,e splice dummies,d_ratio,d_fuel,False,4,shock,-0.0037601448463826276,0.0038522068103088642,-0.010096461190086324,0.0025761714973210697,303,1,-0.013187977807497031
ROB,e splice dummies,d_ratio,d_fuel,False,5,shock,0.0025717317002316867,0.003639302092212832,-0.003414387545716671,0.008557850946180045,302,1,-0.021051266476221242
ROB,e splice dummies,d_ratio,d_fuel,False,6,shock,-0.005073722423340014,0.004731974950190497,-0.012857128582804366,0.0027096837361243378,301,1,-0.04334635882240967
ROB,e splice dummies,d_ratio,d_fuel,False,7,shock,-0.00029189700055964754,0.003476899148025615,-0.0060108871747340635,0.005427093173614769,300,1,-0.044685685933243624
ROB,e splice dummies,d_ratio,d_fuel,False,8,shock,-0.004858418442095139,0.00438701802180752,-0.012074420946766709,0.002357584062576432,299,1,-0.04056846670950409
ROB,e splice dummies,d_ratio,d_fuel,False,9,shock,0.007381043016868313,0.005484569836593784,-0.0016402715711216157,0.01640235760485824,298,1,-0.053387897259906
ROB,e splice dummies,d_ratio,d_fuel,False,10,shock,-0.006152070760797232,0.005818319848149378,-0.015722355265789474,0.003418213744195011,297,1,-0.0318395192004397
ROB,e splice dummies,d_ratio,d_fuel,False,11,shock,0.003961288743790307,0.004934711969799048,-0.004155590137694501,0.012078167625275115,296,1,-0.022064798700737853
ROB,e splice dummies,d_ratio,d_fuel,False,12,shock,0.0012972839683855967,0.004385845810611864,-0.005916790420449248,0.00851135835722044,295,1,-0.026566158775829907
ROB,e splice dummies,d_ratio,d_fuel,True,0,shock,-1.8687860412211184e-05,0.004013083782091545,-0.00661962327464562,0.006582247553821198,307,1,0.16310361134499785
ROB,e splice dummies,d_ratio,d_fuel,True,1,shock,-0.007856402377084399,0.007387523965826401,-0.020007797966464878,0.0042949932122960804,306,1,0.14776908482000384
ROB,e splice dummies,d_ratio,d_fuel,True,2,shock,-0.0019744334820197694,0.007884118160151849,-0.014942653833059505,0.010993786869019967,305,1,0.1036363386220217
ROB,e splice dummies,d_ratio,d_fuel,True,3,shock,-0.01894592608108904,0.011182714110875354,-0.03733985394552378,-0.0005519982166543071,304,1,0.07517714757468985
ROB,e splice dummies,d_ratio,d_fuel,True,4,shock,-0.017729904303776325,0.008663608311735382,-0.03198027185782119,-0.003479536749731461,303,1,0.08091721671025454
ROB,e splice dummies,d_ratio,d_fuel,True,5,shock,-0.013086206806715867,0.009688033073350297,-0.029021603145441922,0.002849189532010188,302,1,0.08775078505051848
ROB,e splice dummies,d_ratio,d_fuel,True,6,shock,-0.015527837985322266,0.010208724740781133,-0.03231969590174534,0.0012640199311008075,301,1,0.08601892998301497
ROB,e splice dummies,d_ratio,d_fuel,True,7,shock,-0.016209855375594155,0.00934135139453387,-0.03157501109752139,-0.0008446996536669252,300,1,0.08645511740889245
ROB,e splice dummies,d_ratio,d_fuel,True,8,shock,-0.020997130786977635,0.01016186700655211,-0.03771191458930337,-0.004282346984651898,299,1,0.08134069349542772
ROB,e splice dummies,d_ratio,d_fuel,True,9,shock,-0.013866423139355674,0.010181414169774425,-0.030613359164004247,0.0028805128852929015,298,1,0.07361518817816748
ROB,e splice dummies,d_ratio,d_fuel,True,10,shock,-0.018073828794021723,0.011427521334565932,-0.036870428708247825,0.0007227711202043782,297,1,0.0665161509285177
ROB,e splice dummies,d_ratio,d_fuel,True,11,shock,-0.016438915646660925,0.011260505016799717,-0.03496079816484919,0.0020829668715273385,296,1,0.06133929749296718
ROB,e splice dummies,d_ratio,d_fuel,True,12,shock,-0.01003137307355754,0.011372584540833952,-0.02873761000336051,0.008674863856245428,295,1,0.06098906035242713
ROB,f asymmetry,d_ratio,d_fuel,False,0,shock,0.010827498894095802,0.00572410193668426,0.0014121890625007506,0.020242808725690856,307,1,0.17166180109807738
ROB,f asymmetry,d_ratio,d_fuel,False,0,shock_x_pos,-0.01980174253446934,0.010482185882694938,-0.037043404001999625,-0.0025600810669390538,307,1,0.17166180109807738
ROB,f asymmetry,d_ratio,d_fuel,False,1,shock,0.0002583194501457755,0.007292363748535284,-0.01173655151068192,0.01225319041097347,306,1,0.06365224871620334
ROB,f asymmetry,d_ratio,d_fuel,False,1,shock_x_pos,-0.014325559703376947,0.009749041609719102,-0.030361306154424228,0.001710186747670336,306,1,0.06365224871620334
ROB,f asymmetry,d_ratio,d_fuel,False,2,shock,-0.002748469886219414,0.0049560058114873455,-0.010900374020436948,0.005403434247998121,305,1,0.004773861437648241
ROB,f asymmetry,d_ratio,d_fuel,False,2,shock_x_pos,0.0054641261953193646,0.00830164338033534,-0.0081908620284829,0.01911911441912163,305,1,0.004773861437648241
ROB,f asymmetry,d_ratio,d_fuel,False,3,shock,-0.013288124442302929,0.0061974628322934155,-0.023482043659897697,-0.003094205224708161,304,1,0.008036833651091757
ROB,f asymmetry,d_ratio,d_fuel,False,3,shock_x_pos,0.012930304416131189,0.007754112236606332,0.0001759247799604704,0.025684684052301905,304,1,0.008036833651091757
ROB,f asymmetry,d_ratio,d_fuel,False,4,shock,-0.01738273465124785,0.005945737955113453,-0.027162603291619243,-0.0076028660108764575,303,1,0.001480198860541626
ROB,f asymmetry,d_ratio,d_fuel,False,4,shock_x_pos,0.02323991615997759,0.009891559649188773,0.006969748394802605,0.039510083925152574,303,1,0.001480198860541626
ROB,f asymmetry,d_ratio,d_fuel,False,5,shock,-0.0031163404327358892,0.007158375031545675,-0.014890819566452652,0.008658138700980873,302,1,-0.01584894615768251
ROB,f asymmetry,d_ratio,d_fuel,False,5,shock_x_pos,0.010641258018754669,0.00934509040456026,-0.004730047827375676,0.026012563864885013,302,1,-0.01584894615768251
ROB,f asymmetry,d_ratio,d_fuel,False,6,shock,-0.009773678795431293,0.006819490641974384,-0.020990742711844482,0.0014433851209818965,301,1,-0.039122770316221356
ROB,f asymmetry,d_ratio,d_fuel,False,6,shock_x_pos,0.010225294921490805,0.011945969753647362,-0.009424076755248643,0.02987466659823025,301,1,-0.039122770316221356
ROB,f asymmetry,d_ratio,d_fuel,False,7,shock,-0.0038363253157617937,0.004582040158275244,-0.011373110688938128,0.0037004600574145397,300,1,-0.04248093867103675
ROB,f asymmetry,d_ratio,d_fuel,False,7,shock_x_pos,0.008044081874052957,0.009809538832235593,-0.008091173652871066,0.02417933740097698,300,1,-0.04248093867103675
ROB,f asymmetry,d_ratio,d_fuel,False,8,shock,0.002486927447591878,0.007781441743014661,-0.010312405226317373,0.01528626012150113,299,1,-0.04566603369315114
ROB,f asymmetry,d_ratio,d_fuel,False,8,shock_x_pos,-0.01633534209759845,0.014166119610121604,-0.039636535318135345,0.006965851122938446,299,1,-0.04566603369315114
ROB,f asymmetry,d_ratio,d_fuel,False,9,shock,0.0036250257337662934,0.00828265005094409,-0.00999872124329889,0.017248772710831476,298,1,-0.05139751734992215
ROB,f asymmetry,d_ratio,d_fuel,False,9,shock_x_pos,0.008591484597080933,0.01399831633478822,-0.01443369679740951,0.031616665991571376,298,1,-0.05139751734992215
ROB,f asymmetry,d_ratio,d_fuel,False,10,shock,-0.00621645520535276,0.00732105574321431,-0.018258520297692725,0.005825609886987205,297,1,-0.03344771284025372
ROB,f asymmetry,d_ratio,d_fuel,False,10,shock_x_pos,0.00020943566623403593,0.012831087114352095,-0.020895824511538305,0.02131469584400638,297,1,-0.03344771284025372
ROB,f asymmetry,d_ratio,d_fuel,False,11,shock,0.0017180444546504442,0.005475565839316953,-0.007288459875761627,0.010724548785062515,296,1,-0.020839874174131134
ROB,f asymmetry,d_ratio,d_fuel,False,11,shock_x_pos,0.005173774926535187,0.007783758092770421,-0.007629367803671113,0.017976917656741486,296,1,-0.020839874174131134
ROB,f asymmetry,d_ratio,d_fuel,False,12,shock,0.0024827717717186017,0.004628191922873982,-0.005129926498848176,0.01009547004228538,295,1,-0.02501778356066664
ROB,f asymmetry,d_ratio,d_fuel,False,12,shock_x_pos,-0.0024058006927522727,0.010226837393559741,-0.019227451271791953,0.01441584988628741,295,1,-0.02501778356066664
ROB,f asymmetry,d_ratio,d_fuel,True,0,shock,0.010827498894095802,0.00572410193668426,0.0014121890625007506,0.020242808725690856,307,1,0.17166180109807738
ROB,f asymmetry,d_ratio,d_fuel,True,0,shock_x_pos,-0.01980174253446934,0.010482185882694938,-0.037043404001999625,-0.0025600810669390538,307,1,0.17166180109807738
ROB,f asymmetry,d_ratio,d_fuel,True,1,shock,0.011131405775963702,0.011014830777545847,-0.006986378578739289,0.029249190130666694,306,1,0.1581957212295838
ROB,f asymmetry,d_ratio,d_fuel,True,1,shock_x_pos,-0.03416380977661096,0.016622365133830183,-0.06150516735550323,-0.006822452197718688,306,1,0.1581957212295838
ROB,f asymmetry,d_ratio,d_fuel,True,2,shock,0.01463752525474666,0.013739184250403897,-0.007961421790884732,0.03723647230037805,305,1,0.10631925770150963
ROB,f asymmetry,d_ratio,d_fuel,True,2,shock_x_pos,-0.02935220048306536,0.021260927811075088,-0.06432331470546565,0.005618913739334923,305,1,0.10631925770150963
ROB,f asymmetry,d_ratio,d_fuel,True,3,shock,-0.005732960144834649,0.016524535549451908,-0.03291340237703916,0.021447482087369858,304,1,0.07705280129542325
ROB,f asymmetry,d_ratio,d_fuel,True,3,shock_x_pos,-0.0239377696046591,0.02350174010269237,-0.06259469205224351,0.014719152842925309,304,1,0.07705280129542325
ROB,f asymmetry,d_ratio,d_fuel,True,4,shock,-0.020913687331541822,0.023159691926502815,-0.059007990595928705,0.01718061593284506,303,1,0.08278747558429644
ROB,f asymmetry,d_ratio,d_fuel,True,4,shock_x_pos,0.005888851238599602,0.0356211828313454,-0.05270278053784039,0.06448048301503959,303,1,0.08278747558429644
ROB,f asymmetry,d_ratio,d_fuel,True,5,shock,-0.02719394785067942,0.02731280534998989,-0.07211951479282987,0.01773161909147103,302,1,0.09191575298667432
ROB,f asymmetry,d_ratio,d_fuel,True,5,shock_x_pos,0.02651654260234309,0.04200894144799768,-0.042582017102787924,0.09561510230747411,302,1,0.09191575298667432
ROB,f asymmetry,d_ratio,d_fuel,True,6,shock,-0.0419695511533069,0.029198026087705484,-0.08999603026349297,0.006056927956879163,301,1,0.093168554473535
ROB,f asymmetry,d_ratio,d_fuel,True,6,shock_x_pos,0.05861837294574326,0.054613950506954036,-0.031213581627768272,0.1484503275192548,301,1,0.093168554473535
ROB,f asymmetry,d_ratio,d_fuel,True,7,shock,-0.044779740006403564,0.027597498657352188,-0.0901735857677377,0.0006141057549305662,300,1,0.09393920355915653
ROB,f asymmetry,d_ratio,d_fuel,True,7,shock_x_pos,0.06376773201078764,0.053352325985405624,-0.02398903489260408,0.15152449891417935,300,1,0.09393920355915653
ROB,f asymmetry,d_ratio,d_fuel,True,8,shock,-0.042555217330189014,0.0290072382673065,-0.09026787840201364,0.005157443741635619,299,1,0.08600729722558254
ROB,f asymmetry,d_ratio,d_fuel,True,8,shock_x_pos,0.047971525309337994,0.05626663466030927,-0.044578852788025126,0.14052190340670112,299,1,0.08600729722558254
ROB,f asymmetry,d_ratio,d_fuel,True,9,shock,-0.037099934021673685,0.03287945364228196,-0.09118182259736396,0.01698195455401659,298,1,0.07823491893112255
ROB,f asymmetry,d_ratio,d_fuel,True,9,shock_x_pos,0.05201354731954294,0.06519117642648037,-0.05521639567078661,0.1592434903098725,298,1,0.07823491893112255
ROB,f asymmetry,d_ratio,d_fuel,True,10,shock,-0.04338864598323102,0.03555719294123837,-0.10187502375684024,0.015097731790378204,297,1,0.07193339455164127
ROB,f asymmetry,d_ratio,d_fuel,True,10,shock_x_pos,0.05682261058094481,0.06931591806077478,-0.057191928646791644,0.17083714980868125,297,1,0.07193339455164127
ROB,f asymmetry,d_ratio,d_fuel,True,11,shock,-0.04376951339665105,0.03783387356148969,-0.10600069754589078,0.018461670752588685,296,1,0.0670153815313469
ROB,f asymmetry,d_ratio,d_fuel,True,11,shock_x_pos,0.06177640748165855,0.07235275216809471,-0.05723327934195303,0.18078609430527015,296,1,0.0670153815313469
ROB,f asymmetry,d_ratio,d_fuel,True,12,shock,-0.03556354256988283,0.03720567832848015,-0.0967614375116732,0.02563435237190753,295,1,0.06569275086780635
ROB,f asymmetry,d_ratio,d_fuel,True,12,shock_x_pos,0.0577701215283951,0.07209786339176849,-0.06082031056700707,0.17636055362379727,295,1,0.06569275086780635
ROB,g to Jun 2019,d_ratio,d_fuel,False,0,shock,-0.010771998926312849,0.00879288017018863,-0.025234999765597295,0.003691001912971597,221,1,0.23015071929058462
ROB,g to Jun 2019,d_ratio,d_fuel,False,1,shock,-0.014735065604956882,0.007305536057290737,-0.026751603085616308,-0.0027185281242974556,221,1,0.08707323574540371
ROB,g to Jun 2019,d_ratio,d_fuel,False,2,shock,0.004945782457509042,0.006817602452076166,-0.006268175662901691,0.016159740577919773,221,1,0.01658166700842112
ROB,g to Jun 2019,d_ratio,d_fuel,False,3,shock,-0.00830336694523413,0.006818468988493168,-0.01951875039121325,0.0029120165007449923,221,1,0.009628260685012546
ROB,g to Jun 2019,d_ratio,d_fuel,False,4,shock,-0.011225054778910299,0.005760001287410445,-0.02069941378775252,-0.0017506957700680788,221,1,-0.026525942601803854
ROB,g to Jun 2019,d_ratio,d_fuel,False,5,shock,0.00333469166721452,0.005950637650421886,-0.006453236254755907,0.013122619589184948,221,1,-0.036924390935186846
ROB,g to Jun 2019,d_ratio,d_fuel,False,6,shock,0.0013994346139184824,0.006640703722230596,-0.009523550989102656,0.01232242021693962,221,1,-0.06176220227895923
ROB,g to Jun 2019,d_ratio,d_fuel,False,7,shock,-0.002401968724968596,0.005970448926099878,-0.012222483295592503,0.00741854584565531,221,1,-0.07640321390264493
ROB,g to Jun 2019,d_ratio,d_fuel,False,8,shock,-0.0024824023900723645,0.006189092390634872,-0.012662553456345892,0.007697748676201162,221,1,-0.08839958886295718
ROB,g to Jun 2019,d_ratio,d_fuel,False,9,shock,0.0005529184355617055,0.005385305673143853,-0.0083051211331513,0.009410958004274711,221,1,-0.09223998802754285
ROB,g to Jun 2019,d_ratio,d_fuel,False,10,shock,0.007584600616448737,0.006345965634554401,-0.002853583974057469,0.018022785206954942,221,1,-0.08845128203226671
ROB,g to Jun 2019,d_ratio,d_fuel,False,11,shock,0.00012873358908119364,0.0059316109156600585,-0.009627898139207195,0.009885365317369584,221,1,-0.07028389209474595
ROB,g to Jun 2019,d_ratio,d_fuel,False,12,shock,0.0008608197207728074,0.005848441753806429,-0.008759010909990126,0.010480650351535743,221,1,-0.07506932756948004
ROB,g to Jun 2019,d_ratio,d_fuel,True,0,shock,-0.010771998926312849,0.00879288017018863,-0.025234999765597295,0.003691001912971597,221,1,0.23015071929058462
ROB,g to Jun 2019,d_ratio,d_fuel,True,1,shock,-0.025507064531269736,0.014383858701919182,-0.049166406686679,-0.0018477223758604742,221,1,0.19528258784066488
ROB,g to Jun 2019,d_ratio,d_fuel,True,2,shock,-4.2943805280465444e-05,0.012479397718514851,-0.020569726404749546,0.02048383879418862,221,1,0.13683778517641443
ROB,g to Jun 2019,d_ratio,d_fuel,True,3,shock,-0.02155210543736473,0.015813016126236066,-0.04756220236564624,0.004457991490916781,221,1,0.09798328836370696
ROB,g to Jun 2019,d_ratio,d_fuel,True,4,shock,-0.03672267768349536,0.017422888101321456,-0.0653807783689236,-0.008064576998067115,221,1,0.10120240345029397
ROB,g to Jun 2019,d_ratio,d_fuel,True,5,shock,-0.030403004111724516,0.0168498533871646,-0.05811854656920276,-0.002687461654246274,221,1,0.10758588361079258
ROB,g to Jun 2019,d_ratio,d_fuel,True,6,shock,-0.03151213706661908,0.02023035348200042,-0.06478810736599781,0.0017638332327596512,221,1,0.09942425767931096
ROB,g to Jun 2019,d_ratio,d_fuel,True,7,shock,-0.032393999027453386,0.017872482868462995,-0.06179161729627279,-0.0029963807586339784,221,1,0.09563688227674583
ROB,g to Jun 2019,d_ratio,d_fuel,True,8,shock,-0.034876980926257656,0.020213923021692896,-0.06812592552340707,-0.001628036329108233,221,1,0.08551441995146025
ROB,g to Jun 2019,d_ratio,d_fuel,True,9,shock,-0.03308222803660472,0.020019019418459794,-0.06601058473507027,-0.00015387133813917625,221,1,0.07625948195033738
ROB,g to Jun 2019,d_ratio,d_fuel,True,10,shock,-0.0278976125559131,0.022346033469027728,-0.06465356675542235,0.008858341643596144,221,1,0.06378247977419182
ROB,g to Jun 2019,d_ratio,d_fuel,True,11,shock,-0.03136454567347312,0.021345968640968365,-0.06647553961336232,0.003746448266416083,221,1,0.05493417078178364
ROB,g to Jun 2019,d_ratio,d_fuel,True,12,shock,-0.0214510788336614,0.019122589538146544,-0.05290493959218602,0.01000278192486322,221,1,0.05232660838738856
ROB,h gasoline 07.2.2.2,d_ratio,d_gasoline,False,0,shock,0.005987129888583069,0.004210797899687414,-0.0009390163090774147,0.012913276086243552,91,1,-0.03271459439198576
ROB,h gasoline 07.2.2.2,d_ratio,d_gasoline,False,1,shock,-0.000417508208187929,0.005374423481144504,-0.009257648163921623,0.008422631747545765,90,1,-0.04851353425613514
ROB,h gasoline 07.2.2.2,d_ratio,d_gasoline,False,2,shock,-0.0010692344705056482,0.005310256842262431,-0.00980382969754488,0.007665360756533583,89,1,0.012891034327867756
ROB,h gasoline 07.2.2.2,d_ratio,d_gasoline,False,3,shock,-0.004485538042800668,0.0064801879170894505,-0.015144498641552357,0.006173422555951021,88,1,0.033324864504420626
ROB,h gasoline 07.2.2.2,d_ratio,d_gasoline,False,4,shock,7.388244109944765e-05,0.004666688831998713,-0.007602137610067565,0.007749902492266461,87,1,0.012721644825963496
ROB,h gasoline 07.2.2.2,d_ratio,d_gasoline,False,5,shock,0.0013690885259175817,0.004730368168723521,-0.006411674713223094,0.009149851765058259,86,1,-0.018463940818913782
ROB,h gasoline 07.2.2.2,d_ratio,d_gasoline,False,6,shock,-0.006725680232312395,0.007351348546771519,-0.018817572552453962,0.005366212087829172,85,1,-0.08712082011514788
ROB,h gasoline 07.2.2.2,d_ratio,d_gasoline,False,7,shock,-0.003965731761385052,0.0035325177188385852,-0.00977620634348704,0.0018447428207169353,84,1,-0.03344399667907094
ROB,h gasoline 07.2.2.2,d_ratio,d_gasoline,False,8,shock,-0.010060481991932681,0.004525787763940556,-0.017504740410262898,-0.002616223573602465,83,1,-0.027657293157101526
ROB,h gasoline 07.2.2.2,d_ratio,d_gasoline,False,9,shock,0.006711334470029569,0.009060421963224647,-0.00819173345789127,0.021614402397950407,82,1,-0.06209220269477478
ROB,h gasoline 07.2.2.2,d_ratio,d_gasoline,False,10,shock,-0.013130382276573215,0.008442366636358518,-0.02701683965844162,0.0007560751052951929,81,1,0.10591025096205231
ROB,h gasoline 07.2.2.2,d_ratio,d_gasoline,False,11,shock,0.008336179926500008,0.005933533815740629,-0.0014236146909601746,0.01809597454396019,80,1,0.04228341675603409
ROB,h gasoline 07.2.2.2,d_ratio,d_gasoline,False,12,shock,0.004611599183181169,0.0045434721327679995,-0.002861747433355216,0.012084945799717554,79,1,0.016819886385999294
ROB,h gasoline 07.2.2.2,d_ratio,d_gasoline,True,0,shock,0.005987129888583069,0.004210797899687414,-0.0009390163090774147,0.012913276086243552,91,1,-0.03271459439198576
ROB,h gasoline 07.2.2.2,d_ratio,d_gasoline,True,1,shock,0.005329396993404129,0.006397784131969694,-0.005194021440518798,0.015852815427327055,90,1,-0.0034189758298865947
ROB,h gasoline 07.2.2.2,d_ratio,d_gasoline,True,2,shock,0.004579870915184833,0.005857854678770224,-0.005055442599345021,0.014215184429714686,89,1,0.04621150069890945
ROB,h gasoline 07.2.2.2,d_ratio,d_gasoline,True,3,shock,-0.002204140964170145,0.006639962544757283,-0.013125907438736088,0.008717625510395798,88,1,0.046705370879055685
ROB,h gasoline 07.2.2.2,d_ratio,d_gasoline,True,4,shock,0.0034729475723191024,0.006024341707943849,-0.006436212735987365,0.01338210788062557,87,1,0.05734751707201202
ROB,h gasoline 07.2.2.2,d_ratio,d_gasoline,True,5,shock,0.00534182172422425,0.006551087082943918,-0.005433757624630994,0.016117401073079494,86,1,0.06247533031357888
ROB,h gasoline 07.2.2.2,d_ratio,d_gasoline,True,6,shock,-0.0015611582987386957,0.012172596135805807,-0.021583297202134352,0.01846098060465696,85,1,0.06065254166225398
ROB,h gasoline 07.2.2.2,d_ratio,d_gasoline,True,7,shock,-0.006923765644153852,0.011539804218519122,-0.02590505446729493,0.012057523178987227,84,1,0.053696875393941634
ROB,h gasoline 07.2.2.2,d_ratio,d_gasoline,True,8,shock,-0.016807131975042917,0.011649356857930646,-0.03596861885446215,0.002354354904376313,83,1,0.01421012743606298
ROB,h gasoline 07.2.2.2,d_ratio,d_gasoline,True,9,shock,-0.008706399875005327,0.016015137735434927,-0.03504895726526285,0.0176361575152522,82,1,-0.048079492745125574
ROB,h gasoline 07.2.2.2,d_ratio,d_gasoline,True,10,shock,-0.01737794726576172,0.011581738726637264,-0.036428212216675346,0.0016723176851519105,81,1,-0.10464927988194517
ROB,h gasoline 07.2.2.2,d_ratio,d_gasoline,True,11,shock,-0.01666589601613764,0.011381807820324729,-0.0353873038906634,0.0020555118583881204,80,1,-0.1604645980256416
ROB,h gasoline 07.2.2.2,d_ratio,d_gasoline,True,12,shock,-0.005120393835408637,0.012503980332932657,-0.025687611237362795,0.015446823566545519,79,1,-0.2034724015418643
ROB,i WB pump price,d_ratio,d_wb_gasoline_php,False,0,shock,-0.0017270625416851363,0.005306446215042039,-0.010455389844719946,0.0070012647613496735,86,1,-0.1056500301215273
ROB,i WB pump price,d_ratio,d_wb_gasoline_php,False,1,shock,0.004344578421724273,0.0060042382645228145,-0.005531514664756892,0.014220671508205437,86,1,-0.09056446773882576
ROB,i WB pump price,d_ratio,d_wb_gasoline_php,False,2,shock,0.0017683674854294543,0.005625963191715851,-0.007485518475559844,0.011022253446418752,85,1,-0.06485673113374091
ROB,i WB pump price,d_ratio,d_wb_gasoline_php,False,3,shock,-0.0037624383933002326,0.004197986939352598,-0.010667512436389264,0.0031426356497887987,84,1,-0.053300442311311036
ROB,i WB pump price,d_ratio,d_wb_gasoline_php,False,4,shock,-0.006891478752454483,0.0038572818065591074,-0.013236142722147157,-0.0005468147827618081,83,1,-0.05611199168757164
ROB,i WB pump price,d_ratio,d_wb_gasoline_php,False,5,shock,0.0018084074945597345,0.0050075656740509395,-0.006428305066600647,0.010045120055720117,82,1,-0.09905526163316658
ROB,i WB pump price,d_ratio,d_wb_gasoline_php,False,6,shock,-0.00588136945742403,0.006095925586000029,-0.015908274767182456,0.004145535852334396,81,1,-0.01401135917361862
ROB,i WB pump price,d_ratio,d_wb_gasoline_php,False,7,shock,-0.00665348016859031,0.004702912713593575,-0.014389083202780891,0.0010821228656002716,80,1,0.02779715457563281
ROB,i WB pump price,d_ratio,d_wb_gasoline_php,False,8,shock,-0.005651719930521052,0.0040839022135211785,-0.012369141298546507,0.0010657014375044039,79,1,0.12536444213168063
ROB,i WB pump price,d_ratio,d_wb_gasoline_php,False,9,shock,-0.0007206142599196541,0.004492258668095648,-0.00810972222334097,0.0066684937035016625,78,1,0.1538436107509824
ROB,i WB pump price,d_ratio,d_wb_gasoline_php,False,10,shock,-0.010539733357224895,0.00462975737515235,-0.018155006567649564,-0.002924460146800224,77,1,0.11752903612290388
ROB,i WB pump price,d_ratio,d_wb_gasoline_php,False,11,shock,0.006219467049056378,0.003968855429498463,-0.000308719199000212,0.012747653297112967,76,1,0.15951125108858089
ROB,i WB pump price,d_ratio,d_wb_gasoline_php,False,12,shock,0.011763708429163381,0.004200732312112323,0.004854118649733182,0.01867329820859358,75,1,0.16991323620662424
ROB,i WB pump price,d_ratio,d_wb_gasoline_php,True,0,shock,-0.0017270625416851363,0.005306446215042039,-0.010455389844719946,0.0070012647613496735,86,1,-0.1056500301215273
ROB,i WB pump price,d_ratio,d_wb_gasoline_php,True,1,shock,0.0026175158800391353,0.008737289916594492,-0.01175404712899784,0.016989078889076113,86,1,0.0015582770127224865
ROB,i WB pump price,d_ratio,d_wb_gasoline_php,True,2,shock,0.007795683626100029,0.00753408871562403,-0.004596789523568316,0.020188156775768372,85,1,0.04734481005749158
ROB,i WB pump price,d_ratio,d_wb_gasoline_php,True,3,shock,0.0033090508256774613,0.008476198106716211,-0.0106330543729139,0.017251156024268823,84,1,0.07441732638198784
ROB,i WB pump price,d_ratio,d_wb_gasoline_php,True,4,shock,-0.00496529993809597,0.007880971258667298,-0.017928344096815187,0.007997744220623245,83,1,0.11483039186076949
ROB,i WB pump price,d_ratio,d_wb_gasoline_php,True,5,shock,-0.0007307132707506296,0.008975272828621015,-0.015493723335786904,0.014032296794285646,82,1,0.1630599122798011
ROB,i WB pump price,d_ratio,d_wb_gasoline_php,True,6,shock,-0.006321581627935948,0.009603309183703298,-0.0221176195694867,0.009474456313614805,81,1,0.17101879778595797
ROB,i WB pump price,d_ratio,d_wb_gasoline_php,True,7,shock,-0.015483654899404817,0.009980997385335658,-0.03190093464926733,0.0009336248504576983,80,1,0.22024686819679506
ROB,i WB pump price,d_ratio,d_wb_gasoline_php,True,8,shock,-0.01681558346682161,0.008546167878757635,-0.030872778698732277,-0.0027583882349109454,79,1,0.219172752347643
ROB,i WB pump price,d_ratio,d_wb_gasoline_php,True,9,shock,-0.01402445256112506,0.008774077013356434,-0.02845652495969593,0.00040761983744581204,78,1,0.2797573945407671
ROB,i WB pump price,d_ratio,d_wb_gasoline_php,True,10,shock,-0.027213796554145887,0.007220731841789472,-0.03909084351335729,-0.01533674959493449,77,1,0.3056621520569437
ROB,i WB pump price,d_ratio,d_wb_gasoline_php,True,11,shock,-0.015449689574741854,0.007789733856858347,-0.028262661562181986,-0.0026367175873017214,76,1,0.341962635794952
ROB,i WB pump price,d_ratio,d_wb_gasoline_php,True,12,shock,-0.0005464495511129722,0.0053774695728924515,-0.009391599881906305,0.008298700779680361,75,1,0.43534671029769556
ROB,j drop NCR,d_ratio,d_fuel,False,0,shock,-0.0009629073608747822,0.0032946977425837853,-0.006382202892472549,0.004456388170722985,4912,16,0.06536882468800309
ROB,j drop NCR,d_ratio,d_fuel,False,1,shock,-0.007884738106668511,0.003514965409708962,-0.013666341709437264,-0.0021031345038997574,4896,16,0.04557791149806889
ROB,j drop NCR,d_ratio,d_fuel,False,2,shock,-0.0018621348172935606,0.0022811830483967965,-0.0056143470281892465,0.0018900773936021257,4880,16,0.04428252688427614
ROB,j drop NCR,d_ratio,d_fuel,False,3,shock,-0.003119371472785041,0.0025376898310269674,-0.007293499795427616,0.001054756849857535,4864,16,0.04476147685608178
ROB,j drop NCR,d_ratio,d_fuel,False,4,shock,-0.003549108111006005,0.0024308775968559628,-0.007547545942869614,0.0004493297208576037,4848,16,0.03436748168488257
ROB,j drop NCR,d_ratio,d_fuel,False,5,shock,-0.0015979312734605284,0.002228305147543378,-0.00526316707735189,0.0020673045304308323,4832,16,0.03433188540168974
ROB,j drop NCR,d_ratio,d_fuel,False,6,shock,-0.004068318864181765,0.002912899402586068,-0.008859612011470234,0.0007229742831067051,4816,16,0.03045272553862055
ROB,j drop NCR,d_ratio,d_fuel,False,7,shock,-0.00039872437289707215,0.0026114606988870193,-0.004694194975102612,0.0038967462293084676,4800,16,0.029409450616593058
ROB,j drop NCR,d_ratio,d_fuel,False,8,shock,-0.002563864564388199,0.0020393812869452504,-0.005918348270957055,0.0007906191421806572,4784,16,0.02965676659489569
ROB,j drop NCR,d_ratio,d_fuel,False,9,shock,0.005238023902552623,0.0029586260359724483,0.00037151713649028525,0.010104530668614962,4768,16,0.02971069441816543
ROB,j drop NCR,d_ratio,d_fuel,False,10,shock,-0.003727870821006712,0.002440885842079571,-0.007742770751325793,0.00028702910931236803,4752,16,0.03860600538802972
ROB,j drop NCR,d_ratio,d_fuel,False,11,shock,0.0015403883937980584,0.0033749585685455734,-0.004010924448485076,0.007091701236081193,4736,16,0.040447270071792385
ROB,j drop NCR,d_ratio,d_fuel,False,12,shock,0.002057723310899644,0.0015116530062417308,-0.00042872461910916336,0.004544171240908452,4720,16,0.04230651311296707
ROB,j drop NCR,d_ratio,d_fuel,True,0,shock,-0.0009629073608747822,0.0032946977425837853,-0.006382202892472549,0.004456388170722985,4912,16,0.06536882468800309
ROB,j drop NCR,d_ratio,d_fuel,True,1,shock,-0.008906544548385565,0.006088464841751427,-0.01892117802590692,0.001108088929135791,4896,16,0.07675599427526847
ROB,j drop NCR,d_ratio,d_fuel,True,2,shock,-0.0069926952842747645,0.004938664618746472,-0.015116075694716808,0.00113068512616728,4880,16,0.08393236325158482
ROB,j drop NCR,d_ratio,d_fuel,True,3,shock,-0.015469656332167356,0.00788360171288697,-0.02843702720305033,-0.002502285461284384,4864,16,0.09420294258457707
ROB,j drop NCR,d_ratio,d_fuel,True,4,shock,-0.018336890212291908,0.007425803838562785,-0.03055125058918207,-0.006122529835401746,4848,16,0.11045160448785263
ROB,j drop NCR,d_ratio,d_fuel,True,5,shock,-0.018945512901642012,0.0073552822878485665,-0.03104387565006165,-0.0068471501532223755,4832,16,0.11884974843617557
ROB,j drop NCR,d_ratio,d_fuel,True,6,shock,-0.021328170967116273,0.00871978664943642,-0.03567094366368479,-0.006985398270547753,4816,16,0.12210972943075482
ROB,j drop NCR,d_ratio,d_fuel,True,7,shock,-0.02220944887533606,0.008473410082501638,-0.03614696818218605,-0.008271929568486068,4800,16,0.12328450908884858
ROB,j drop NCR,d_ratio,d_fuel,True,8,shock,-0.025025428519475423,0.00886990805223747,-0.03961512894992429,-0.010435728089026552,4784,16,0.12401730456471316
ROB,j drop NCR,d_ratio,d_fuel,True,9,shock,-0.01980533609814705,0.009180234417232674,-0.03490547797559695,-0.004705194220697151,4768,16,0.12481997064540129
ROB,j drop NCR,d_ratio,d_fuel,True,10,shock,-0.022855157163142934,0.009056531155492447,-0.037751825281853696,-0.007958489044432176,4752,16,0.1272739468531503
ROB,j drop NCR,d_ratio,d_fuel,True,11,shock,-0.022150347574635156,0.00945597738741384,-0.037704046276693916,-0.006596648872576395,4736,16,0.13036814048040735
ROB,j drop NCR,d_ratio,d_fuel,True,12,shock,-0.018479953727008235,0.008966823312164406,-0.03322906557425487,-0.003730841879761599,4720,16,0.13479526103999517
ROB,j drop CAR,d_ratio,d_fuel,False,0,shock,-0.0001451130530556093,0.0031909835352075086,-0.00539381389448411,0.005103587788372892,4912,16,0.06027532476391684
ROB,j drop CAR,d_ratio,d_fuel,False,1,shock,-0.007232891316889105,0.0030350439528377205,-0.012225094370671362,-0.002240688263106848,4896,16,0.044080089328499716
ROB,j drop CAR,d_ratio,d_fuel,False,2,shock,-0.0007586070332719295,0.0020193109376261107,-0.004080077952969016,0.0025628638864251567,4880,16,0.04324064351335377
ROB,j drop CAR,d_ratio,d_fuel,False,3,shock,-0.004381618400238224,0.0019297865037640437,-0.007555834730196512,-0.0012074020702799357,4864,16,0.043867496723794974
ROB,j drop CAR,d_ratio,d_fuel,False,4,shock,-0.002618098684570584,0.0020913790023128925,-0.006058111021855096,0.0008219136527139285,4848,16,0.03261593597625145
ROB,j drop CAR,d_ratio,d_fuel,False,5,shock,-0.0019954661219380044,0.0020245315849888464,-0.0053255242423847216,0.0013345919985087123,4832,16,0.03258236811596771
ROB,j drop CAR,d_ratio,d_fuel,False,6,shock,-0.004556835586150134,0.002924118075734294,-0.009366581808656047,0.0002529106363557791,4816,16,0.02842382199085125
ROB,j drop CAR,d_ratio,d_fuel,False,7,shock,0.0004109460761431252,0.002654708573759627,-0.003955660949904567,0.004777553102190818,4800,16,0.027268267685612968
ROB,j drop CAR,d_ratio,d_fuel,False,8,shock,-0.003267932679268625,0.0018481632088572497,-0.006307890636555744,-0.00022797472198150684,4784,16,0.02761087575421506
ROB,j drop CAR,d_ratio,d_fuel,False,9,shock,0.004935215661549518,0.0027920049477217126,0.0003427761968230036,0.009527655126276032,4768,16,0.027982266376703424
ROB,j drop CAR,d_ratio,d_fuel,False,10,shock,-0.0013432084455155264,0.0021392574063249614,-0.004861973749291939,0.0021755568582608855,4752,16,0.03789134251072335
ROB,j drop CAR,d_ratio,d_fuel,False,11,shock,-0.00022646922468458607,0.0024511903760945047,-0.004258318605152175,0.0038053801557830034,4736,16,0.03881688766582625
ROB,j drop CAR,d_ratio,d_fuel,False,12,shock,0.0020211855574322423,0.0015029057844211699,-0.00045087447303926616,0.004493245587903751,4720,16,0.04066063176166479
ROB,j drop CAR,d_ratio,d_fuel,True,0,shock,-0.0001451130530556093,0.0031909835352075086,-0.00539381389448411,0.005103587788372892,4912,16,0.06027532476391684
ROB,j drop CAR,d_ratio,d_fuel,True,1,shock,-0.00743113920516972,0.005608013715353019,-0.016655500904861734,0.0017932224945222943,4896,16,0.07233333179182411
ROB,j drop CAR,d_ratio,d_fuel,True,2,shock,-0.003984651224929114,0.00424021342539167,-0.010959181656732929,0.0029898792068747005,4880,16,0.08208887578719404
ROB,j drop CAR,d_ratio,d_fuel,True,3,shock,-0.014066254944503922,0.007166472473293739,-0.025854053184649017,-0.0022784567043588264,4864,16,0.09482034177889409
ROB,j drop CAR,d_ratio,d_fuel,True,4,shock,-0.015986619153040067,0.006608308926523999,-0.02685632005884886,-0.005116918247231277,4848,16,0.11283397240046444
ROB,j drop CAR,d_ratio,d_fuel,True,5,shock,-0.017045619737036992,0.006675397563542866,-0.028025671630773494,-0.006065567843300489,4832,16,0.12221867733964331
ROB,j drop CAR,d_ratio,d_fuel,True,6,shock,-0.02060751374271232,0.008136041795702964,-0.03399011159940311,-0.007224915886021531,4816,16,0.12556229101602534
ROB,j drop CAR,d_ratio,d_fuel,True,7,shock,-0.02042151508158688,0.007923267273636772,-0.033454129993934226,-0.0073889001692395324,4800,16,0.12677175556761455
ROB,j drop CAR,d_ratio,d_fuel,True,8,shock,-0.023891912087666972,0.008407502741202392,-0.03772102346513817,-0.010062800710195774,4784,16,0.1271262991648039
ROB,j drop CAR,d_ratio,d_fuel,True,9,shock,-0.018915652162099887,0.008608415362255569,-0.03307523539301073,-0.004756068931189043,4768,16,0.12786464072243153
ROB,j drop CAR,d_ratio,d_fuel,True,10,shock,-0.01960731630262594,0.008448711588403629,-0.03350421020187858,-0.005710422403373298,4752,16,0.12995337305031596
ROB,j drop CAR,d_ratio,d_fuel,True,11,shock,-0.02062609921578715,0.009108494756420343,-0.03560823985195362,-0.005643958579620682,4736,16,0.13292570821192062
ROB,j drop CAR,d_ratio,d_fuel,True,12,shock,-0.017091148072869135,0.00881622797082716,-0.031592552626715203,-0.0025897435190230644,4720,16,0.13712484734889752
ROB,j drop R01,d_ratio,d_fuel,False,0,shock,-0.0012527224697155745,0.003341315167789491,-0.006748696842242085,0.004243251902810937,4912,16,0.0656443118908766
ROB,j drop R01,d_ratio,d_fuel,False,1,shock,-0.007885155293148238,0.003335216532767545,-0.013371098303739448,-0.0023992122825570276,4896,16,0.045928408590388714
ROB,j drop R01,d_ratio,d_fuel,False,2,shock,-0.002174239420445525,0.0022001991893099903,-0.005793245036997751,0.0014447661961067013,4880,16,0.044834342649511805
ROB,j drop R01,d_ratio,d_fuel,False,3,shock,-0.0030123091555179526,0.0024677849514075016,-0.0070714541833768445,0.001046835872340939,4864,16,0.045363135564224555
ROB,j drop R01,d_ratio,d_fuel,False,4,shock,-0.0036523960751382845,0.0024472648025445046,-0.007677788461714291,0.00037299631143772197,4848,16,0.033296741914958905
ROB,j drop R01,d_ratio,d_fuel,False,5,shock,-0.0018934662969211816,0.002160838847461442,-0.005447729912425774,0.0016607973185834104,4832,16,0.0327531089191041
ROB,j drop R01,d_ratio,d_fuel,False,6,shock,-0.00426111976995991,0.0029042001112475615,-0.00903810385633833,0.0005158643164185107,4816,16,0.029019424278011186
ROB,j drop R01,d_ratio,d_fuel,False,7,shock,0.0009026088510150188,0.0025636880628002105,-0.003314282757454101,0.005119500459484139,4800,16,0.02887638644594137
ROB,j drop R01,d_ratio,d_fuel,False,8,shock,-0.0031308212079634665,0.001904428259939374,-0.006263326938593627,1.6845226666938398e-06,4784,16,0.02904161504886693
ROB,j drop R01,d_ratio,d_fuel,False,9,shock,0.005846351738966664,0.0028357238604568877,0.0011820010620613225,0.010510702415872007,4768,16,0.029240614650909547
ROB,j drop R01,d_ratio,d_fuel,False,10,shock,-0.0031064724070753685,0.0024457547027044845,-0.00712938090045246,0.0009164360863017228,4752,16,0.037634889638644364
ROB,j drop R01,d_ratio,d_fuel,False,11,shock,0.001043520984194243,0.00317971298066524,-0.004186641444717653,0.00627368341310614,4736,16,0.03950630684003531
ROB,j drop R01,d_ratio,d_fuel,False,12,shock,0.0015293570865110172,0.001439439138930718,-0.0008383096019350786,0.0038970237749571127,4720,16,0.04156355689958391
ROB,j drop R01,d_ratio,d_fuel,True,0,shock,-0.0012527224697155745,0.003341315167789491,-0.006748696842242085,0.004243251902810937,4912,16,0.0656443118908766
ROB,j drop R01,d_ratio,d_fuel,True,1,shock,-0.009186361218884312,0.005967539413906403,-0.01900209006782412,0.0006293676300554978,4896,16,0.07717026375503233
ROB,j drop R01,d_ratio,d_fuel,True,2,shock,-0.007279057279967912,0.004777272861112549,-0.015136971872505725,0.0005788573125699008,4880,16,0.08513461394190835
ROB,j drop R01,d_ratio,d_fuel,True,3,shock,-0.016029469214679837,0.00777248302050942,-0.02881406610138349,-0.0032448723279761837,4864,16,0.09701156817638756
ROB,j drop R01,d_ratio,d_fuel,True,4,shock,-0.018895495154989027,0.007129384683273572,-0.030622289409203834,-0.007168700900774219,4848,16,0.1148151817310854
ROB,j drop R01,d_ratio,d_fuel,True,5,shock,-0.019741425840274905,0.0070057477037489616,-0.03126485536029333,-0.008217996320256478,4832,16,0.12478677399269578
ROB,j drop R01,d_ratio,d_fuel,True,6,shock,-0.02272816876455232,0.008481867513569245,-0.03667959930756856,-0.008776738221536082,4816,16,0.1286985205792921
ROB,j drop R01,d_ratio,d_fuel,True,7,shock,-0.02218384362816603,0.008148518409608856,-0.035586963688492,-0.008780723567840062,4800,16,0.1306086552046527
ROB,j drop R01,d_ratio,d_fuel,True,8,shock,-0.025401800615916594,0.008552998705525644,-0.039470231558011694,-0.011333369673821493,4784,16,0.1314865349850155
ROB,j drop R01,d_ratio,d_fuel,True,9,shock,-0.01951642718685247,0.008728916912626087,-0.033874217829943536,-0.005158636543761403,4768,16,0.1324922435729211
ROB,j drop R01,d_ratio,d_fuel,True,10,shock,-0.02209185506942754,0.008446751622477794,-0.03598552511161837,-0.00819818502723671,4752,16,0.1348008980279406
ROB,j drop R01,d_ratio,d_fuel,True,11,shock,-0.021697929471415394,0.008959717063470046,-0.03643535257972309,-0.006960506363107695,4736,16,0.13784470412731853
ROB,j drop R01,d_ratio,d_fuel,True,12,shock,-0.018870248424665483,0.008526772386069071,-0.03289554091008085,-0.004844955939250113,4720,16,0.14187750530679
ROB,j drop R02,d_ratio,d_fuel,False,0,shock,-0.0009547123322063552,0.0032555948930968826,-0.006309689400001453,0.004400264735588743,4912,16,0.06526220099938851
ROB,j drop R02,d_ratio,d_fuel,False,1,shock,-0.007654279385617399,0.0032518927747673455,-0.013003167010650754,-0.002305391760584044,4896,16,0.044957420289119754
ROB,j drop R02,d_ratio,d_fuel,False,2,shock,-0.002444379036204072,0.0021771025455666684,-0.006025394054524689,0.0011366359821165456,4880,16,0.043143507391092406
ROB,j drop R02,d_ratio,d_fuel,False,3,shock,-0.002511532543704856,0.002490132513165554,-0.006607436039575002,0.00158437095216529,4864,16,0.04364769587784734
ROB,j drop R02,d_ratio,d_fuel,False,4,shock,-0.003718129552058372,0.0024475328661123755,-0.007743962863966245,0.00030770375984950134,4848,16,0.03308923705337308
ROB,j drop R02,d_ratio,d_fuel,False,5,shock,-0.0010465065764305424,0.002225990764473806,-0.004707935558935762,0.0026149224060746778,4832,16,0.032996328331683866
ROB,j drop R02,d_ratio,d_fuel,False,6,shock,-0.004102649933304935,0.002890808330950764,-0.008857606501290832,0.0006523066346809615,4816,16,0.02959902443157325
ROB,j drop R02,d_ratio,d_fuel,False,7,shock,0.00021187420616230795,0.0025781963126403707,-0.004028881349677118,0.004452629762001733,4800,16,0.02876811887608377
ROB,j drop R02,d_ratio,d_fuel,False,8,shock,-0.0027580137759034905,0.0018437773306478604,-0.005790757605510528,0.00027473005370354676,4784,16,0.028911155256756027
ROB,j drop R02,d_ratio,d_fuel,False,9,shock,0.005790635722833852,0.002912689487833935,0.000999687854586778,0.010581583591080926,4768,16,0.02927539074129859
ROB,j drop R02,d_ratio,d_fuel,False,10,shock,-0.0037710047926605914,0.002502475641012092,-0.007887210927137041,0.00034520134181585845,4752,16,0.03833041819322325
ROB,j drop R02,d_ratio,d_fuel,False,11,shock,0.0014015300453478498,0.003254152132115517,-0.003951073891814224,0.006754133982509925,4736,16,0.039832843569334364
ROB,j drop R02,d_ratio,d_fuel,False,12,shock,0.001733974999606011,0.0014231467662090861,-0.0006068931204772634,0.004074843119689285,4720,16,0.04128886749386951
ROB,j drop R02,d_ratio,d_fuel,True,0,shock,-0.0009547123322063552,0.0032555948930968826,-0.006309689400001453,0.004400264735588743,4912,16,0.06526220099938851
ROB,j drop R02,d_ratio,d_fuel,True,1,shock,-0.008665769565646199,0.005801535885873181,-0.018208446909413825,0.0008769077781214264,4896,16,0.07586646865892543
ROB,j drop R02,d_ratio,d_fuel,True,2,shock,-0.006983456684238672,0.004730014568049022,-0.014763638302027406,0.0007967249335500632,4880,16,0.08197241349658546
ROB,j drop R02,d_ratio,d_fuel,True,3,shock,-0.01512124971880427,0.007688259238305655,-0.027767310811874488,-0.0024751886257340493,4864,16,0.09243515256725543
ROB,j drop R02,d_ratio,d_fuel,True,4,shock,-0.018476112168319427,0.007211519378842872,-0.030338005974439954,-0.006614218362198903,4848,16,0.1090835006851717
ROB,j drop R02,d_ratio,d_fuel,True,5,shock,-0.01822167737478032,0.007034294345339237,-0.029792061941755797,-0.0066512928078048435,4832,16,0.1182313631473555
ROB,j drop R02,d_ratio,d_fuel,True,6,shock,-0.020890033769095182,0.00842219390871725,-0.03474330996673735,-0.007036757571453016,4816,16,0.12129455633454855
ROB,j drop R02,d_ratio,d_fuel,True,7,shock,-0.02110416763450132,0.008069401658076803,-0.03437715221911718,-0.007831183049885466,4800,16,0.12208331410899953
ROB,j drop R02,d_ratio,d_fuel,True,8,shock,-0.02402317692361594,0.008449796271051628,-0.03792185496705624,-0.010124498880175645,4784,16,0.12166593495467681
ROB,j drop R02,d_ratio,d_fuel,True,9,shock,-0.018165187840298587,0.0086725691798579,-0.03243029471077541,-0.0039000809698217665,4768,16,0.12169996222571311
ROB,j drop R02,d_ratio,d_fuel,True,10,shock,-0.021442943016124216,0.008559590598890951,-0.03552221665792972,-0.0073636693743187095,4752,16,0.123298754115032
ROB,j drop R02,d_ratio,d_fuel,True,11,shock,-0.020664619715063868,0.008987748976626889,-0.035448151217397986,-0.005881088212729747,4736,16,0.1257557517150404
ROB,j drop R02,d_ratio,d_fuel,True,12,shock,-0.01759601293783617,0.008653427079603579,-0.0318296338552822,-0.003362392020390138,4720,16,0.12961405724968356
ROB,j drop R03,d_ratio,d_fuel,False,0,shock,-0.0008204400288432768,0.003262068938967187,-0.006186065954469195,0.0045451858967826405,4912,16,0.05979907407304241
ROB,j drop R03,d_ratio,d_fuel,False,1,shock,-0.007016597792087315,0.0031407207383613456,-0.012182623689822682,-0.0018505718943519498,4896,16,0.040957779592778354
ROB,j drop R03,d_ratio,d_fuel,False,2,shock,-0.0022280168564570504,0.0021478619272261835,-0.005760935337646017,0.0013049016247319166,4880,16,0.039737351611014105
ROB,j drop R03,d_ratio,d_fuel,False,3,shock,-0.002802057853198096,0.0023417422092018034,-0.006653881019389036,0.0010497653129928433,4864,16,0.04064690592380327
ROB,j drop R03,d_ratio,d_fuel,False,4,shock,-0.0033063775360939614,0.0023541508467067518,-0.007178611094690441,0.0005658560225025185,4848,16,0.03122408327571158
ROB,j drop R03,d_ratio,d_fuel,False,5,shock,-0.0014584937231009068,0.0021557218338988946,-0.005004340600287982,0.002087353154086169,4832,16,0.030780160078966445
ROB,j drop R03,d_ratio,d_fuel,False,6,shock,-0.0037186093696970537,0.002804894001277814,-0.008332249440913292,0.0008950307015191854,4816,16,0.02793377558159249
ROB,j drop R03,d_ratio,d_fuel,False,7,shock,8.256562497819709e-06,0.002522471809592224,-0.004140840342392794,0.004157353467388433,4800,16,0.026953925158051173
ROB,j drop R03,d_ratio,d_fuel,False,8,shock,-0.0030515329789572183,0.0018713098799990721,-0.006129563822223816,2.64978643093796e-05,4784,16,0.027112617011750828
ROB,j drop R03,d_ratio,d_fuel,False,9,shock,0.005274268246937229,0.002873945926341261,0.0005470478663323975,0.01000148862754206,4768,16,0.027862693307756814
ROB,j drop R03,d_ratio,d_fuel,False,10,shock,-0.0030567931982142063,0.002295838341791491,-0.006833111221604194,0.0007195248251757815,4752,16,0.036844039022330466
ROB,j drop R03,d_ratio,d_fuel,False,11,shock,0.0011444965263881285,0.003103700587080948,-0.003960636641243383,0.00624962969401964,4736,16,0.03897604334039706
ROB,j drop R03,d_ratio,d_fuel,False,12,shock,0.0015428344898877143,0.0014802957902327431,-0.000892035409637609,0.003977704389413038,4720,16,0.04071076388982586
ROB,j drop R03,d_ratio,d_fuel,True,0,shock,-0.0008204400288432768,0.003262068938967187,-0.006186065954469195,0.0045451858967826405,4912,16,0.05979907407304241
ROB,j drop R03,d_ratio,d_fuel,True,1,shock,-0.007894442343164526,0.005710118068004902,-0.01728675075764352,0.0014978660713144704,4896,16,0.07023327166138571
ROB,j drop R03,d_ratio,d_fuel,True,2,shock,-0.006284726133695514,0.004608141060625645,-0.01386444367076961,0.001294991403378582,4880,16,0.07689577200603148
ROB,j drop R03,d_ratio,d_fuel,True,3,shock,-0.01452343094204509,0.00736244120442029,-0.026633569060352767,-0.002413292823737411,4864,16,0.08746578630798507
ROB,j drop R03,d_ratio,d_fuel,True,4,shock,-0.01734909231158618,0.006877182609148731,-0.028661051069452062,-0.006037133553720301,4848,16,0.10396639695990029
ROB,j drop R03,d_ratio,d_fuel,True,5,shock,-0.01784008671408894,0.006697920170059329,-0.028857184998842447,-0.00682298842933543,4832,16,0.11341172588543857
ROB,j drop R03,d_ratio,d_fuel,True,6,shock,-0.020250568697331387,0.0081626288815135,-0.03367689841854771,-0.006824238976115069,4816,16,0.11730995661830457
ROB,j drop R03,d_ratio,d_fuel,True,7,shock,-0.020585334070000877,0.007787714153743332,-0.03339498394144691,-0.007775684198554842,4800,16,0.11939059995090007
ROB,j drop R03,d_ratio,d_fuel,True,8,shock,-0.023827589293809112,0.008150793331260434,-0.03723445126726471,-0.010420727320353516,4784,16,0.12054617925471456
ROB,j drop R03,d_ratio,d_fuel,True,9,shock,-0.01849302656686702,0.008442374264128298,-0.03237949649530022,-0.004606556638433824,4768,16,0.12219613555403408
ROB,j drop R03,d_ratio,d_fuel,True,10,shock,-0.02104141467419377,0.00817095892730173,-0.03448144610143753,-0.007601383246950012,4752,16,0.12495776256826796
ROB,j drop R03,d_ratio,d_fuel,True,11,shock,-0.020594794941160077,0.008730030835025377,-0.03495441782354976,-0.006235172058770397,4736,16,0.12820719928469038
ROB,j drop R03,d_ratio,d_fuel,True,12,shock,-0.01761982088605088,0.0083573414616596,-0.03136642430093359,-0.0038732174711681687,4720,16,0.1325936959624474
ROB,j drop R04A,d_ratio,d_fuel,False,0,shock,-0.001072903107946123,0.003257151476609298,-0.006430440527777271,0.004284634311885024,4912,16,0.06450404028845658
ROB,j drop R04A,d_ratio,d_fuel,False,1,shock,-0.007337799414717548,0.003159317546636371,-0.012534414339993812,-0.002141184489441286,4896,16,0.04491673101997662
ROB,j drop R04A,d_ratio,d_fuel,False,2,shock,-0.0022172533695688505,0.0022322184293995895,-0.005888925949314684,0.0014544192101769828,4880,16,0.043750077610430926
ROB,j drop R04A,d_ratio,d_fuel,False,3,shock,-0.002857365120562864,0.0024233918574648214,-0.006843490006838541,0.0011287597657128126,4864,16,0.043964109122050954
ROB,j drop R04A,d_ratio,d_fuel,False,4,shock,-0.0037783021969432585,0.002448142800773228,-0.007805138762090238,0.0002485343682037209,4848,16,0.03256275391321317
ROB,j drop R04A,d_ratio,d_fuel,False,5,shock,-0.0016195597285768993,0.002129582645819231,-0.005122411467445574,0.0018832920102917752,4832,16,0.03265331412282246
ROB,j drop R04A,d_ratio,d_fuel,False,6,shock,-0.0044607086182188995,0.0029133536143429346,-0.009252748877363055,0.0003313316409252571,4816,16,0.02952412306422103
ROB,j drop R04A,d_ratio,d_fuel,False,7,shock,0.000484071683329157,0.0025757355306511025,-0.003752636246330084,0.004720779612988398,4800,16,0.028301391649867336
ROB,j drop R04A,d_ratio,d_fuel,False,8,shock,-0.003221113817084507,0.001882184003311327,-0.006317031001521185,-0.00012519663264782925,4784,16,0.028489900039100458
ROB,j drop R04A,d_ratio,d_fuel,False,9,shock,0.005756147313073883,0.002963378479464991,0.0008818234730959542,0.010630471153051813,4768,16,0.028791761538580762
ROB,j drop R04A,d_ratio,d_fuel,False,10,shock,-0.0030268097031749992,0.0023679645068796916,-0.006921764710808414,0.0008681453044584158,4752,16,0.03817147729743586
ROB,j drop R04A,d_ratio,d_fuel,False,11,shock,0.0012693172795956195,0.0033013647983542293,-0.004160944582867251,0.006699579142058489,4736,16,0.0397481264240126
ROB,j drop R04A,d_ratio,d_fuel,False,12,shock,0.0015419525155407321,0.0014638406043885476,-0.0008658510118666053,0.003949756042948069,4720,16,0.04178797554988478
ROB,j drop R04A,d_ratio,d_fuel,True,0,shock,-0.001072903107946123,0.003257151476609298,-0.006430440527777271,0.004284634311885024,4912,16,0.06450404028845658
ROB,j drop R04A,d_ratio,d_fuel,True,1,shock,-0.008473319320221852,0.005815008094736816,-0.018038156475601873,0.0010915178351581685,4896,16,0.07512158148639025
ROB,j drop R04A,d_ratio,d_fuel,True,2,shock,-0.006487880923940043,0.004688943585216123,-0.014200506786653622,0.0012247449387735362,4880,16,0.08180757892155721
ROB,j drop R04A,d_ratio,d_fuel,True,3,shock,-0.014898382034411451,0.007605242290654153,-0.027407892400038658,-0.002388871668784244,4864,16,0.09326017677162513
ROB,j drop R04A,d_ratio,d_fuel,True,4,shock,-0.01822954040990663,0.007068806825136803,-0.02985669295445222,-0.0066023878653610375,4848,16,0.11062310002784037
ROB,j drop R04A,d_ratio,d_fuel,True,5,shock,-0.01884643309510917,0.007003760683946983,-0.030366594258399486,-0.007326271931818852,4832,16,0.12002395822294132
ROB,j drop R04A,d_ratio,d_fuel,True,6,shock,-0.021844566474266906,0.008483395200540056,-0.03579850983873793,-0.007890623109795884,4816,16,0.12393294586957704
ROB,j drop R04A,d_ratio,d_fuel,True,7,shock,-0.021725207291774157,0.008200398733957738,-0.0352136628917728,-0.00823675169177551,4800,16,0.12610157330875837
ROB,j drop R04A,d_ratio,d_fuel,True,8,shock,-0.02512594140169893,0.008662442725920611,-0.03937439173768884,-0.010877491065709016,4784,16,0.1273382151319894
ROB,j drop R04A,d_ratio,d_fuel,True,9,shock,-0.01931279297658069,0.008983975132114259,-0.03409011705708066,-0.004535468896080721,4768,16,0.12869939068395087
ROB,j drop R04A,d_ratio,d_fuel,True,10,shock,-0.021790862031330984,0.0087799017004812,-0.036232515187644886,-0.0073492088750170825,4752,16,0.1314967535098196
ROB,j drop R04A,d_ratio,d_fuel,True,11,shock,-0.0211828416453205,0.00918378026211351,-0.03628881591858325,-0.006076867372057749,4736,16,0.13483126044476879
ROB,j drop R04A,d_ratio,d_fuel,True,12,shock,-0.018324788490071305,0.008791641093045524,-0.03278575122882284,-0.00386382575131977,4720,16,0.138867401341895
ROB,j drop R04B,d_ratio,d_fuel,False,0,shock,-0.00025261290438404236,0.0032201286988149617,-0.005549253273880357,0.005044027465112272,4912,16,0.06355698641071461
ROB,j drop R04B,d_ratio,d_fuel,False,1,shock,-0.007340392906014161,0.0031382820872734897,-0.012502407579662797,-0.0021783782323655243,4896,16,0.04454463924276564
ROB,j drop R04B,d_ratio,d_fuel,False,2,shock,-0.0021384328923370185,0.0021963935449155923,-0.005751178780904232,0.0014743129962301949,4880,16,0.04360551070803165
ROB,j drop R04B,d_ratio,d_fuel,False,3,shock,-0.003125745140690527,0.0024010941068478573,-0.00707519349099103,0.0008237032096099764,4864,16,0.04405641909574598
ROB,j drop R04B,d_ratio,d_fuel,False,4,shock,-0.004008141831889785,0.0023773607407650468,-0.00791855226890921,-9.773139487035971e-05,4848,16,0.033102763249310274
ROB,j drop R04B,d_ratio,d_fuel,False,5,shock,-0.001142979860173029,0.002164126741349585,-0.004702651579864565,0.002416691859518507,4832,16,0.0327548204750292
ROB,j drop R04B,d_ratio,d_fuel,False,6,shock,-0.004591344903452452,0.0029251167944837485,-0.00940273387211571,0.00022004406521080547,4816,16,0.029460680000551243
ROB,j drop R04B,d_ratio,d_fuel,False,7,shock,0.0003779207851552202,0.0026370270347594654,-0.0039596026973379725,0.004715444267648412,4800,16,0.0291506988303879
ROB,j drop R04B,d_ratio,d_fuel,False,8,shock,-0.002709774362311427,0.0019492310260561545,-0.005915974085286232,0.0004964253606633785,4784,16,0.029451001717967662
ROB,j drop R04B,d_ratio,d_fuel,False,9,shock,0.005848710020924412,0.0028979740329615295,0.001081966921996455,0.01061545311985237,4768,16,0.0298865843898386
ROB,j drop R04B,d_ratio,d_fuel,False,10,shock,-0.003327203704847703,0.0024137080625985462,-0.0072974001660149335,0.0006429927563195268,4752,16,0.03887257740461603
ROB,j drop R04B,d_ratio,d_fuel,False,11,shock,0.001481128183594394,0.0032900787010838707,-0.003930569700839199,0.006892826068027987,4736,16,0.04031781959031744
ROB,j drop R04B,d_ratio,d_fuel,False,12,shock,0.0017271176258357624,0.0014966296416282971,-0.0007346190683996242,0.004188854320071149,4720,16,0.04196480309167627
ROB,j drop R04B,d_ratio,d_fuel,True,0,shock,-0.00025261290438404236,0.0032201286988149617,-0.005549253273880357,0.005044027465112272,4912,16,0.06355698641071461
ROB,j drop R04B,d_ratio,d_fuel,True,1,shock,-0.0076493787701984,0.005685367832898114,-0.017000976670694095,0.0017022191302972951,4896,16,0.07465125158534713
ROB,j drop R04B,d_ratio,d_fuel,True,2,shock,-0.0062752793516325876,0.0045131221471024574,-0.013698704684169082,0.0011481459809039056,4880,16,0.08179904078479783
ROB,j drop R04B,d_ratio,d_fuel,True,3,shock,-0.014633397494537537,0.007404772016455307,-0.026813163602552814,-0.002453631386522258,4864,16,0.09206465116545659
ROB,j drop R04B,d_ratio,d_fuel,True,4,shock,-0.01789442358620092,0.007010839320552675,-0.029426228070585984,-0.006362619101815858,4848,16,0.10829642697392039
ROB,j drop R04B,d_ratio,d_fuel,True,5,shock,-0.01828217642601526,0.006994413182836463,-0.029786962318201004,-0.006777390533829513,4832,16,0.11735314759415671
ROB,j drop R04B,d_ratio,d_fuel,True,6,shock,-0.021957829377994512,0.008446524357505173,-0.03585112560257085,-0.008064533153418174,4816,16,0.12103818572162894
ROB,j drop R04B,d_ratio,d_fuel,True,7,shock,-0.021701001970466777,0.008054169028329186,-0.034948931108794254,-0.008453072832139301,4800,16,0.12306280867572472
ROB,j drop R04B,d_ratio,d_fuel,True,8,shock,-0.02470141374785811,0.008489413107798176,-0.038665255688909314,-0.01073757180680691,4784,16,0.12420573302197957
ROB,j drop R04B,d_ratio,d_fuel,True,9,shock,-0.01882728337916572,0.00873058074244913,-0.03318781077877585,-0.004466755979555592,4768,16,0.12549171648322022
ROB,j drop R04B,d_ratio,d_fuel,True,10,shock,-0.02160716689335893,0.008491946863400794,-0.0355751764915029,-0.0076391572952149555,4752,16,0.12825895103499974
ROB,j drop R04B,d_ratio,d_fuel,True,11,shock,-0.020831571921819735,0.008999870572273411,-0.035635041674717476,-0.006028102168921993,4736,16,0.13141917603989905
ROB,j drop R04B,d_ratio,d_fuel,True,12,shock,-0.017658440765467843,0.00850812437645844,-0.031653060004639744,-0.0036638215262959455,4720,16,0.13548716768529856
ROB,j drop R05,d_ratio,d_fuel,False,0,shock,-0.0006728855877400307,0.0032429658822525323,-0.00600708978124299,0.004661318605762928,4912,16,0.06488935665085949
ROB,j drop R05,d_ratio,d_fuel,False,1,shock,-0.007503857648370513,0.0032557309717598337,-0.012859058545647915,-0.0021486567510931092,4896,16,0.04502074577914705
ROB,j drop R05,d_ratio,d_fuel,False,2,shock,-0.002171866248454955,0.0021835915671924327,-0.005763554757532078,0.001419822260622167,4880,16,0.04352424419483947
ROB,j drop R05,d_ratio,d_fuel,False,3,shock,-0.0029086215512749408,0.0024081624532982793,-0.00686969629687097,0.0010524531943210888,4864,16,0.044129898685414504
ROB,j drop R05,d_ratio,d_fuel,False,4,shock,-0.0037094889066470746,0.002398077321968253,-0.007653975087396629,0.0002349972741024801,4848,16,0.03273965641238874
ROB,j drop R05,d_ratio,d_fuel,False,5,shock,-0.0013277960862858884,0.0022053858040750737,-0.004955332924946062,0.002299740752374285,4832,16,0.032712234293257314
ROB,j drop R05,d_ratio,d_fuel,False,6,shock,-0.0043436737461013605,0.002893398557853385,-0.00910289085820266,0.0004155433659999387,4816,16,0.02925795942342846
ROB,j drop R05,d_ratio,d_fuel,False,7,shock,0.00021779926765814204,0.0025425917824930056,-0.003964392047632487,0.00439999058294877,4800,16,0.02819901841016914
ROB,j drop R05,d_ratio,d_fuel,False,8,shock,-0.0026717821344972668,0.0019815630611001154,-0.005931163322580853,0.0005875990535863197,4784,16,0.028518156290451846
ROB,j drop R05,d_ratio,d_fuel,False,9,shock,0.0056384497147465296,0.002981875535033889,0.0007337009258281757,0.010543198503664884,4768,16,0.028934875212383027
ROB,j drop R05,d_ratio,d_fuel,False,10,shock,-0.003265852974138243,0.0023891150363947885,-0.0071955975069565095,0.0006638915586800239,4752,16,0.037730130702911646
ROB,j drop R05,d_ratio,d_fuel,False,11,shock,0.001169066468366329,0.0032015348605900626,-0.0040969897588868116,0.00643512269561947,4736,16,0.03952941135550092
ROB,j drop R05,d_ratio,d_fuel,False,12,shock,0.0013394321188633586,0.0015816435992546867,-0.0012621400919152937,0.003941004329642011,4720,16,0.04160876919291767
ROB,j drop R05,d_ratio,d_fuel,True,0,shock,-0.0006728855877400307,0.0032429658822525323,-0.00600708978124299,0.004661318605762928,4912,16,0.06488935665085949
ROB,j drop R05,d_ratio,d_fuel,True,1,shock,-0.008237170242137767,0.005819409282607935,-0.01780924670735049,0.0013349062230749598,4896,16,0.07567479410803868
ROB,j drop R05,d_ratio,d_fuel,True,2,shock,-0.006583769826814871,0.004661025849779969,-0.01425047510114002,0.001082935447510279,4880,16,0.08207660473619793
ROB,j drop R05,d_ratio,d_fuel,True,3,shock,-0.014964047484446153,0.007621401431101682,-0.027500137270846894,-0.002427957698045411,4864,16,0.09199755458321857
ROB,j drop R05,d_ratio,d_fuel,True,4,shock,-0.01795188373546567,0.007153269849146219,-0.029717965591396438,-0.006185801879534901,4848,16,0.10806485893555651
ROB,j drop R05,d_ratio,d_fuel,True,5,shock,-0.018306988657605775,0.00698425663834987,-0.029795068520755454,-0.006818908794456095,4832,16,0.11649533074253027
ROB,j drop R05,d_ratio,d_fuel,True,6,shock,-0.02136185456057895,0.008429629848368186,-0.03522736179052575,-0.007496347330632152,4816,16,0.11915422169548473
ROB,j drop R05,d_ratio,d_fuel,True,7,shock,-0.021444386467167426,0.008157991001155666,-0.034863087554055795,-0.008025685380279058,4800,16,0.12021905664582655
ROB,j drop R05,d_ratio,d_fuel,True,8,shock,-0.024380080271785887,0.008526804290184804,-0.038405425234801734,-0.01035473530877004,4784,16,0.12075105161066102
ROB,j drop R05,d_ratio,d_fuel,True,9,shock,-0.018725497425549666,0.008755054856403663,-0.03312628116026433,-0.0043247136908349994,4768,16,0.12175809436496898
ROB,j drop R05,d_ratio,d_fuel,True,10,shock,-0.021393718908185422,0.008585818357592652,-0.035516133374018224,-0.007271304442352616,4752,16,0.12432070713814636
ROB,j drop R05,d_ratio,d_fuel,True,11,shock,-0.020969347688232855,0.009044265634115175,-0.03584584081961976,-0.006092854556845955,4736,16,0.12756424634872499
ROB,j drop R05,d_ratio,d_fuel,True,12,shock,-0.01813507296933344,0.00868827210756077,-0.032426008857396084,-0.003844137081270795,4720,16,0.13198494137928218
ROB,j drop R06,d_ratio,d_fuel,False,0,shock,-0.000758912181927585,0.003181755628151958,-0.0059924344669665935,0.004474610103111423,4912,16,0.06347483480255012
ROB,j drop R06,d_ratio,d_fuel,False,1,shock,-0.007530156468617949,0.003175527570805504,-0.01275343451094178,-0.0023068784262941172,4896,16,0.04386404005321798
ROB,j drop R06,d_ratio,d_fuel,False,2,shock,-0.002059885347478876,0.0022412527255134813,-0.0057464180219545975,0.001626647326996846,4880,16,0.04285864532475603
ROB,j drop R06,d_ratio,d_fuel,False,3,shock,-0.0027119647106375604,0.0024266461518421137,-0.006703442434822893,0.001279513013547773,4864,16,0.04322718620836763
ROB,j drop R06,d_ratio,d_fuel,False,4,shock,-0.0038123957735456283,0.0024537688671479475,-0.007848486394374535,0.00022369484728327824,4848,16,0.032438539097279784
ROB,j drop R06,d_ratio,d_fuel,False,5,shock,-0.0015619840228928952,0.002201092992789531,-0.005182459815340226,0.0020584917695544358,4832,16,0.03225652468956408
ROB,j drop R06,d_ratio,d_fuel,False,6,shock,-0.003861202630677371,0.002881325073647675,-0.008600560628492966,0.0008781553671382242,4816,16,0.029013545098975135
ROB,j drop R06,d_ratio,d_fuel,False,7,shock,0.00022795116278409385,0.0026896632519063496,-0.004196151192392156,0.0046520535179603445,4800,16,0.028022764863024685
ROB,j drop R06,d_ratio,d_fuel,False,8,shock,-0.002200384668035921,0.0020130186150659254,-0.005511505638147937,0.0011107363020760957,4784,16,0.028158716944341022
ROB,j drop R06,d_ratio,d_fuel,False,9,shock,0.005411263294676198,0.002904189125784469,0.0006342972777765889,0.010188229311575807,4768,16,0.02846420754005008
ROB,j drop R06,d_ratio,d_fuel,False,10,shock,-0.002441855473069417,0.0023968902560269076,-0.006384389104099919,0.0015006781579610848,4752,16,0.03805680369816267
ROB,j drop R06,d_ratio,d_fuel,False,11,shock,0.0010964876184348276,0.0033193004859866345,-0.004363275824882072,0.006556251061751728,4736,16,0.039919881906818944
ROB,j drop R06,d_ratio,d_fuel,False,12,shock,0.0017126896101579605,0.0014806438554722085,-0.0007227528057389132,0.004148132026054834,4720,16,0.04202017624480714
ROB,j drop R06,d_ratio,d_fuel,True,0,shock,-0.000758912181927585,0.003181755628151958,-0.0059924344669665935,0.004474610103111423,4912,16,0.06347483480255012
ROB,j drop R06,d_ratio,d_fuel,True,1,shock,-0.008355876050219934,0.005720527724276199,-0.01776530682557209,0.0010535547251322233,4896,16,0.07466127184072746
ROB,j drop R06,d_ratio,d_fuel,True,2,shock,-0.0065489449153909585,0.004669890728559885,-0.014230231617729738,0.0011323417869478205,4880,16,0.08162598137325139
ROB,j drop R06,d_ratio,d_fuel,True,3,shock,-0.014720290938208348,0.007424492041063327,-0.0269324936002237,-0.002508088276192996,4864,16,0.09249309194953625
ROB,j drop R06,d_ratio,d_fuel,True,4,shock,-0.017644242924095204,0.006994162895880786,-0.029148617130874126,-0.006139868717316281,4848,16,0.10826842899092859
ROB,j drop R06,d_ratio,d_fuel,True,5,shock,-0.018590866068406587,0.006907210339558111,-0.029952216047545457,-0.007229516089267718,4832,16,0.11728138918065367
ROB,j drop R06,d_ratio,d_fuel,True,6,shock,-0.021458194834436745,0.008253890575590974,-0.035034636684158134,-0.007881752984715357,4816,16,0.12083442611291362
ROB,j drop R06,d_ratio,d_fuel,True,7,shock,-0.02129802386877202,0.0079513123058321,-0.03437676875404382,-0.008219278983500217,4800,16,0.12268570190562034
ROB,j drop R06,d_ratio,d_fuel,True,8,shock,-0.023743999283262793,0.008270669020014075,-0.037348039218148124,-0.010139959348377465,4784,16,0.12364508272058261
ROB,j drop R06,d_ratio,d_fuel,True,9,shock,-0.01825810396816648,0.008486248082607641,-0.032216739906053636,-0.004299468030279323,4768,16,0.12475081147412992
ROB,j drop R06,d_ratio,d_fuel,True,10,shock,-0.020273954627721455,0.008328327922888545,-0.033972835018125896,-0.00657507423731701,4752,16,0.12754624514803325
ROB,j drop R06,d_ratio,d_fuel,True,11,shock,-0.01981711321637081,0.008687946539576257,-0.03410751359275331,-0.005526712839988313,4736,16,0.13089607959585137
ROB,j drop R06,d_ratio,d_fuel,True,12,shock,-0.016751036355519437,0.008397200328872277,-0.030563201772703098,-0.002938870938335777,4720,16,0.1352818810466031
ROB,j drop R07,d_ratio,d_fuel,False,0,shock,-7.930764860344365e-05,0.0032641184001407863,-0.005448304637874052,0.005289689340667166,4912,16,0.06797589158991824
ROB,j drop R07,d_ratio,d_fuel,False,1,shock,-0.007276869538728159,0.0030840981019209786,-0.012349759487547032,-0.0022039795899092864,4896,16,0.04834185342368891
ROB,j drop R07,d_ratio,d_fuel,False,2,shock,-0.002538397370172049,0.0021102421627985993,-0.0060094368453972435,0.0009326421050531463,4880,16,0.04675164515792174
ROB,j drop R07,d_ratio,d_fuel,False,3,shock,-0.002540801665180009,0.0023272711975115064,-0.006368822135306506,0.0012872188049464885,4864,16,0.04584014922538093
ROB,j drop R07,d_ratio,d_fuel,False,4,shock,-0.0045953379878161315,0.002280303867150688,-0.008346104074250408,-0.0008445719013818543,4848,16,0.033315563560950445
ROB,j drop R07,d_ratio,d_fuel,False,5,shock,-0.0008460729006014206,0.002136776517555301,-0.004360757505486994,0.0026686117042841527,4832,16,0.03262835463796365
ROB,j drop R07,d_ratio,d_fuel,False,6,shock,-0.004149121680205155,0.002822224387496886,-0.008791267700050304,0.0004930243396399957,4816,16,0.02934406427830827
ROB,j drop R07,d_ratio,d_fuel,False,7,shock,0.00019578793600199374,0.0026169991468025073,-0.0041087926023450185,0.0045003684743490065,4800,16,0.03070480894163896
ROB,j drop R07,d_ratio,d_fuel,False,8,shock,-0.002162388468242964,0.0017352334691225584,-0.005016593533536789,0.0006918165970508619,4784,16,0.030942923259994592
ROB,j drop R07,d_ratio,d_fuel,False,9,shock,0.0057305017585671135,0.0027618817045168957,0.0011876106196815834,0.010273392897452643,4768,16,0.0316057462602215
ROB,j drop R07,d_ratio,d_fuel,False,10,shock,-0.003116860965974164,0.002332458181781801,-0.006953413265990595,0.0007196913340422675,4752,16,0.04055233307968131
ROB,j drop R07,d_ratio,d_fuel,False,11,shock,0.0025152401856312753,0.0030949758993367056,-0.0025755421477200993,0.00760602251898265,4736,16,0.04211134003112105
ROB,j drop R07,d_ratio,d_fuel,False,12,shock,0.0013785421383207374,0.0013858578262731197,-0.000900991133663687,0.0036580754103051616,4720,16,0.04329395296723104
ROB,j drop R07,d_ratio,d_fuel,True,0,shock,-7.930764860344365e-05,0.0032641184001407863,-0.005448304637874052,0.005289689340667166,4912,16,0.06797589158991824
ROB,j drop R07,d_ratio,d_fuel,True,1,shock,-0.007388173029913952,0.0058842323242686454,-0.017066873910312325,0.0022905278504844204,4896,16,0.08064632062595256
ROB,j drop R07,d_ratio,d_fuel,True,2,shock,-0.006419681166134955,0.0045565126041116006,-0.013914477449258018,0.001075115116988109,4880,16,0.0863025047927507
ROB,j drop R07,d_ratio,d_fuel,True,3,shock,-0.013914049960304216,0.0075599289680872645,-0.02634902654295805,-0.0014790733776503789,4864,16,0.09737150843090059
ROB,j drop R07,d_ratio,d_fuel,True,4,shock,-0.018060595137478378,0.0073643775960470555,-0.030173918336576542,-0.005947271938380214,4848,16,0.11228757571809811
ROB,j drop R07,d_ratio,d_fuel,True,5,shock,-0.018026426355569957,0.007136991598281809,-0.029765732871525976,-0.006287119839613938,4832,16,0.11921921645688471
ROB,j drop R07,d_ratio,d_fuel,True,6,shock,-0.02080719439941668,0.008620862243910168,-0.03498725092876133,-0.0066271378700720335,4816,16,0.12062593392202414
ROB,j drop R07,d_ratio,d_fuel,True,7,shock,-0.020894178521671646,0.008263995490788838,-0.034487241477806276,-0.007301115565537015,4800,16,0.12050438300180855
ROB,j drop R07,d_ratio,d_fuel,True,8,shock,-0.023391980690013407,0.008595970480487271,-0.037531093912010684,-0.00925286746801613,4784,16,0.11979981199236533
ROB,j drop R07,d_ratio,d_fuel,True,9,shock,-0.01764378419051688,0.008703626277536432,-0.03195997544075282,-0.003327592940280939,4768,16,0.12002800659306623
ROB,j drop R07,d_ratio,d_fuel,True,10,shock,-0.02015247669835463,0.008532346036590817,-0.03418693702304605,-0.006118016373663207,4752,16,0.12258110977859138
ROB,j drop R07,d_ratio,d_fuel,True,11,shock,-0.018414461197604228,0.008872884401821332,-0.03300905728746119,-0.0038198651077472664,4736,16,0.1258273609119933
ROB,j drop R07,d_ratio,d_fuel,True,12,shock,-0.015560600611262422,0.008561729595894067,-0.02964339259004654,-0.001477808632478303,4720,16,0.12996573246636023
ROB,j drop R08,d_ratio,d_fuel,False,0,shock,-0.00045400633395867985,0.0031771478357384224,-0.0056799494749340445,0.0047719368070166844,4912,16,0.06562966580367458
ROB,j drop R08,d_ratio,d_fuel,False,1,shock,-0.007752294624474458,0.0032494979734547257,-0.013097243151882923,-0.0024073460970659936,4896,16,0.046812749097978945
ROB,j drop R08,d_ratio,d_fuel,False,2,shock,-0.0022886473251212502,0.002176170103676999,-0.005868128613017724,0.0012908339627752232,4880,16,0.04539810884333073
ROB,j drop R08,d_ratio,d_fuel,False,3,shock,-0.0031768385359106114,0.0023461635395204306,-0.0070359341433120955,0.0006822570714908726,4864,16,0.04575347438522526
ROB,j drop R08,d_ratio,d_fuel,False,4,shock,-0.00354473316287364,0.0023782152862889564,-0.0074565492021974634,0.00036708287645018404,4848,16,0.03350868800696838
ROB,j drop R08,d_ratio,d_fuel,False,5,shock,-0.0017410414212206283,0.002082197702855821,-0.005165951864793049,0.0016838690223517925,4832,16,0.03438148453821699
ROB,j drop R08,d_ratio,d_fuel,False,6,shock,-0.004110014712062283,0.0028725069553957833,-0.008834868196088367,0.0006148387719638023,4816,16,0.031001231851037758
ROB,j drop R08,d_ratio,d_fuel,False,7,shock,0.0004708060065566464,0.002676926775807523,-0.003932346709713868,0.004873958722827161,4800,16,0.029764966280029226
ROB,j drop R08,d_ratio,d_fuel,False,8,shock,-0.0028435362437231465,0.0019415392168877564,-0.0060370840664894935,0.00035001157904320044,4784,16,0.029940183086781813
ROB,j drop R08,d_ratio,d_fuel,False,9,shock,0.005840899525632104,0.0028349315868116207,0.0011778520229057173,0.01050394702835849,4768,16,0.03040177717750092
ROB,j drop R08,d_ratio,d_fuel,False,10,shock,-0.0031870143809828656,0.002352890931860836,-0.007057175564075391,0.0006831468021096599,4752,16,0.039680821891314166
ROB,j drop R08,d_ratio,d_fuel,False,11,shock,0.0015916201391411506,0.003139330157246936,-0.0035721184562046075,0.006755358734486908,4736,16,0.04083167165223267
ROB,j drop R08,d_ratio,d_fuel,False,12,shock,0.0014731632620270311,0.0014520858851148496,-0.0009153054727491679,0.00386163199680323,4720,16,0.04245919790240882
ROB,j drop R08,d_ratio,d_fuel,True,0,shock,-0.00045400633395867985,0.0031771478357384224,-0.0056799494749340445,0.0047719368070166844,4912,16,0.06562966580367458
ROB,j drop R08,d_ratio,d_fuel,True,1,shock,-0.008265471826955008,0.005760840018157855,-0.017741210425109143,0.0012102667711991252,4896,16,0.07690973222396091
ROB,j drop R08,d_ratio,d_fuel,True,2,shock,-0.006858370663920633,0.004746285682427423,-0.014665315883209223,0.0009485745553679571,4880,16,0.08308937549700057
ROB,j drop R08,d_ratio,d_fuel,True,3,shock,-0.015379973510619645,0.007436981665790419,-0.027612719777166617,-0.0031472272440726742,4864,16,0.09382719011430873
ROB,j drop R08,d_ratio,d_fuel,True,4,shock,-0.018077277471481894,0.006906533641028468,-0.029437514380589926,-0.006717040562373863,4848,16,0.11035969574709859
ROB,j drop R08,d_ratio,d_fuel,True,5,shock,-0.01895987654070439,0.006785968304849667,-0.0301218011193141,-0.007797951962094683,4832,16,0.1190327387602913
ROB,j drop R08,d_ratio,d_fuel,True,6,shock,-0.021685532015744666,0.008212861416753628,-0.03519448690474168,-0.008176577126747655,4816,16,0.12197778634615264
ROB,j drop R08,d_ratio,d_fuel,True,7,shock,-0.021476213797160797,0.0079130520629663,-0.034492026183186746,-0.008460401411134848,4800,16,0.12298343768724762
ROB,j drop R08,d_ratio,d_fuel,True,8,shock,-0.024602271949973033,0.008304912937725362,-0.0382626381171068,-0.010941905782839266,4784,16,0.1230242470539138
ROB,j drop R08,d_ratio,d_fuel,True,9,shock,-0.018729286296975647,0.008472538125981047,-0.0326653713629802,-0.004793201230971093,4768,16,0.12341734047788255
ROB,j drop R08,d_ratio,d_fuel,True,10,shock,-0.021381247633339845,0.008270007079005279,-0.03498419877215603,-0.007778296494523662,4752,16,0.1258392040836993
ROB,j drop R08,d_ratio,d_fuel,True,11,shock,-0.02047135083696424,0.008732291513562074,-0.03483469220464438,-0.0061080094692841005,4736,16,0.12908832802838677
ROB,j drop R08,d_ratio,d_fuel,True,12,shock,-0.017570471550468005,0.008402139002949574,-0.03139076036362004,-0.0037501827373159716,4720,16,0.13330664333650388
ROB,j drop R09,d_ratio,d_fuel,False,0,shock,-8.046703397794242e-06,0.0031629494810898333,-0.005210635629232683,0.005194542222437095,4912,16,0.06480914059679199
ROB,j drop R09,d_ratio,d_fuel,False,1,shock,-0.007436245456771135,0.0030475644961928793,-0.012449042971702528,-0.002423447941839741,4896,16,0.0455348439245693
ROB,j drop R09,d_ratio,d_fuel,False,2,shock,-0.0019925572252735098,0.002179923911892799,-0.005578212978228622,0.0015930985276816022,4880,16,0.04464954893096873
ROB,j drop R09,d_ratio,d_fuel,False,3,shock,-0.003029433309651913,0.0024029333483258867,-0.006981906942968392,0.0009230403236645669,4864,16,0.045160586190078456
ROB,j drop R09,d_ratio,d_fuel,False,4,shock,-0.004197473516002805,0.0023492871597646497,-0.008061707021492212,-0.00033324001051339815,4848,16,0.03513258339517977
ROB,j drop R09,d_ratio,d_fuel,False,5,shock,-0.001240067718264989,0.0021723614869026187,-0.004813284389046455,0.0023331489525164765,4832,16,0.034775800342289886
ROB,j drop R09,d_ratio,d_fuel,False,6,shock,-0.004258259365630726,0.0029377470067949406,-0.009090423184823216,0.0005739044535617637,4816,16,0.030225883988755586
ROB,j drop R09,d_ratio,d_fuel,False,7,shock,0.0006847155811910212,0.0028369664453973156,-0.003981678966060379,0.005351110128442422,4800,16,0.029696450484779424
ROB,j drop R09,d_ratio,d_fuel,False,8,shock,-0.0030448533936892896,0.0019686784374417705,-0.006283041261816543,0.0001933344744379636,4784,16,0.029831577593879888
ROB,j drop R09,d_ratio,d_fuel,False,9,shock,0.0060664503833313,0.002838809388787857,0.0013970244639597016,0.0107358763027029,4768,16,0.029695165248021183
ROB,j drop R09,d_ratio,d_fuel,False,10,shock,-0.002698075574999601,0.0023387510061722563,-0.006544978650038441,0.0011488275000392394,4752,16,0.0390501835723831
ROB,j drop R09,d_ratio,d_fuel,False,11,shock,0.000570020562652199,0.0031294349336270038,-0.004577441838232818,0.0057174829635372165,4736,16,0.04068851425348563
ROB,j drop R09,d_ratio,d_fuel,False,12,shock,0.002133394595400091,0.0015477793868934194,-0.0004124759428522757,0.004679265133652457,4720,16,0.04253450399768555
ROB,j drop R09,d_ratio,d_fuel,True,0,shock,-8.046703397794242e-06,0.0031629494810898333,-0.005210635629232683,0.005194542222437095,4912,16,0.06480914059679199
ROB,j drop R09,d_ratio,d_fuel,True,1,shock,-0.007504619632335533,0.0056261235593968555,-0.016758769374686577,0.0017495301100155123,4896,16,0.07646117575201927
ROB,j drop R09,d_ratio,d_fuel,True,2,shock,-0.006205070029923635,0.004572867465853775,-0.013726767666701604,0.001316627606854335,4880,16,0.08348635867305265
ROB,j drop R09,d_ratio,d_fuel,True,3,shock,-0.014271315263585733,0.007370949998254323,-0.0263954491022923,-0.002147181424879163,4864,16,0.09333039796314502
ROB,j drop R09,d_ratio,d_fuel,True,4,shock,-0.017651464205944906,0.007137182145364734,-0.029391084143961375,-0.005911844267928434,4848,16,0.10878977455211414
ROB,j drop R09,d_ratio,d_fuel,True,5,shock,-0.018261825523476,0.007026897318652972,-0.029820043064277917,-0.006703607982674085,4832,16,0.1167316458353278
ROB,j drop R09,d_ratio,d_fuel,True,6,shock,-0.021616096269739295,0.008405568805967701,-0.035442026606825425,-0.0077901659326531664,4816,16,0.11947762504715731
ROB,j drop R09,d_ratio,d_fuel,True,7,shock,-0.021059936444688072,0.008218748788489867,-0.03457857519843865,-0.007541297690937497,4800,16,0.12058430050531688
ROB,j drop R09,d_ratio,d_fuel,True,8,shock,-0.024416035537987976,0.008525563843613833,-0.03843934014796252,-0.01039273092801343,4784,16,0.1210948286132647
ROB,j drop R09,d_ratio,d_fuel,True,9,shock,-0.01835550922231821,0.00859632190035328,-0.032495200478556675,-0.004215817966079746,4768,16,0.1219117490429179
ROB,j drop R09,d_ratio,d_fuel,True,10,shock,-0.020571279953879258,0.008551286127211656,-0.034636893955323156,-0.006505665952435357,4752,16,0.1244783865153598
ROB,j drop R09,d_ratio,d_fuel,True,11,shock,-0.02064754755140926,0.008869530116745895,-0.03523662633329406,-0.006058468769524461,4736,16,0.12778034704728125
ROB,j drop R09,d_ratio,d_fuel,True,12,shock,-0.01704421507437768,0.008517392138154115,-0.031054078424988432,-0.0030343517237669277,4720,16,0.13190370810848184
ROB,j drop R10,d_ratio,d_fuel,False,0,shock,-0.0007210670655338637,0.003277002977327424,-0.0061112572983216505,0.004669123167253923,4912,16,0.05987111751948504
ROB,j drop R10,d_ratio,d_fuel,False,1,shock,-0.007523843443812297,0.0031453673070242077,-0.01269751226686565,-0.0023501746207589443,4896,16,0.04260360587051848
ROB,j drop R10,d_ratio,d_fuel,False,2,shock,-0.0026342838781574403,0.00218691248712422,-0.006231434814429178,0.0009628670581142977,4880,16,0.04132922446325216
ROB,j drop R10,d_ratio,d_fuel,False,3,shock,-0.0028567337597106054,0.0023828051233104317,-0.006776099409106319,0.0010626318896851082,4864,16,0.042149762316578854
ROB,j drop R10,d_ratio,d_fuel,False,4,shock,-0.0040638060569602175,0.0024125704261310694,-0.008032131272657766,-9.548084126266912e-05,4848,16,0.031372114054296074
ROB,j drop R10,d_ratio,d_fuel,False,5,shock,-0.0010300581452410953,0.0022139314491486204,-0.004671651319195133,0.0026115350287129416,4832,16,0.030548433617990423
ROB,j drop R10,d_ratio,d_fuel,False,6,shock,-0.00402619193012831,0.0027989328256813792,-0.008630026740043859,0.0005776428797872393,4816,16,0.026989684130186653
ROB,j drop R10,d_ratio,d_fuel,False,7,shock,0.0005913242035460148,0.0026801946815367197,-0.003817203739315704,0.004999852146407734,4800,16,0.026115143911734084
ROB,j drop R10,d_ratio,d_fuel,False,8,shock,-0.002237324028892171,0.001962694423836831,-0.0054656690705376125,0.0009910210127532706,4784,16,0.0260243891487405
ROB,j drop R10,d_ratio,d_fuel,False,9,shock,0.005530196678164454,0.0028135685635752835,0.0009022882216910052,0.010158105134637902,4768,16,0.026095818606850507
ROB,j drop R10,d_ratio,d_fuel,False,10,shock,-0.0027864235516407852,0.002306523757549555,-0.00658031751989591,0.0010074704166143388,4752,16,0.03489903240072334
ROB,j drop R10,d_ratio,d_fuel,False,11,shock,0.0013534665263035856,0.003123068493442489,-0.0037835240123531622,0.006490457064960334,4736,16,0.036522314103137
ROB,j drop R10,d_ratio,d_fuel,False,12,shock,0.002513344035637653,0.0015220699518578055,9.761754850488597e-06,0.005016926316424817,4720,16,0.03876620175348999
ROB,j drop R10,d_ratio,d_fuel,True,0,shock,-0.0007210670655338637,0.003277002977327424,-0.0061112572983216505,0.004669123167253923,4912,16,0.05987111751948504
ROB,j drop R10,d_ratio,d_fuel,True,1,shock,-0.008301967584925995,0.005748598759693441,-0.017757571104696487,0.0011536359348444953,4896,16,0.07106460705163342
ROB,j drop R10,d_ratio,d_fuel,True,2,shock,-0.00725322769345962,0.004704914023617155,-0.014992122589701142,0.00048566720278190277,4880,16,0.07784290088311074
ROB,j drop R10,d_ratio,d_fuel,True,3,shock,-0.015415498583818533,0.007657775223989267,-0.0280114179353764,-0.0028195792322606647,4864,16,0.08740769943405935
ROB,j drop R10,d_ratio,d_fuel,True,4,shock,-0.01872143109289037,0.007353573204439528,-0.030816982649265887,-0.006625879536514851,4848,16,0.10306864499256874
ROB,j drop R10,d_ratio,d_fuel,True,5,shock,-0.019035303557568127,0.007297648251829832,-0.031038866752806496,-0.007031740362329758,4832,16,0.11193859200167056
ROB,j drop R10,d_ratio,d_fuel,True,6,shock,-0.022176658001507647,0.008621754092613563,-0.036358181491426764,-0.007995134511588528,4816,16,0.11579586701191025
ROB,j drop R10,d_ratio,d_fuel,True,7,shock,-0.021600175217510176,0.008273771550778783,-0.035209318361376564,-0.007991032073643788,4800,16,0.11814421105589046
ROB,j drop R10,d_ratio,d_fuel,True,8,shock,-0.02417071470976287,0.008524345178374785,-0.038192014793798926,-0.010149414625726811,4784,16,0.11916892996497042
ROB,j drop R10,d_ratio,d_fuel,True,9,shock,-0.01863619355096732,0.00878716285337509,-0.033089790240954584,-0.004182596860980055,4768,16,0.11952001832191295
ROB,j drop R10,d_ratio,d_fuel,True,10,shock,-0.020790844220851437,0.008557547220188762,-0.03486675680378741,-0.006714931637915464,4752,16,0.12095609431636645
ROB,j drop R10,d_ratio,d_fuel,True,11,shock,-0.020222037230769898,0.00893020173675757,-0.03491091194688392,-0.005533162514655873,4736,16,0.12267103100068277
ROB,j drop R10,d_ratio,d_fuel,True,12,shock,-0.016122373835462542,0.008541077130328792,-0.030171195531356127,-0.0020735521395689564,4720,16,0.12527158027635155
ROB,j drop R11,d_ratio,d_fuel,False,0,shock,-0.0003167130085059086,0.003204036517087579,-0.0055868840945223755,0.004953458077510559,4912,16,0.0650739059488703
ROB,j drop R11,d_ratio,d_fuel,False,1,shock,-0.007623607087717779,0.00303219266830565,-0.01261112019579599,-0.002636093979639569,4896,16,0.043059176855056114
ROB,j drop R11,d_ratio,d_fuel,False,2,shock,-0.002357289819898407,0.0020895240706890967,-0.005794251066173772,0.0010796714263769584,4880,16,0.041848861891471745
ROB,j drop R11,d_ratio,d_fuel,False,3,shock,-0.002740117586595026,0.0023542620028666164,-0.006612533980804218,0.0011322988076141655,4864,16,0.04262126052291437
ROB,j drop R11,d_ratio,d_fuel,False,4,shock,-0.003721509809436809,0.0022307676449501213,-0.00739079606111901,-5.2223557754607804e-05,4848,16,0.031186917573777784
ROB,j drop R11,d_ratio,d_fuel,False,5,shock,-0.0010730882458854004,0.002117509970862833,-0.004556082201565037,0.0024099057097942364,4832,16,0.031398388507131614
ROB,j drop R11,d_ratio,d_fuel,False,6,shock,-0.004139328402368329,0.0027053684419677503,-0.008589263496379037,0.0003106066916423785,4816,16,0.028920644414763275
ROB,j drop R11,d_ratio,d_fuel,False,7,shock,0.000772977450095026,0.002586784618024393,-0.0034819046110046753,0.005027859511194727,4800,16,0.028126764084408173
ROB,j drop R11,d_ratio,d_fuel,False,8,shock,-0.0022919792804716533,0.001968321035333869,-0.005529579274445444,0.0009456207135021379,4784,16,0.028584318157812483
ROB,j drop R11,d_ratio,d_fuel,False,9,shock,0.00597031498151144,0.002888226027968077,0.0012196059239525043,0.010721024039070375,4768,16,0.02845529964085114
ROB,j drop R11,d_ratio,d_fuel,False,10,shock,-0.003250344873545731,0.0022152153389077564,-0.006894049858226689,0.0003933601111352266,4752,16,0.03681115652763356
ROB,j drop R11,d_ratio,d_fuel,False,11,shock,0.0017027179082647035,0.0029666186453088657,-0.0031769355302534476,0.006582371346782854,4736,16,0.038325728147653115
ROB,j drop R11,d_ratio,d_fuel,False,12,shock,0.00161861236672935,0.0014943974293928624,-0.0008394526651144564,0.004076677398573156,4720,16,0.04023658402626962
ROB,j drop R11,d_ratio,d_fuel,True,0,shock,-0.0003167130085059086,0.003204036517087579,-0.0055868840945223755,0.004953458077510559,4912,16,0.0650739059488703
ROB,j drop R11,d_ratio,d_fuel,True,1,shock,-0.008003543857689003,0.005571782928640807,-0.01716831121645013,0.0011612235010721242,4896,16,0.0735342633483641
ROB,j drop R11,d_ratio,d_fuel,True,2,shock,-0.006327981175564087,0.0043240823791438135,-0.013440463760135739,0.0007845014090075656,4880,16,0.07847282558249047
ROB,j drop R11,d_ratio,d_fuel,True,3,shock,-0.014398328797209916,0.0074294060293102855,-0.026618614250616075,-0.0021780433438037573,4864,16,0.08645231810391085
ROB,j drop R11,d_ratio,d_fuel,True,4,shock,-0.017286894337308425,0.007098510308462312,-0.028962904764135072,-0.005610883910481777,4848,16,0.10159554327727782
ROB,j drop R11,d_ratio,d_fuel,True,5,shock,-0.01745046804735478,0.006982144002925087,-0.028935072934463582,-0.00596586316024598,4832,16,0.10996343281437371
ROB,j drop R11,d_ratio,d_fuel,True,6,shock,-0.021098629330012907,0.008462778753198674,-0.035018661656299604,-0.007178597003726209,4816,16,0.1128152648428492
ROB,j drop R11,d_ratio,d_fuel,True,7,shock,-0.02025697182148062,0.008011674241162158,-0.03343500325500988,-0.007078940387951363,4800,16,0.11446291209594694
ROB,j drop R11,d_ratio,d_fuel,True,8,shock,-0.022868687390948765,0.008376247082352559,-0.036646387784598056,-0.009090986997299473,4784,16,0.11581915966992729
ROB,j drop R11,d_ratio,d_fuel,True,9,shock,-0.016971619464050413,0.0084976450138208,-0.03094900168557965,-0.002994237242521177,4768,16,0.11694397464157136
ROB,j drop R11,d_ratio,d_fuel,True,10,shock,-0.019716136504550372,0.008344906871627464,-0.03344228683891907,-0.005989986170181675,4752,16,0.11921672879679424
ROB,j drop R11,d_ratio,d_fuel,True,11,shock,-0.018708916997540032,0.008822517739165208,-0.03322066729964963,-0.004197166695430436,4736,16,0.1217082001406039
ROB,j drop R11,d_ratio,d_fuel,True,12,shock,-0.015609278480694603,0.008426510111142992,-0.029469654199551408,-0.0017489027618377995,4720,16,0.1251055950847405
ROB,j drop R12,d_ratio,d_fuel,False,0,shock,-0.0008599106680527697,0.0031243893562874535,-0.005999073832750763,0.004279252496645224,4912,16,0.06294006057440193
ROB,j drop R12,d_ratio,d_fuel,False,1,shock,-0.007815162860530236,0.0031968939804829077,-0.013073585519306876,-0.0025567402017535965,4896,16,0.04168639887380321
ROB,j drop R12,d_ratio,d_fuel,False,2,shock,-0.0022594321329875012,0.002167364535739725,-0.005824429550524981,0.001305565284549979,4880,16,0.04078686162831768
ROB,j drop R12,d_ratio,d_fuel,False,3,shock,-0.003410044045480623,0.002385369690860679,-0.007333628033112923,0.0005135399421516773,4864,16,0.041569942777896496
ROB,j drop R12,d_ratio,d_fuel,False,4,shock,-0.0036568207933491605,0.00237039113405657,-0.007555767247495723,0.00024212566079740176,4848,16,0.032255558485615676
ROB,j drop R12,d_ratio,d_fuel,False,5,shock,-0.0010511269993339844,0.0021791020356863354,-0.00463543088622999,0.0025331768875620207,4832,16,0.03123169769788192
ROB,j drop R12,d_ratio,d_fuel,False,6,shock,-0.004291213017623663,0.0027727153493430357,-0.008851923916494574,0.00026949788124724754,4816,16,0.029119119657575965
ROB,j drop R12,d_ratio,d_fuel,False,7,shock,0.0005227163862079399,0.002611314890176209,-0.0037725143820107826,0.004817947154426663,4800,16,0.028330898933775384
ROB,j drop R12,d_ratio,d_fuel,False,8,shock,-0.002406628189051636,0.0019869525067779197,-0.005674874226405616,0.0008616178483023449,4784,16,0.028458849044732948
ROB,j drop R12,d_ratio,d_fuel,False,9,shock,0.005310072393894305,0.00280826505730125,0.0006908874289512602,0.009929257358837349,4768,16,0.02875039897740206
ROB,j drop R12,d_ratio,d_fuel,False,10,shock,-0.0026472097861057497,0.0023900839659349265,-0.006578548066192373,0.001284128493980873,4752,16,0.03619875478415935
ROB,j drop R12,d_ratio,d_fuel,False,11,shock,0.0009755220600566594,0.0031621981091599556,-0.004225830968934181,0.0061768750890475,4736,16,0.0381044682247742
ROB,j drop R12,d_ratio,d_fuel,False,12,shock,0.0016948340640823623,0.0014443228260434238,-0.0006808655748239637,0.004070533702988688,4720,16,0.039694061705976225
ROB,j drop R12,d_ratio,d_fuel,True,0,shock,-0.0008599106680527697,0.0031243893562874535,-0.005999073832750763,0.004279252496645224,4912,16,0.06294006057440193
ROB,j drop R12,d_ratio,d_fuel,True,1,shock,-0.008729051860636359,0.005740716105325959,-0.018171689567780494,0.0007135858465077746,4896,16,0.07259719578650015
ROB,j drop R12,d_ratio,d_fuel,True,2,shock,-0.007337221690850707,0.00459039681624132,-0.014887752543191734,0.00021330916149031945,4880,16,0.07912094913581091
ROB,j drop R12,d_ratio,d_fuel,True,3,shock,-0.015949099229957537,0.007580612199968385,-0.028418096701588114,-0.0034801017583269596,4864,16,0.08857894619237827
ROB,j drop R12,d_ratio,d_fuel,True,4,shock,-0.019042264654073625,0.007242435884753868,-0.03095501158707452,-0.007129517721072731,4848,16,0.10333396026607033
ROB,j drop R12,d_ratio,d_fuel,True,5,shock,-0.01919162540815065,0.007096674428840301,-0.030864616081722383,-0.007518634734578913,4832,16,0.11227971436928952
ROB,j drop R12,d_ratio,d_fuel,True,6,shock,-0.022316161257990602,0.008460461225183593,-0.03623238158991613,-0.008399940926065073,4816,16,0.11608208431989842
ROB,j drop R12,d_ratio,d_fuel,True,7,shock,-0.021961875108247302,0.008149805567585914,-0.035367112355040295,-0.008556637861454311,4800,16,0.11868976647178009
ROB,j drop R12,d_ratio,d_fuel,True,8,shock,-0.02469330941178107,0.00849958374854395,-0.03867388056815138,-0.010712738255410765,4784,16,0.12021610467578225
ROB,j drop R12,d_ratio,d_fuel,True,9,shock,-0.019346911465814336,0.008753442822873297,-0.03374504364132981,-0.00494877929029886,4768,16,0.12166886423951018
ROB,j drop R12,d_ratio,d_fuel,True,10,shock,-0.021409797682824867,0.00854234033885788,-0.03546069717184912,-0.007358898193800615,4752,16,0.12432919146085575
ROB,j drop R12,d_ratio,d_fuel,True,11,shock,-0.021189933656170567,0.009066457836656727,-0.03610292971239798,-0.006276937599943152,4736,16,0.12710852087474056
ROB,j drop R12,d_ratio,d_fuel,True,12,shock,-0.017996800811653495,0.008611287855772717,-0.03216110887394441,-0.0038324927493625753,4720,16,0.13020216804236995
ROB,j drop R13,d_ratio,d_fuel,False,0,shock,-0.00018058199096062378,0.003061528612624851,-0.005216348433452318,0.0048551844515310714,4912,16,0.05677274466598392
ROB,j drop R13,d_ratio,d_fuel,False,1,shock,-0.0072841112731346245,0.0030890549097976967,-0.012365154445367618,-0.0022030681009016307,4896,16,0.04062044166287271
ROB,j drop R13,d_ratio,d_fuel,False,2,shock,-0.0016812919681068617,0.0021892837322224474,-0.00528234325547881,0.0019197593192650866,4880,16,0.03987597882599536
ROB,j drop R13,d_ratio,d_fuel,False,3,shock,-0.00305946040037042,0.0023537468032351744,-0.00693102936659723,0.0008121085658563897,4864,16,0.04079230241805987
ROB,j drop R13,d_ratio,d_fuel,False,4,shock,-0.003977717656140618,0.002355544203109784,-0.007852243082070262,-0.00010319223021097463,4848,16,0.033349746751916154
ROB,j drop R13,d_ratio,d_fuel,False,5,shock,-0.0014187003332018422,0.0020127241897414314,-0.004729337016750998,0.0018919363503473144,4832,16,0.033607968526073284
ROB,j drop R13,d_ratio,d_fuel,False,6,shock,-0.004332301394561458,0.0027556021250621857,-0.008864863544405178,0.00020026075528226193,4816,16,0.030829545309115858
ROB,j drop R13,d_ratio,d_fuel,False,7,shock,4.9496323290087804e-05,0.002565104889545536,-0.004169725757789843,0.004268718404370019,4800,16,0.02861370519801809
ROB,j drop R13,d_ratio,d_fuel,False,8,shock,-0.002513154852468436,0.0019982662695645736,-0.005800010373576513,0.000773700668639641,4784,16,0.02890334049608434
ROB,j drop R13,d_ratio,d_fuel,False,9,shock,0.005085000078238616,0.0027955844982962006,0.00048667277676679895,0.009683327379710433,4768,16,0.0296687687413546
ROB,j drop R13,d_ratio,d_fuel,False,10,shock,-0.0024647110125021526,0.002429577101139135,-0.006461009719269102,0.0015315876942647967,4752,16,0.039658388224793395
ROB,j drop R13,d_ratio,d_fuel,False,11,shock,0.001230168777178062,0.0031422995655206597,-0.003938454060136631,0.0063987916144927545,4736,16,0.04079621268819966
ROB,j drop R13,d_ratio,d_fuel,False,12,shock,0.0018990159730452197,0.0015290937063637323,-0.000616119355815835,0.004414151301906274,4720,16,0.04231794323393867
ROB,j drop R13,d_ratio,d_fuel,True,0,shock,-0.00018058199096062378,0.003061528612624851,-0.005216348433452318,0.0048551844515310714,4912,16,0.05677274466598392
ROB,j drop R13,d_ratio,d_fuel,True,1,shock,-0.007509962088932728,0.005449394813063636,-0.01647341891189099,0.0014534947340255344,4896,16,0.06658779191960373
ROB,j drop R13,d_ratio,d_fuel,True,2,shock,-0.005886916796373395,0.004424853021818693,-0.013165152338039054,0.0013913187452922636,4880,16,0.07421041039599563
ROB,j drop R13,d_ratio,d_fuel,True,3,shock,-0.01384047049360227,0.007038616392003778,-0.02541796419470977,-0.002262976792494771,4864,16,0.0854729992484452
ROB,j drop R13,d_ratio,d_fuel,True,4,shock,-0.017322072725803484,0.00665633104266276,-0.028270762983517002,-0.006373382468089968,4848,16,0.10194187704302848
ROB,j drop R13,d_ratio,d_fuel,True,5,shock,-0.0177937236426142,0.006659936365731587,-0.028748344129053804,-0.0068391031561745915,4832,16,0.11004304992335201
ROB,j drop R13,d_ratio,d_fuel,True,6,shock,-0.020809048849945107,0.008160884991905454,-0.03423251012801463,-0.007385587571875586,4816,16,0.11336285116103939
ROB,j drop R13,d_ratio,d_fuel,True,7,shock,-0.02112461633186958,0.007829194388717244,-0.03400249511825925,-0.008246737545479907,4800,16,0.11571795740529789
ROB,j drop R13,d_ratio,d_fuel,True,8,shock,-0.0238655176531756,0.008263882801490204,-0.03745839525190865,-0.010272640054442544,4784,16,0.11698841112667524
ROB,j drop R13,d_ratio,d_fuel,True,9,shock,-0.018776098240766433,0.008509372129415414,-0.03277276985091515,-0.004779426630617718,4768,16,0.1184020580599372
ROB,j drop R13,d_ratio,d_fuel,True,10,shock,-0.020617271686558906,0.008252798423847728,-0.034191917106524236,-0.0070426262665935786,4752,16,0.12115088737879931
ROB,j drop R13,d_ratio,d_fuel,True,11,shock,-0.020120120114722063,0.008732323293062543,-0.03448351375502881,-0.005756726474415316,4736,16,0.12376286506826295
ROB,j drop R13,d_ratio,d_fuel,True,12,shock,-0.016776967366221474,0.008369230059079963,-0.030543125783690436,-0.0030108089487525126,4720,16,0.12716166140270102
ROB,j drop BARMM,d_ratio,d_fuel,False,0,shock,-0.00043016617719626146,0.0031471416701847536,-0.005606753567929767,0.004746421213537245,4912,16,0.06815812369514507
ROB,j drop BARMM,d_ratio,d_fuel,False,1,shock,-0.007879800069017435,0.0033286904690169863,-0.013355008659978823,-0.002404591478056048,4896,16,0.046053469277353654
ROB,j drop BARMM,d_ratio,d_fuel,False,2,shock,-0.0015887619063336988,0.002230031864769537,-0.005256837907317227,0.0020793140946498293,4880,16,0.044360496134096206
ROB,j drop BARMM,d_ratio,d_fuel,False,3,shock,-0.0034040813878604297,0.0025256880188345705,-0.0075584684861883505,0.0007503057104674914,4864,16,0.04553894615573861
ROB,j drop BARMM,d_ratio,d_fuel,False,4,shock,-0.003859764076342302,0.0023837596162788097,-0.007780699726958952,6.117157427434732e-05,4848,16,0.035957013666627624
ROB,j drop BARMM,d_ratio,d_fuel,False,5,shock,-0.0007214447425883063,0.0022823886626541037,-0.004475640012467828,0.003032750527291216,4832,16,0.03436986001552922
ROB,j drop BARMM,d_ratio,d_fuel,False,6,shock,-0.004564719398774891,0.002555883890845914,-0.008768774286699633,-0.00036066451085014876,4816,16,0.03047417512903816
ROB,j drop BARMM,d_ratio,d_fuel,False,7,shock,0.0005445290122003333,0.002594976099000996,-0.0037238268360938374,0.004812884860494504,4800,16,0.029412769258049476
ROB,j drop BARMM,d_ratio,d_fuel,False,8,shock,-0.0025591173303298248,0.001958577317549938,-0.005780690334766726,0.0006624556741070763,4784,16,0.029560190707503153
ROB,j drop BARMM,d_ratio,d_fuel,False,9,shock,0.005168284314712898,0.002863103178201241,0.00045889866771229876,0.009877669961713496,4768,16,0.03043639652330865
ROB,j drop BARMM,d_ratio,d_fuel,False,10,shock,-0.0030819647520644463,0.0023375386125170055,-0.006926873617002154,0.0007629441128732622,4752,16,0.04039459769137044
ROB,j drop BARMM,d_ratio,d_fuel,False,11,shock,0.0019997082365817284,0.003178402745094943,-0.003228299046600204,0.007227715519763661,4736,16,0.04192503510524814
ROB,j drop BARMM,d_ratio,d_fuel,False,12,shock,0.000876263975234053,0.0014971837227605934,-0.0015863841013614166,0.0033389120518295227,4720,16,0.044877200452475896
ROB,j drop BARMM,d_ratio,d_fuel,True,0,shock,-0.00043016617719626146,0.0031471416701847536,-0.005606753567929767,0.004746421213537245,4912,16,0.06815812369514507
ROB,j drop BARMM,d_ratio,d_fuel,True,1,shock,-0.008362430731256452,0.005803092639663205,-0.017907668707141867,0.001182807244628964,4896,16,0.07877521854710678
ROB,j drop BARMM,d_ratio,d_fuel,True,2,shock,-0.006374850209352392,0.004707274161546259,-0.014117627187026707,0.0013679267683219228,4880,16,0.08476464996857103
ROB,j drop BARMM,d_ratio,d_fuel,True,3,shock,-0.015029130585934435,0.007523713431884186,-0.02740453791251265,-0.0026537232593562225,4864,16,0.09389172361789622
ROB,j drop BARMM,d_ratio,d_fuel,True,4,shock,-0.018315499167973738,0.0070517539550459165,-0.0299146022373004,-0.006716396098647074,4848,16,0.10860250771752045
ROB,j drop BARMM,d_ratio,d_fuel,True,5,shock,-0.018025361098841158,0.006916392872043248,-0.029401814999842804,-0.006648907197839511,4832,16,0.11695749745238027
ROB,j drop BARMM,d_ratio,d_fuel,True,6,shock,-0.021310374491551525,0.008154180149317241,-0.034722807284971687,-0.007897941698131364,4816,16,0.12067846983563568
ROB,j drop BARMM,d_ratio,d_fuel,True,7,shock,-0.02101535005240688,0.00792100021925949,-0.03404423599213926,-0.0079864641126745,4800,16,0.12313596287356687
ROB,j drop BARMM,d_ratio,d_fuel,True,8,shock,-0.023873483668579304,0.008302475767376558,-0.03752984104722534,-0.010217126289933265,4784,16,0.12483913937083602
ROB,j drop BARMM,d_ratio,d_fuel,True,9,shock,-0.01864817157289517,0.008562697683658372,-0.03273255591434961,-0.004563787231440727,4768,16,0.127013422454905
ROB,j drop BARMM,d_ratio,d_fuel,True,10,shock,-0.021145510885123214,0.008427130019084995,-0.035006906261806796,-0.00728411550843963,4752,16,0.13095885456577683
ROB,j drop BARMM,d_ratio,d_fuel,True,11,shock,-0.019947545505559727,0.008813381749174749,-0.034444268441397724,-0.005450822569721731,4736,16,0.13521094758046226
ROB,j drop BARMM,d_ratio,d_fuel,True,12,shock,-0.017565697297068705,0.008545164207297657,-0.03162124163633816,-0.0035101529577992504,4720,16,0.14000681900044465
ROB,k drop flagged 2026,d_ratio,d_fuel,False,0,shock,-0.0008606730406484289,0.003364632610510501,-0.006395001193405827,0.0046736551121089685,5187,17,0.062489555141272635
ROB,k drop flagged 2026,d_ratio,d_fuel,False,1,shock,-0.006974340483670009,0.003152357274893596,-0.0121595067807256,-0.0017891741866144194,5174,17,0.0429150097599168
ROB,k drop flagged 2026,d_ratio,d_fuel,False,2,shock,-0.0019850219344567815,0.0022665105085629533,-0.005713099964990181,0.0017430560960766178,5161,17,0.041760742843199083
ROB,k drop flagged 2026,d_ratio,d_fuel,False,3,shock,-0.0032012306288647656,0.0024309105775200007,-0.007199722709093236,0.0007972614513637052,5148,17,0.042520457075571505
ROB,k drop flagged 2026,d_ratio,d_fuel,False,4,shock,-0.0040185337803650845,0.0023648413243255607,-0.007908351609846705,-0.00012871595088346328,5135,17,0.03238399221696098
ROB,k drop flagged 2026,d_ratio,d_fuel,False,5,shock,-0.0015167136626620637,0.0021519581839620013,-0.0050563698865998645,0.0020229425612757375,5122,17,0.032318119828037006
ROB,k drop flagged 2026,d_ratio,d_fuel,False,6,shock,-0.004092686525370378,0.0028048949858068732,-0.008706328215992811,0.0005209551652520551,5109,17,0.029087162134365352
ROB,k drop flagged 2026,d_ratio,d_fuel,False,7,shock,0.0004188730449612844,0.002597892638852918,-0.0038542800844864693,0.004692026174409038,5096,17,0.02827061364385819
ROB,k drop flagged 2026,d_ratio,d_fuel,False,8,shock,-0.0026873553142530535,0.0019040531066486324,-0.005819243972632275,0.00044453334412616766,5083,17,0.028413612593651383
ROB,k drop flagged 2026,d_ratio,d_fuel,False,9,shock,0.005558939011545784,0.002848916841331005,0.0008728878121993487,0.01024499021089222,5066,17,0.028765080073098415
ROB,k drop flagged 2026,d_ratio,d_fuel,False,10,shock,-0.002963786764587517,0.0023129030858185773,-0.006768173794083456,0.000840600264908422,5049,17,0.03783496194373481
ROB,k drop flagged 2026,d_ratio,d_fuel,False,11,shock,0.0012899724210996655,0.003121680018723144,-0.0038447342798790377,0.006424679122078369,5032,17,0.03942462193872864
ROB,k drop flagged 2026,d_ratio,d_fuel,False,12,shock,0.001695953892729874,0.0014494884213852564,-0.000688242394409829,0.004080150179869577,5015,17,0.04128141084829873
ROB,k drop flagged 2026,d_ratio,d_fuel,True,0,shock,-0.0008606730406484289,0.003364632610510501,-0.006395001193405827,0.0046736551121089685,5187,17,0.062489555141272635
ROB,k drop flagged 2026,d_ratio,d_fuel,True,1,shock,-0.007866836301609637,0.0060196531042024755,-0.01776828454304677,0.002034611939827494,5174,17,0.07363749729438351
ROB,k drop flagged 2026,d_ratio,d_fuel,True,2,shock,-0.005850676194013402,0.00467819730302413,-0.013545625995487238,0.0018442736074604348,5161,17,0.08079846446177907
ROB,k drop flagged 2026,d_ratio,d_fuel,True,3,shock,-0.013995147850722754,0.007385367727773802,-0.026142996744121842,-0.0018472989573236637,5148,17,0.09113376397471529
ROB,k drop flagged 2026,d_ratio,d_fuel,True,4,shock,-0.018020432733186677,0.007233272979026142,-0.02991810802746791,-0.006122757438905448,5135,17,0.10740262814176738
ROB,k drop flagged 2026,d_ratio,d_fuel,True,5,shock,-0.018631732266911262,0.007065136973202888,-0.030252848442192976,-0.007010616091629547,5122,17,0.1162864379401044
ROB,k drop flagged 2026,d_ratio,d_fuel,True,6,shock,-0.021495729936829473,0.0082893154665847,-0.035130440546986254,-0.007861019326672694,5109,17,0.11962684154070446
ROB,k drop flagged 2026,d_ratio,d_fuel,True,7,shock,-0.021285704931326678,0.008050424693694304,-0.03452747518724945,-0.008043934675403907,5096,17,0.12136736832671191
ROB,k drop flagged 2026,d_ratio,d_fuel,True,8,shock,-0.02423927941818224,0.00843058243145362,-0.03810635350787209,-0.010372205328492394,5083,17,0.12214351702906301
ROB,k drop flagged 2026,d_ratio,d_fuel,True,9,shock,-0.018654650106193785,0.008648089703699697,-0.032879491821525914,-0.004429808390861656,5066,17,0.12314748648185225
ROB,k drop flagged 2026,d_ratio,d_fuel,True,10,shock,-0.021057327914057507,0.008451396397433445,-0.034958637931180515,-0.0071560178969344995,5049,17,0.12566605820657306
ROB,k drop flagged 2026,d_ratio,d_fuel,True,11,shock,-0.020487509414713893,0.008913871729465042,-0.03514952365910466,-0.005825495170323125,5032,17,0.1286964968829457
ROB,k drop flagged 2026,d_ratio,d_fuel,True,12,shock,-0.017338491394225337,0.008537789553760455,-0.03138190550787661,-0.0032950772805740627,5015,17,0.13266423397646498
ROB,l national shock,d_ratio,d_fuel_nat,False,0,shock,-0.001868028961152331,0.0035701914635376374,-0.007740471338863399,0.004004413416558736,5219,17,0.06512776968063017
ROB,l national shock,d_ratio,d_fuel_nat,False,1,shock,-0.009121407979567649,0.0037058646367786447,-0.015217012868364202,-0.003025803090771095,5202,17,0.04600508495474698
ROB,l national shock,d_ratio,d_fuel_nat,False,2,shock,-4.817211976397264e-05,0.0024638155567485746,-0.004100788074421327,0.004004443834893381,5185,17,0.04531107406879309
ROB,l national shock,d_ratio,d_fuel_nat,False,3,shock,-0.005186410054158216,0.0026088813588510105,-0.009477638019550386,-0.0008951820887660462,5168,17,0.04578629501666842
ROB,l national shock,d_ratio,d_fuel_nat,False,4,shock,-0.0025553002076256983,0.0026509249055490258,-0.006915683653294003,0.0018050832380426059,5151,17,0.0349155742948668
ROB,l national shock,d_ratio,d_fuel_nat,False,5,shock,-0.0020584376614942346,0.002402228300095629,-0.006009751593671999,0.0018928762706835306,5134,17,0.034360667289958347
ROB,l national shock,d_ratio,d_fuel_nat,False,6,shock,-0.003713439271163246,0.003076584658113363,-0.008773970704684267,0.0013470921623577742,5117,17,0.031087089810821866
ROB,l national shock,d_ratio,d_fuel_nat,False,7,shock,4.7208060293755183e-05,0.0029123496172565946,-0.004743180770601487,0.004837596891188997,5100,17,0.03035577317883109
ROB,l national shock,d_ratio,d_fuel_nat,False,8,shock,-0.003572123799424884,0.0021739131396545795,-0.007147892711863181,3.645113013413335e-06,5083,17,0.03074785253873691
ROB,l national shock,d_ratio,d_fuel_nat,False,9,shock,0.006170658262514305,0.0034486845866563433,0.0004980769119409803,0.011843239613087631,5066,17,0.031150040973428106
ROB,l national shock,d_ratio,d_fuel_nat,False,10,shock,-0.002601412512457507,0.002447140693555683,-0.006626600757913113,0.0014237757329980992,5049,17,0.041031672026252464
ROB,l national shock,d_ratio,d_fuel_nat,False,11,shock,0.0010302741982825834,0.0028323175684626337,-0.0036284736268815546,0.005689022023446721,5032,17,0.04227630008771066
ROB,l national shock,d_ratio,d_fuel_nat,False,12,shock,0.0011566754577954932,0.00213789365302336,-0.0023598466714165127,0.004673197587007499,5015,17,0.043924774087024
ROB,l national shock,d_ratio,d_fuel_nat,True,0,shock,-0.001868028961152331,0.0035701914635376374,-0.007740471338863399,0.004004413416558736,5219,17,0.06512776968063017
ROB,l national shock,d_ratio,d_fuel_nat,True,1,shock,-0.011019160315870271,0.00671668671041262,-0.02206712681258922,2.8806180848679058e-05,5202,17,0.07781032743683725
ROB,l national shock,d_ratio,d_fuel_nat,True,2,shock,-0.004846831642513699,0.004753577124680896,-0.01266577021703862,0.002972106932011223,5185,17,0.08939788964908846
ROB,l national shock,d_ratio,d_fuel_nat,True,3,shock,-0.018075862887738246,0.009026264672217494,-0.03292274707165913,-0.003228978703817359,5168,17,0.10327358149407495
ROB,l national shock,d_ratio,d_fuel_nat,True,4,shock,-0.018605143642834596,0.007639923126371414,-0.031171698906877047,-0.0060385883787921445,5151,17,0.12232861602718037
ROB,l national shock,d_ratio,d_fuel_nat,True,5,shock,-0.019827300394491758,0.008259622583171937,-0.03341317055767241,-0.006241430231311108,5134,17,0.13235208120532316
ROB,l national shock,d_ratio,d_fuel_nat,True,6,shock,-0.02252177827038323,0.009520305098768994,-0.038181286641778,-0.006862269898988454,5117,17,0.13569428132928352
ROB,l national shock,d_ratio,d_fuel_nat,True,7,shock,-0.022484400805781943,0.008956389793794737,-0.03721635104249636,-0.0077524505690675215,5100,17,0.13706860270964472
ROB,l national shock,d_ratio,d_fuel_nat,True,8,shock,-0.026367269946538086,0.00960019915836855,-0.042158192351637064,-0.010576347541439109,5083,17,0.1374257500775411
ROB,l national shock,d_ratio,d_fuel_nat,True,9,shock,-0.020330846022434953,0.009757163912313366,-0.036379952472363614,-0.0042817395725062955,5066,17,0.13770614546150328
ROB,l national shock,d_ratio,d_fuel_nat,True,10,shock,-0.02206186279486669,0.009614439843898063,-0.037876209043209166,-0.006247516546524216,5049,17,0.13959980157999485
ROB,l national shock,d_ratio,d_fuel_nat,True,11,shock,-0.0220505099727752,0.009919237558759812,-0.03836620384789455,-0.005734816097655856,5032,17,0.1422763653768997
ROB,l national shock,d_ratio,d_fuel_nat,True,12,shock,-0.018773141674721154,0.009519395439962308,-0.03443115379052846,-0.003115129558913847,5015,17,0.14580135706283515
