FREQ,REF_AREA,UNIT_MEASURE,UNIT_MULT,TIME_FORMAT,COMPILATION,DECIMALS,SOURCE_REF,SUPP_INFO_BREAKS,TITLE,TIME_PERIOD,OBS_VALUE,OBS_STATUS,OBS_CONF,OBS_PRE_BREAK
M,PH,368,0,,"From Jan 1986 onwards: Official market intervention representative rate, liquidity providing.",4,Bangko Sentral ng Pilipinas ,, Central bank policy rates - Philippines - Monthly - End of period,1986-01,12,A,F,
M,PH,368,0,,"From Jan 1986 onwards: Official market intervention representative rate, liquidity providing.",4,Bangko Sentral ng Pilipinas ,, Central bank policy rates - Philippines - Monthly - End of period,1986-02,6,A,F,
M,PH,368,0,,"From Jan 1986 onwards: Official market intervention representative rate, liquidity providing.",4,Bangko Sentral ng Pilipinas ,, Central bank policy rates - Philippines - Monthly - End of period,1986-03,15,A,F,
M,PH,368,0,,"From Jan 1986 onwards: Official market intervention representative rate, liquidity providing.",4,Bangko Sentral ng Pilipinas ,, Central bank policy rates - Philippines - Monthly - End of period,1986-04,15,A,F,
M,PH,368,0,,"From Jan 1986 onwards: Official market intervention representative rate, liquidity providing.",4,Bangko Sentral ng Pilipinas ,, Central bank policy rates - Philippines - Monthly - End of period,1986-05,5,A,F,
M,PH,368,0,,"From Jan 1986 onwards: Official market intervention representative rate, liquidity providing.",4,Bangko Sentral ng Pilipinas ,, Central bank policy rates - Philippines - Monthly - End of period,1986-06,9,A,F,
M,PH,368,0,,"From Jan 1986 onwards: Official market intervention representative rate, liquidity providing.",4,Bangko Sentral ng Pilipinas ,, Central bank policy rates - Philippines - Monthly - End of period,1986-07,12,A,F,
M,PH,368,0,,"From Jan 1986 onwards: Official market intervention representative rate, liquidity providing.",4,Bangko Sentral ng Pilipinas ,, Central bank policy rates - Philippines - Monthly - End of period,1986-08,5,A,F,
M,PH,368,0,,"From Jan 1986 onwards: Official market intervention representative rate, liquidity providing.",4,Bangko Sentral ng Pilipinas ,, Central bank policy rates - Philippines - Monthly - End of period,1986-09,6,A,F,
M,PH,368,0,,"From Jan 1986 onwards: Official market intervention representative rate, liquidity providing.",4,Bangko Sentral ng Pilipinas ,, Central bank policy rates - Philippines - Monthly - End of period,1986-10,5,A,F,
M,PH,368,0,,"From Jan 1986 onwards: Official market intervention representative rate, liquidity providing.",4,Bangko Sentral ng Pilipinas ,, Central bank policy rates - Philippines - Monthly - End of period,1986-11,6,A,F,
M,PH,368,0,,"From Jan 1986 onwards: Official market intervention representative rate, liquidity providing.",4,Bangko Sentral ng Pilipinas ,, Central bank policy rates - Philippines - Monthly - End of period,1986-12,15,A,F,
M,PH,368,0,,"From Jan 1986 onwards: Official market intervention representative rate, liquidity providing.",4,Bangko Sentral ng Pilipinas ,, Central bank policy rates - Philippines - Monthly - End of period,1987-01,5,A,F,
M,PH,368,0,,"From Jan 1986 onwards: Official market intervention representative rate, liquidity providing.",4,Bangko Sentral ng Pilipinas ,, Central bank policy rates - Philippines - Monthly - End of period,1987-02,6,A,F,
M,PH,368,0,,"From Jan 1986 onwards: Official market intervention representative rate, liquidity providing.",4,Bangko Sentral ng Pilipinas ,, Central bank policy rates - Philippines - Monthly - End of period,1987-03,8,A,F,
M,PH,368,0,,"From Jan 1986 onwards: Official market intervention representative rate, liquidity providing.",4,Bangko Sentral ng Pilipinas ,, Central bank policy rates - Philippines - Monthly - End of period,1987-04,7,A,F,
M,PH,368,0,,"From Jan 1986 onwards: Official market intervention representative rate, liquidity providing.",4,Bangko Sentral ng Pilipinas ,, Central bank policy rates - Philippines - Monthly - End of period,1987-05,5,A,F,
M,PH,368,0,,"From Jan 1986 onwards: Official market intervention representative rate, liquidity providing.",4,Bangko Sentral ng Pilipinas ,, Central bank policy rates - Philippines - Monthly - End of period,1987-06,5,A,F,
M,PH,368,0,,"From Jan 1986 onwards: Official market intervention representative rate, liquidity providing.",4,Bangko Sentral ng Pilipinas ,, Central bank policy rates - Philippines - Monthly - End of period,1987-07,5,A,F,
M,PH,368,0,,"From Jan 1986 onwards: Official market intervention representative rate, liquidity providing.",4,Bangko Sentral ng Pilipinas ,, Central bank policy rates - Philippines - Monthly - End of period,1987-08,8.25,A,F,
M,PH,368,0,,"From Jan 1986 onwards: Official market intervention representative rate, liquidity providing.",4,Bangko Sentral ng Pilipinas ,, Central bank policy rates - Philippines - Monthly - End of period,1987-09,5,A,F,
M,PH,368,0,,"From Jan 1986 onwards: Official market intervention representative rate, liquidity providing.",4,Bangko Sentral ng Pilipinas ,, Central bank policy rates - Philippines - Monthly - End of period,1987-10,13,A,F,
M,PH,368,0,,"From Jan 1986 onwards: Official market intervention representative rate, liquidity providing.",4,Bangko Sentral ng Pilipinas ,, Central bank policy rates - Philippines - Monthly - End of period,1987-11,12,A,F,
M,PH,368,0,,"From Jan 1986 onwards: Official market intervention representative rate, liquidity providing.",4,Bangko Sentral ng Pilipinas ,, Central bank policy rates - Philippines - Monthly - End of period,1987-12,9,A,F,
M,PH,368,0,,"From Jan 1986 onwards: Official market intervention representative rate, liquidity providing.",4,Bangko Sentral ng Pilipinas ,, Central bank policy rates - Philippines - Monthly - End of period,1988-02,5,A,F,
M,PH,368,0,,"From Jan 1986 onwards: Official market intervention representative rate, liquidity providing.",4,Bangko Sentral ng Pilipinas ,, Central bank policy rates - Philippines - Monthly - End of period,1988-03,5,A,F,
M,PH,368,0,,"From Jan 1986 onwards: Official market intervention representative rate, liquidity providing.",4,Bangko Sentral ng Pilipinas ,, Central bank policy rates - Philippines - Monthly - End of period,1988-04,5,A,F,
M,PH,368,0,,"From Jan 1986 onwards: Official market intervention representative rate, liquidity providing.",4,Bangko Sentral ng Pilipinas ,, Central bank policy rates - Philippines - Monthly - End of period,1988-05,7,A,F,
M,PH,368,0,,"From Jan 1986 onwards: Official market intervention representative rate, liquidity providing.",4,Bangko Sentral ng Pilipinas ,, Central bank policy rates - Philippines - Monthly - End of period,1988-06,10,A,F,
M,PH,368,0,,"From Jan 1986 onwards: Official market intervention representative rate, liquidity providing.",4,Bangko Sentral ng Pilipinas ,, Central bank policy rates - Philippines - Monthly - End of period,1988-07,5,A,F,
M,PH,368,0,,"From Jan 1986 onwards: Official market intervention representative rate, liquidity providing.",4,Bangko Sentral ng Pilipinas ,, Central bank policy rates - Philippines - Monthly - End of period,1988-08,7.5,A,F,
M,PH,368,0,,"From Jan 1986 onwards: Official market intervention representative rate, liquidity providing.",4,Bangko Sentral ng Pilipinas ,, Central bank policy rates - Philippines - Monthly - End of period,1988-09,22,A,F,
M,PH,368,0,,"From Jan 1986 onwards: Official market intervention representative rate, liquidity providing.",4,Bangko Sentral ng Pilipinas ,, Central bank policy rates - Philippines - Monthly - End of period,1988-10,5,A,F,
M,PH,368,0,,"From Jan 1986 onwards: Official market intervention representative rate, liquidity providing.",4,Bangko Sentral ng Pilipinas ,, Central bank policy rates - Philippines - Monthly - End of period,1988-11,12,A,F,
M,PH,368,0,,"From Jan 1986 onwards: Official market intervention representative rate, liquidity providing.",4,Bangko Sentral ng Pilipinas ,, Central bank policy rates - Philippines - Monthly - End of period,1988-12,14,A,F,
M,PH,368,0,,"From Jan 1986 onwards: Official market intervention representative rate, liquidity providing.",4,Bangko Sentral ng Pilipinas ,, Central bank policy rates - Philippines - Monthly - End of period,1989-01,13.5,A,F,
M,PH,368,0,,"From Jan 1986 onwards: Official market intervention representative rate, liquidity providing.",4,Bangko Sentral ng Pilipinas ,, Central bank policy rates - Philippines - Monthly - End of period,1989-02,13.75,A,F,
M,PH,368,0,,"From Jan 1986 onwards: Official market intervention representative rate, liquidity providing.",4,Bangko Sentral ng Pilipinas ,, Central bank policy rates - Philippines - Monthly - End of period,1989-03,10,A,F,
M,PH,368,0,,"From Jan 1986 onwards: Official market intervention representative rate, liquidity providing.",4,Bangko Sentral ng Pilipinas ,, Central bank policy rates - Philippines - Monthly - End of period,1989-04,12.5,A,F,
M,PH,368,0,,"From Jan 1986 onwards: Official market intervention representative rate, liquidity providing.",4,Bangko Sentral ng Pilipinas ,, Central bank policy rates - Philippines - Monthly - End of period,1989-05,12.5,A,F,
M,PH,368,0,,"From Jan 1986 onwards: Official market intervention representative rate, liquidity providing.",4,Bangko Sentral ng Pilipinas ,, Central bank policy rates - Philippines - Monthly - End of period,1989-06,14,A,F,
M,PH,368,0,,"From Jan 1986 onwards: Official market intervention representative rate, liquidity providing.",4,Bangko Sentral ng Pilipinas ,, Central bank policy rates - Philippines - Monthly - End of period,1989-07,14.5,A,F,
M,PH,368,0,,"From Jan 1986 onwards: Official market intervention representative rate, liquidity providing.",4,Bangko Sentral ng Pilipinas ,, Central bank policy rates - Philippines - Monthly - End of period,1989-09,27.5,A,F,
M,PH,368,0,,"From Jan 1986 onwards: Official market intervention representative rate, liquidity providing.",4,Bangko Sentral ng Pilipinas ,, Central bank policy rates - Philippines - Monthly - End of period,1989-10,8,A,F,
M,PH,368,0,,"From Jan 1986 onwards: Official market intervention representative rate, liquidity providing.",4,Bangko Sentral ng Pilipinas ,, Central bank policy rates - Philippines - Monthly - End of period,1989-11,10,A,F,
M,PH,368,0,,"From Jan 1986 onwards: Official market intervention representative rate, liquidity providing.",4,Bangko Sentral ng Pilipinas ,, Central bank policy rates - Philippines - Monthly - End of period,1990-03,7.5625,A,F,
M,PH,368,0,,"From Jan 1986 onwards: Official market intervention representative rate, liquidity providing.",4,Bangko Sentral ng Pilipinas ,, Central bank policy rates - Philippines - Monthly - End of period,1990-06,4.125,A,F,
M,PH,368,0,,"From Jan 1986 onwards: Official market intervention representative rate, liquidity providing.",4,Bangko Sentral ng Pilipinas ,, Central bank policy rates - Philippines - Monthly - End of period,1990-07,11,A,F,
M,PH,368,0,,"From Jan 1986 onwards: Official market intervention representative rate, liquidity providing.",4,Bangko Sentral ng Pilipinas ,, Central bank policy rates - Philippines - Monthly - End of period,1990-08,21.5625,A,F,
M,PH,368,0,,"From Jan 1986 onwards: Official market intervention representative rate, liquidity providing.",4,Bangko Sentral ng Pilipinas ,, Central bank policy rates - Philippines - Monthly - End of period,1990-09,7.9082,A,F,
M,PH,368,0,,"From Jan 1986 onwards: Official market intervention representative rate, liquidity providing.",4,Bangko Sentral ng Pilipinas ,, Central bank policy rates - Philippines - Monthly - End of period,1990-12,19.308,A,F,
M,PH,368,0,,"From Jan 1986 onwards: Official market intervention representative rate, liquidity providing.",4,Bangko Sentral ng Pilipinas ,, Central bank policy rates - Philippines - Monthly - End of period,1991-01,8,A,F,
M,PH,368,0,,"From Jan 1986 onwards: Official market intervention representative rate, liquidity providing.",4,Bangko Sentral ng Pilipinas ,, Central bank policy rates - Philippines - Monthly - End of period,1991-02,7,A,F,
M,PH,368,0,,"From Jan 1986 onwards: Official market intervention representative rate, liquidity providing.",4,Bangko Sentral ng Pilipinas ,, Central bank policy rates - Philippines - Monthly - End of period,1991-03,5.5,A,F,
M,PH,368,0,,"From Jan 1986 onwards: Official market intervention representative rate, liquidity providing.",4,Bangko Sentral ng Pilipinas ,, Central bank policy rates - Philippines - Monthly - End of period,1991-04,4.5,A,F,
M,PH,368,0,,"From Jan 1986 onwards: Official market intervention representative rate, liquidity providing.",4,Bangko Sentral ng Pilipinas ,, Central bank policy rates - Philippines - Monthly - End of period,1991-05,5,A,F,
M,PH,368,0,,"From Jan 1986 onwards: Official market intervention representative rate, liquidity providing.",4,Bangko Sentral ng Pilipinas ,, Central bank policy rates - Philippines - Monthly - End of period,1991-06,5.386,A,F,
M,PH,368,0,,"From Jan 1986 onwards: Official market intervention representative rate, liquidity providing.",4,Bangko Sentral ng Pilipinas ,, Central bank policy rates - Philippines - Monthly - End of period,1991-07,13.5,A,F,
M,PH,368,0,,"From Jan 1986 onwards: Official market intervention representative rate, liquidity providing.",4,Bangko Sentral ng Pilipinas ,, Central bank policy rates - Philippines - Monthly - End of period,1991-08,16.5,A,F,
M,PH,368,0,,"From Jan 1986 onwards: Official market intervention representative rate, liquidity providing.",4,Bangko Sentral ng Pilipinas ,, Central bank policy rates - Philippines - Monthly - End of period,1991-09,16.5,A,F,
M,PH,368,0,,"From Jan 1986 onwards: Official market intervention representative rate, liquidity providing.",4,Bangko Sentral ng Pilipinas ,, Central bank policy rates - Philippines - Monthly - End of period,1991-10,5,A,F,
M,PH,368,0,,"From Jan 1986 onwards: Official market intervention representative rate, liquidity providing.",4,Bangko Sentral ng Pilipinas ,, Central bank policy rates - Philippines - Monthly - End of period,1991-11,4.5,A,F,
M,PH,368,0,,"From Jan 1986 onwards: Official market intervention representative rate, liquidity providing.",4,Bangko Sentral ng Pilipinas ,, Central bank policy rates - Philippines - Monthly - End of period,1991-12,6,A,F,
M,PH,368,0,,"From Jan 1986 onwards: Official market intervention representative rate, liquidity providing.",4,Bangko Sentral ng Pilipinas ,, Central bank policy rates - Philippines - Monthly - End of period,1992-01,4.5,A,F,
M,PH,368,0,,"From Jan 1986 onwards: Official market intervention representative rate, liquidity providing.",4,Bangko Sentral ng Pilipinas ,, Central bank policy rates - Philippines - Monthly - End of period,1992-03,5,A,F,
M,PH,368,0,,"From Jan 1986 onwards: Official market intervention representative rate, liquidity providing.",4,Bangko Sentral ng Pilipinas ,, Central bank policy rates - Philippines - Monthly - End of period,1992-04,6,A,F,
M,PH,368,0,,"From Jan 1986 onwards: Official market intervention representative rate, liquidity providing.",4,Bangko Sentral ng Pilipinas ,, Central bank policy rates - Philippines - Monthly - End of period,1992-05,7,A,F,
M,PH,368,0,,"From Jan 1986 onwards: Official market intervention representative rate, liquidity providing.",4,Bangko Sentral ng Pilipinas ,, Central bank policy rates - Philippines - Monthly - End of period,1992-06,10,A,F,
M,PH,368,0,,"From Jan 1986 onwards: Official market intervention representative rate, liquidity providing.",4,Bangko Sentral ng Pilipinas ,, Central bank policy rates - Philippines - Monthly - End of period,1992-07,14,A,F,
M,PH,368,0,,"From Jan 1986 onwards: Official market intervention representative rate, liquidity providing.",4,Bangko Sentral ng Pilipinas ,, Central bank policy rates - Philippines - Monthly - End of period,1992-08,15.5,A,F,
M,PH,368,0,,"From Jan 1986 onwards: Official market intervention representative rate, liquidity providing.",4,Bangko Sentral ng Pilipinas ,, Central bank policy rates - Philippines - Monthly - End of period,1992-09,14.25,A,F,
M,PH,368,0,,"From Jan 1986 onwards: Official market intervention representative rate, liquidity providing.",4,Bangko Sentral ng Pilipinas ,, Central bank policy rates - Philippines - Monthly - End of period,1992-10,13.5,A,F,
M,PH,368,0,,"From Jan 1986 onwards: Official market intervention representative rate, liquidity providing.",4,Bangko Sentral ng Pilipinas ,, Central bank policy rates - Philippines - Monthly - End of period,1992-11,13,A,F,
M,PH,368,0,,"From Jan 1986 onwards: Official market intervention representative rate, liquidity providing.",4,Bangko Sentral ng Pilipinas ,, Central bank policy rates - Philippines - Monthly - End of period,1992-12,12.8125,A,F,
M,PH,368,0,,"From Jan 1986 onwards: Official market intervention representative rate, liquidity providing.",4,Bangko Sentral ng Pilipinas ,, Central bank policy rates - Philippines - Monthly - End of period,1993-01,12,A,F,
M,PH,368,0,,"From Jan 1986 onwards: Official market intervention representative rate, liquidity providing.",4,Bangko Sentral ng Pilipinas ,, Central bank policy rates - Philippines - Monthly - End of period,1993-02,11.5,A,F,
M,PH,368,0,,"From Jan 1986 onwards: Official market intervention representative rate, liquidity providing.",4,Bangko Sentral ng Pilipinas ,, Central bank policy rates - Philippines - Monthly - End of period,1993-03,10.5625,A,F,
M,PH,368,0,,"From Jan 1986 onwards: Official market intervention representative rate, liquidity providing.",4,Bangko Sentral ng Pilipinas ,, Central bank policy rates - Philippines - Monthly - End of period,1993-04,9.5,A,F,
M,PH,368,0,,"From Jan 1986 onwards: Official market intervention representative rate, liquidity providing.",4,Bangko Sentral ng Pilipinas ,, Central bank policy rates - Philippines - Monthly - End of period,1993-05,9.75,A,F,
M,PH,368,0,,"From Jan 1986 onwards: Official market intervention representative rate, liquidity providing.",4,Bangko Sentral ng Pilipinas ,, Central bank policy rates - Philippines - Monthly - End of period,1993-06,9.125,A,F,
M,PH,368,0,,"From Jan 1986 onwards: Official market intervention representative rate, liquidity providing.",4,Bangko Sentral ng Pilipinas ,, Central bank policy rates - Philippines - Monthly - End of period,1993-07,13,A,F,
M,PH,368,0,,"From Jan 1986 onwards: Official market intervention representative rate, liquidity providing.",4,Bangko Sentral ng Pilipinas ,, Central bank policy rates - Philippines - Monthly - End of period,1993-08,11,A,F,
M,PH,368,0,,"From Jan 1986 onwards: Official market intervention representative rate, liquidity providing.",4,Bangko Sentral ng Pilipinas ,, Central bank policy rates - Philippines - Monthly - End of period,1993-09,10.9375,A,F,
M,PH,368,0,,"From Jan 1986 onwards: Official market intervention representative rate, liquidity providing.",4,Bangko Sentral ng Pilipinas ,, Central bank policy rates - Philippines - Monthly - End of period,1993-10,12.5,A,F,
M,PH,368,0,,"From Jan 1986 onwards: Official market intervention representative rate, liquidity providing.",4,Bangko Sentral ng Pilipinas ,, Central bank policy rates - Philippines - Monthly - End of period,1993-11,13,A,F,
M,PH,368,0,,"From Jan 1986 onwards: Official market intervention representative rate, liquidity providing.",4,Bangko Sentral ng Pilipinas ,, Central bank policy rates - Philippines - Monthly - End of period,1993-12,12.5,A,F,
M,PH,368,0,,"From Jan 1986 onwards: Official market intervention representative rate, liquidity providing.",4,Bangko Sentral ng Pilipinas ,, Central bank policy rates - Philippines - Monthly - End of period,1994-01,12,A,F,
M,PH,368,0,,"From Jan 1986 onwards: Official market intervention representative rate, liquidity providing.",4,Bangko Sentral ng Pilipinas ,, Central bank policy rates - Philippines - Monthly - End of period,1994-02,12.5,A,F,
M,PH,368,0,,"From Jan 1986 onwards: Official market intervention representative rate, liquidity providing.",4,Bangko Sentral ng Pilipinas ,, Central bank policy rates - Philippines - Monthly - End of period,1994-03,12.5,A,F,
M,PH,368,0,,"From Jan 1986 onwards: Official market intervention representative rate, liquidity providing.",4,Bangko Sentral ng Pilipinas ,, Central bank policy rates - Philippines - Monthly - End of period,1994-04,12,A,F,
M,PH,368,0,,"From Jan 1986 onwards: Official market intervention representative rate, liquidity providing.",4,Bangko Sentral ng Pilipinas ,, Central bank policy rates - Philippines - Monthly - End of period,1994-05,11.5,A,F,
M,PH,368,0,,"From Jan 1986 onwards: Official market intervention representative rate, liquidity providing.",4,Bangko Sentral ng Pilipinas ,, Central bank policy rates - Philippines - Monthly - End of period,1994-06,11,A,F,
M,PH,368,0,,"From Jan 1986 onwards: Official market intervention representative rate, liquidity providing.",4,Bangko Sentral ng Pilipinas ,, Central bank policy rates - Philippines - Monthly - End of period,1994-07,11,A,F,
M,PH,368,0,,"From Jan 1986 onwards: Official market intervention representative rate, liquidity providing.",4,Bangko Sentral ng Pilipinas ,, Central bank policy rates - Philippines - Monthly - End of period,1994-08,9.2,A,F,
M,PH,368,0,,"From Jan 1986 onwards: Official market intervention representative rate, liquidity providing.",4,Bangko Sentral ng Pilipinas ,, Central bank policy rates - Philippines - Monthly - End of period,1994-09,8,A,F,
M,PH,368,0,,"From Jan 1986 onwards: Official market intervention representative rate, liquidity providing.",4,Bangko Sentral ng Pilipinas ,, Central bank policy rates - Philippines - Monthly - End of period,1994-10,8.5,A,F,
M,PH,368,0,,"From Jan 1986 onwards: Official market intervention representative rate, liquidity providing.",4,Bangko Sentral ng Pilipinas ,, Central bank policy rates - Philippines - Monthly - End of period,1994-11,8.5,A,F,
M,PH,368,0,,"From Jan 1986 onwards: Official market intervention representative rate, liquidity providing.",4,Bangko Sentral ng Pilipinas ,, Central bank policy rates - Philippines - Monthly - End of period,1994-12,8.5,A,F,
M,PH,368,0,,"From Jan 1986 onwards: Official market intervention representative rate, liquidity providing.",4,Bangko Sentral ng Pilipinas ,, Central bank policy rates - Philippines - Monthly - End of period,1995-01,9,A,F,
M,PH,368,0,,"From Jan 1986 onwards: Official market intervention representative rate, liquidity providing.",4,Bangko Sentral ng Pilipinas ,, Central bank policy rates - Philippines - Monthly - End of period,1995-02,25,A,F,
M,PH,368,0,,"From Jan 1986 onwards: Official market intervention representative rate, liquidity providing.",4,Bangko Sentral ng Pilipinas ,, Central bank policy rates - Philippines - Monthly - End of period,1995-03,12,A,F,
M,PH,368,0,,"From Jan 1986 onwards: Official market intervention representative rate, liquidity providing.",4,Bangko Sentral ng Pilipinas ,, Central bank policy rates - Philippines - Monthly - End of period,1995-04,11,A,F,
M,PH,368,0,,"From Jan 1986 onwards: Official market intervention representative rate, liquidity providing.",4,Bangko Sentral ng Pilipinas ,, Central bank policy rates - Philippines - Monthly - End of period,1995-05,9.5,A,F,
M,PH,368,0,,"From Jan 1986 onwards: Official market intervention representative rate, liquidity providing.",4,Bangko Sentral ng Pilipinas ,, Central bank policy rates - Philippines - Monthly - End of period,1995-06,8.75,A,F,
M,PH,368,0,,"From Jan 1986 onwards: Official market intervention representative rate, liquidity providing.",4,Bangko Sentral ng Pilipinas ,, Central bank policy rates - Philippines - Monthly - End of period,1995-07,7.25,A,F,
M,PH,368,0,,"From Jan 1986 onwards: Official market intervention representative rate, liquidity providing.",4,Bangko Sentral ng Pilipinas ,, Central bank policy rates - Philippines - Monthly - End of period,1995-08,7.5,A,F,
M,PH,368,0,,"From Jan 1986 onwards: Official market intervention representative rate, liquidity providing.",4,Bangko Sentral ng Pilipinas ,, Central bank policy rates - Philippines - Monthly - End of period,1995-09,8.5,A,F,
M,PH,368,0,,"From Jan 1986 onwards: Official market intervention representative rate, liquidity providing.",4,Bangko Sentral ng Pilipinas ,, Central bank policy rates - Philippines - Monthly - End of period,1995-10,9.125,A,F,
M,PH,368,0,,"From Jan 1986 onwards: Official market intervention representative rate, liquidity providing.",4,Bangko Sentral ng Pilipinas ,, Central bank policy rates - Philippines - Monthly - End of period,1995-11,14,A,F,
M,PH,368,0,,"From Jan 1986 onwards: Official market intervention representative rate, liquidity providing.",4,Bangko Sentral ng Pilipinas ,, Central bank policy rates - Philippines - Monthly - End of period,1995-12,14,A,F,
M,PH,368,0,,"From Jan 1986 onwards: Official market intervention representative rate, liquidity providing.",4,Bangko Sentral ng Pilipinas ,, Central bank policy rates - Philippines - Monthly - End of period,1996-01,13.875,A,F,
M,PH,368,0,,"From Jan 1986 onwards: Official market intervention representative rate, liquidity providing.",4,Bangko Sentral ng Pilipinas ,, Central bank policy rates - Philippines - Monthly - End of period,1996-02,14,A,F,
M,PH,368,0,,"From Jan 1986 onwards: Official market intervention representative rate, liquidity providing.",4,Bangko Sentral ng Pilipinas ,, Central bank policy rates - Philippines - Monthly - End of period,1996-03,13.75,A,F,
M,PH,368,0,,"From Jan 1986 onwards: Official market intervention representative rate, liquidity providing.",4,Bangko Sentral ng Pilipinas ,, Central bank policy rates - Philippines - Monthly - End of period,1996-04,12.6875,A,F,
M,PH,368,0,,"From Jan 1986 onwards: Official market intervention representative rate, liquidity providing.",4,Bangko Sentral ng Pilipinas ,, Central bank policy rates - Philippines - Monthly - End of period,1996-05,12,A,F,
M,PH,368,0,,"From Jan 1986 onwards: Official market intervention representative rate, liquidity providing.",4,Bangko Sentral ng Pilipinas ,, Central bank policy rates - Philippines - Monthly - End of period,1996-06,11.875,A,F,
M,PH,368,0,,"From Jan 1986 onwards: Official market intervention representative rate, liquidity providing.",4,Bangko Sentral ng Pilipinas ,, Central bank policy rates - Philippines - Monthly - End of period,1996-07,11,A,F,
M,PH,368,0,,"From Jan 1986 onwards: Official market intervention representative rate, liquidity providing.",4,Bangko Sentral ng Pilipinas ,, Central bank policy rates - Philippines - Monthly - End of period,1996-08,10.25,A,F,
M,PH,368,0,,"From Jan 1986 onwards: Official market intervention representative rate, liquidity providing.",4,Bangko Sentral ng Pilipinas ,, Central bank policy rates - Philippines - Monthly - End of period,1996-09,11,A,F,
M,PH,368,0,,"From Jan 1986 onwards: Official market intervention representative rate, liquidity providing.",4,Bangko Sentral ng Pilipinas ,, Central bank policy rates - Philippines - Monthly - End of period,1996-10,11,A,F,
M,PH,368,0,,"From Jan 1986 onwards: Official market intervention representative rate, liquidity providing.",4,Bangko Sentral ng Pilipinas ,, Central bank policy rates - Philippines - Monthly - End of period,1996-11,10.75,A,F,
M,PH,368,0,,"From Jan 1986 onwards: Official market intervention representative rate, liquidity providing.",4,Bangko Sentral ng Pilipinas ,, Central bank policy rates - Philippines - Monthly - End of period,1996-12,10.75,A,F,
M,PH,368,0,,"From Jan 1986 onwards: Official market intervention representative rate, liquidity providing.",4,Bangko Sentral ng Pilipinas ,, Central bank policy rates - Philippines - Monthly - End of period,1997-01,10.5,A,F,
M,PH,368,0,,"From Jan 1986 onwards: Official market intervention representative rate, liquidity providing.",4,Bangko Sentral ng Pilipinas ,, Central bank policy rates - Philippines - Monthly - End of period,1997-02,10.5,A,F,
M,PH,368,0,,"From Jan 1986 onwards: Official market intervention representative rate, liquidity providing.",4,Bangko Sentral ng Pilipinas ,, Central bank policy rates - Philippines - Monthly - End of period,1997-03,9.9,A,F,
M,PH,368,0,,"From Jan 1986 onwards: Official market intervention representative rate, liquidity providing.",4,Bangko Sentral ng Pilipinas ,, Central bank policy rates - Philippines - Monthly - End of period,1997-04,10.25,A,F,
M,PH,368,0,,"From Jan 1986 onwards: Official market intervention representative rate, liquidity providing.",4,Bangko Sentral ng Pilipinas ,, Central bank policy rates - Philippines - Monthly - End of period,1997-05,16,A,F,
M,PH,368,0,,"From Jan 1986 onwards: Official market intervention representative rate, liquidity providing.",4,Bangko Sentral ng Pilipinas ,, Central bank policy rates - Philippines - Monthly - End of period,1997-06,15,A,F,
M,PH,368,0,,"From Jan 1986 onwards: Official market intervention representative rate, liquidity providing.",4,Bangko Sentral ng Pilipinas ,, Central bank policy rates - Philippines - Monthly - End of period,1997-07,20,A,F,
M,PH,368,0,,"From Jan 1986 onwards: Official market intervention representative rate, liquidity providing.",4,Bangko Sentral ng Pilipinas ,, Central bank policy rates - Philippines - Monthly - End of period,1997-08,12,A,F,
M,PH,368,0,,"From Jan 1986 onwards: Official market intervention representative rate, liquidity providing.",4,Bangko Sentral ng Pilipinas ,, Central bank policy rates - Philippines - Monthly - End of period,1997-09,12,A,F,
M,PH,368,0,,"From Jan 1986 onwards: Official market intervention representative rate, liquidity providing.",4,Bangko Sentral ng Pilipinas ,, Central bank policy rates - Philippines - Monthly - End of period,1997-10,12,A,F,
M,PH,368,0,,"From Jan 1986 onwards: Official market intervention representative rate, liquidity providing.",4,Bangko Sentral ng Pilipinas ,, Central bank policy rates - Philippines - Monthly - End of period,1997-11,12,A,F,
M,PH,368,0,,"From Jan 1986 onwards: Official market intervention representative rate, liquidity providing.",4,Bangko Sentral ng Pilipinas ,, Central bank policy rates - Philippines - Monthly - End of period,1997-12,11,A,F,
M,PH,368,0,,"From Jan 1986 onwards: Official market intervention representative rate, liquidity providing.",4,Bangko Sentral ng Pilipinas ,, Central bank policy rates - Philippines - Monthly - End of period,1998-01,14,A,F,
M,PH,368,0,,"From Jan 1986 onwards: Official market intervention representative rate, liquidity providing.",4,Bangko Sentral ng Pilipinas ,, Central bank policy rates - Philippines - Monthly - End of period,1998-02,13,A,F,
M,PH,368,0,,"From Jan 1986 onwards: Official market intervention representative rate, liquidity providing.",4,Bangko Sentral ng Pilipinas ,, Central bank policy rates - Philippines - Monthly - End of period,1998-03,13,A,F,
M,PH,368,0,,"From Jan 1986 onwards: Official market intervention representative rate, liquidity providing.",4,Bangko Sentral ng Pilipinas ,, Central bank policy rates - Philippines - Monthly - End of period,1998-04,13.5,A,F,
M,PH,368,0,,"From Jan 1986 onwards: Official market intervention representative rate, liquidity providing.",4,Bangko Sentral ng Pilipinas ,, Central bank policy rates - Philippines - Monthly - End of period,1998-05,13.125,A,F,
M,PH,368,0,,"From Jan 1986 onwards: Official market intervention representative rate, liquidity providing.",4,Bangko Sentral ng Pilipinas ,, Central bank policy rates - Philippines - Monthly - End of period,1998-06,13.125,A,F,
M,PH,368,0,,"From Jan 1986 onwards: Official market intervention representative rate, liquidity providing.",4,Bangko Sentral ng Pilipinas ,, Central bank policy rates - Philippines - Monthly - End of period,1998-07,13,A,F,
M,PH,368,0,,"From Jan 1986 onwards: Official market intervention representative rate, liquidity providing.",4,Bangko Sentral ng Pilipinas ,, Central bank policy rates - Philippines - Monthly - End of period,1998-08,16,A,F,
M,PH,368,0,,"From Jan 1986 onwards: Official market intervention representative rate, liquidity providing.",4,Bangko Sentral ng Pilipinas ,, Central bank policy rates - Philippines - Monthly - End of period,1998-09,16,A,F,
M,PH,368,0,,"From Jan 1986 onwards: Official market intervention representative rate, liquidity providing.",4,Bangko Sentral ng Pilipinas ,, Central bank policy rates - Philippines - Monthly - End of period,1998-10,13.75,A,F,
M,PH,368,0,,"From Jan 1986 onwards: Official market intervention representative rate, liquidity providing.",4,Bangko Sentral ng Pilipinas ,, Central bank policy rates - Philippines - Monthly - End of period,1998-11,13.5,A,F,
M,PH,368,0,,"From Jan 1986 onwards: Official market intervention representative rate, liquidity providing.",4,Bangko Sentral ng Pilipinas ,, Central bank policy rates - Philippines - Monthly - End of period,1998-12,13.375,A,F,
M,PH,368,0,,"From Jan 1986 onwards: Official market intervention representative rate, liquidity providing.",4,Bangko Sentral ng Pilipinas ,, Central bank policy rates - Philippines - Monthly - End of period,1999-01,12.875,A,F,
M,PH,368,0,,"From Jan 1986 onwards: Official market intervention representative rate, liquidity providing.",4,Bangko Sentral ng Pilipinas ,, Central bank policy rates - Philippines - Monthly - End of period,1999-02,12.5,A,F,
M,PH,368,0,,"From Jan 1986 onwards: Official market intervention representative rate, liquidity providing.",4,Bangko Sentral ng Pilipinas ,, Central bank policy rates - Philippines - Monthly - End of period,1999-03,11.875,A,F,
M,PH,368,0,,"From Jan 1986 onwards: Official market intervention representative rate, liquidity providing.",4,Bangko Sentral ng Pilipinas ,, Central bank policy rates - Philippines - Monthly - End of period,1999-04,10.375,A,F,
M,PH,368,0,,"From Jan 1986 onwards: Official market intervention representative rate, liquidity providing.",4,Bangko Sentral ng Pilipinas ,, Central bank policy rates - Philippines - Monthly - End of period,1999-05,9.875,A,F,
M,PH,368,0,,"From Jan 1986 onwards: Official market intervention representative rate, liquidity providing.",4,Bangko Sentral ng Pilipinas ,, Central bank policy rates - Philippines - Monthly - End of period,1999-06,9.125,A,F,
M,PH,368,0,,"From Jan 1986 onwards: Official market intervention representative rate, liquidity providing.",4,Bangko Sentral ng Pilipinas ,, Central bank policy rates - Philippines - Monthly - End of period,1999-07,9,A,F,
M,PH,368,0,,"From Jan 1986 onwards: Official market intervention representative rate, liquidity providing.",4,Bangko Sentral ng Pilipinas ,, Central bank policy rates - Philippines - Monthly - End of period,1999-08,9,A,F,
M,PH,368,0,,"From Jan 1986 onwards: Official market intervention representative rate, liquidity providing.",4,Bangko Sentral ng Pilipinas ,, Central bank policy rates - Philippines - Monthly - End of period,1999-09,9,A,F,
M,PH,368,0,,"From Jan 1986 onwards: Official market intervention representative rate, liquidity providing.",4,Bangko Sentral ng Pilipinas ,, Central bank policy rates - Philippines - Monthly - End of period,1999-10,9,A,F,
M,PH,368,0,,"From Jan 1986 onwards: Official market intervention representative rate, liquidity providing.",4,Bangko Sentral ng Pilipinas ,, Central bank policy rates - Philippines - Monthly - End of period,1999-11,8.75,A,F,
M,PH,368,0,,"From Jan 1986 onwards: Official market intervention representative rate, liquidity providing.",4,Bangko Sentral ng Pilipinas ,, Central bank policy rates - Philippines - Monthly - End of period,1999-12,8.75,A,F,
M,PH,368,0,,"From Jan 1986 onwards: Official market intervention representative rate, liquidity providing.",4,Bangko Sentral ng Pilipinas ,, Central bank policy rates - Philippines - Monthly - End of period,2000-01,8.75,A,F,
M,PH,368,0,,"From Jan 1986 onwards: Official market intervention representative rate, liquidity providing.",4,Bangko Sentral ng Pilipinas ,, Central bank policy rates - Philippines - Monthly - End of period,2000-02,8.75,A,F,
M,PH,368,0,,"From Jan 1986 onwards: Official market intervention representative rate, liquidity providing.",4,Bangko Sentral ng Pilipinas ,, Central bank policy rates - Philippines - Monthly - End of period,2000-03,8.75,A,F,
M,PH,368,0,,"From Jan 1986 onwards: Official market intervention representative rate, liquidity providing.",4,Bangko Sentral ng Pilipinas ,, Central bank policy rates - Philippines - Monthly - End of period,2000-04,8.75,A,F,
M,PH,368,0,,"From Jan 1986 onwards: Official market intervention representative rate, liquidity providing.",4,Bangko Sentral ng Pilipinas ,, Central bank policy rates - Philippines - Monthly - End of period,2000-05,10,A,F,
M,PH,368,0,,"From Jan 1986 onwards: Official market intervention representative rate, liquidity providing.",4,Bangko Sentral ng Pilipinas ,, Central bank policy rates - Philippines - Monthly - End of period,2000-06,10,A,F,
M,PH,368,0,,"From Jan 1986 onwards: Official market intervention representative rate, liquidity providing.",4,Bangko Sentral ng Pilipinas ,, Central bank policy rates - Philippines - Monthly - End of period,2000-07,10,A,F,
M,PH,368,0,,"From Jan 1986 onwards: Official market intervention representative rate, liquidity providing.",4,Bangko Sentral ng Pilipinas ,, Central bank policy rates - Philippines - Monthly - End of period,2000-08,10,A,F,
M,PH,368,0,,"From Jan 1986 onwards: Official market intervention representative rate, liquidity providing.",4,Bangko Sentral ng Pilipinas ,, Central bank policy rates - Philippines - Monthly - End of period,2000-09,11,A,F,
M,PH,368,0,,"From Jan 1986 onwards: Official market intervention representative rate, liquidity providing.",4,Bangko Sentral ng Pilipinas ,, Central bank policy rates - Philippines - Monthly - End of period,2000-10,15,A,F,
M,PH,368,0,,"From Jan 1986 onwards: Official market intervention representative rate, liquidity providing.",4,Bangko Sentral ng Pilipinas ,, Central bank policy rates - Philippines - Monthly - End of period,2000-11,15,A,F,
M,PH,368,0,,"From Jan 1986 onwards: Official market intervention representative rate, liquidity providing.",4,Bangko Sentral ng Pilipinas ,, Central bank policy rates - Philippines - Monthly - End of period,2000-12,13.5,A,F,
M,PH,368,0,,"From Jan 1986 onwards: Official market intervention representative rate, liquidity providing.",4,Bangko Sentral ng Pilipinas ,, Central bank policy rates - Philippines - Monthly - End of period,2001-01,12,A,F,
M,PH,368,0,,"From Jan 1986 onwards: Official market intervention representative rate, liquidity providing.",4,Bangko Sentral ng Pilipinas ,, Central bank policy rates - Philippines - Monthly - End of period,2001-02,11,A,F,
M,PH,368,0,,"From Jan 1986 onwards: Official market intervention representative rate, liquidity providing.",4,Bangko Sentral ng Pilipinas ,, Central bank policy rates - Philippines - Monthly - End of period,2001-03,10,A,F,
M,PH,368,0,,"From Jan 1986 onwards: Official market intervention representative rate, liquidity providing.",4,Bangko Sentral ng Pilipinas ,, Central bank policy rates - Philippines - Monthly - End of period,2001-04,9.5,A,F,
M,PH,368,0,,"From Jan 1986 onwards: Official market intervention representative rate, liquidity providing.",4,Bangko Sentral ng Pilipinas ,, Central bank policy rates - Philippines - Monthly - End of period,2001-05,9,A,F,
M,PH,368,0,,"From Jan 1986 onwards: Official market intervention representative rate, liquidity providing.",4,Bangko Sentral ng Pilipinas ,, Central bank policy rates - Philippines - Monthly - End of period,2001-06,9,A,F,
M,PH,368,0,,"From Jan 1986 onwards: Official market intervention representative rate, liquidity providing.",4,Bangko Sentral ng Pilipinas ,, Central bank policy rates - Philippines - Monthly - End of period,2001-07,9,A,F,
M,PH,368,0,,"From Jan 1986 onwards: Official market intervention representative rate, liquidity providing.",4,Bangko Sentral ng Pilipinas ,, Central bank policy rates - Philippines - Monthly - End of period,2001-08,9,A,F,
M,PH,368,0,,"From Jan 1986 onwards: Official market intervention representative rate, liquidity providing.",4,Bangko Sentral ng Pilipinas ,, Central bank policy rates - Philippines - Monthly - End of period,2001-09,9,A,F,
M,PH,368,0,,"From Jan 1986 onwards: Official market intervention representative rate, liquidity providing.",4,Bangko Sentral ng Pilipinas ,, Central bank policy rates - Philippines - Monthly - End of period,2001-10,8.75,A,F,
M,PH,368,0,,"From Jan 1986 onwards: Official market intervention representative rate, liquidity providing.",4,Bangko Sentral ng Pilipinas ,, Central bank policy rates - Philippines - Monthly - End of period,2001-11,8.25,A,F,
M,PH,368,0,,"From Jan 1986 onwards: Official market intervention representative rate, liquidity providing.",4,Bangko Sentral ng Pilipinas ,, Central bank policy rates - Philippines - Monthly - End of period,2001-12,7.75,A,F,
M,PH,368,0,,"From Jan 1986 onwards: Official market intervention representative rate, liquidity providing.",4,Bangko Sentral ng Pilipinas ,, Central bank policy rates - Philippines - Monthly - End of period,2002-01,7.5,A,F,
M,PH,368,0,,"From Jan 1986 onwards: Official market intervention representative rate, liquidity providing.",4,Bangko Sentral ng Pilipinas ,, Central bank policy rates - Philippines - Monthly - End of period,2002-02,7.25,A,F,
M,PH,368,0,,"From Jan 1986 onwards: Official market intervention representative rate, liquidity providing.",4,Bangko Sentral ng Pilipinas ,, Central bank policy rates - Philippines - Monthly - End of period,2002-03,7,A,F,
M,PH,368,0,,"From Jan 1986 onwards: Official market intervention representative rate, liquidity providing.",4,Bangko Sentral ng Pilipinas ,, Central bank policy rates - Philippines - Monthly - End of period,2002-04,7,A,F,
M,PH,368,0,,"From Jan 1986 onwards: Official market intervention representative rate, liquidity providing.",4,Bangko Sentral ng Pilipinas ,, Central bank policy rates - Philippines - Monthly - End of period,2002-05,7,A,F,
M,PH,368,0,,"From Jan 1986 onwards: Official market intervention representative rate, liquidity providing.",4,Bangko Sentral ng Pilipinas ,, Central bank policy rates - Philippines - Monthly - End of period,2002-06,7,A,F,
M,PH,368,0,,"From Jan 1986 onwards: Official market intervention representative rate, liquidity providing.",4,Bangko Sentral ng Pilipinas ,, Central bank policy rates - Philippines - Monthly - End of period,2002-07,7,A,F,
M,PH,368,0,,"From Jan 1986 onwards: Official market intervention representative rate, liquidity providing.",4,Bangko Sentral ng Pilipinas ,, Central bank policy rates - Philippines - Monthly - End of period,2002-08,7,A,F,
M,PH,368,0,,"From Jan 1986 onwards: Official market intervention representative rate, liquidity providing.",4,Bangko Sentral ng Pilipinas ,, Central bank policy rates - Philippines - Monthly - End of period,2002-09,7,A,F,
M,PH,368,0,,"From Jan 1986 onwards: Official market intervention representative rate, liquidity providing.",4,Bangko Sentral ng Pilipinas ,, Central bank policy rates - Philippines - Monthly - End of period,2002-10,7,A,F,
M,PH,368,0,,"From Jan 1986 onwards: Official market intervention representative rate, liquidity providing.",4,Bangko Sentral ng Pilipinas ,, Central bank policy rates - Philippines - Monthly - End of period,2002-11,7,A,F,
M,PH,368,0,,"From Jan 1986 onwards: Official market intervention representative rate, liquidity providing.",4,Bangko Sentral ng Pilipinas ,, Central bank policy rates - Philippines - Monthly - End of period,2002-12,7,A,F,
M,PH,368,0,,"From Jan 1986 onwards: Official market intervention representative rate, liquidity providing.",4,Bangko Sentral ng Pilipinas ,, Central bank policy rates - Philippines - Monthly - End of period,2003-01,7,A,F,
M,PH,368,0,,"From Jan 1986 onwards: Official market intervention representative rate, liquidity providing.",4,Bangko Sentral ng Pilipinas ,, Central bank policy rates - Philippines - Monthly - End of period,2003-02,7,A,F,
M,PH,368,0,,"From Jan 1986 onwards: Official market intervention representative rate, liquidity providing.",4,Bangko Sentral ng Pilipinas ,, Central bank policy rates - Philippines - Monthly - End of period,2003-03,7,A,F,
M,PH,368,0,,"From Jan 1986 onwards: Official market intervention representative rate, liquidity providing.",4,Bangko Sentral ng Pilipinas ,, Central bank policy rates - Philippines - Monthly - End of period,2003-04,7,A,F,
M,PH,368,0,,"From Jan 1986 onwards: Official market intervention representative rate, liquidity providing.",4,Bangko Sentral ng Pilipinas ,, Central bank policy rates - Philippines - Monthly - End of period,2003-05,7,A,F,
M,PH,368,0,,"From Jan 1986 onwards: Official market intervention representative rate, liquidity providing.",4,Bangko Sentral ng Pilipinas ,, Central bank policy rates - Philippines - Monthly - End of period,2003-06,7,A,F,
M,PH,368,0,,"From Jan 1986 onwards: Official market intervention representative rate, liquidity providing.",4,Bangko Sentral ng Pilipinas ,, Central bank policy rates - Philippines - Monthly - End of period,2003-07,6.75,A,F,
M,PH,368,0,,"From Jan 1986 onwards: Official market intervention representative rate, liquidity providing.",4,Bangko Sentral ng Pilipinas ,, Central bank policy rates - Philippines - Monthly - End of period,2003-08,6.75,A,F,
M,PH,368,0,,"From Jan 1986 onwards: Official market intervention representative rate, liquidity providing.",4,Bangko Sentral ng Pilipinas ,, Central bank policy rates - Philippines - Monthly - End of period,2003-09,6.75,A,F,
M,PH,368,0,,"From Jan 1986 onwards: Official market intervention representative rate, liquidity providing.",4,Bangko Sentral ng Pilipinas ,, Central bank policy rates - Philippines - Monthly - End of period,2003-10,6.75,A,F,
M,PH,368,0,,"From Jan 1986 onwards: Official market intervention representative rate, liquidity providing.",4,Bangko Sentral ng Pilipinas ,, Central bank policy rates - Philippines - Monthly - End of period,2003-11,6.75,A,F,
M,PH,368,0,,"From Jan 1986 onwards: Official market intervention representative rate, liquidity providing.",4,Bangko Sentral ng Pilipinas ,, Central bank policy rates - Philippines - Monthly - End of period,2003-12,6.75,A,F,
M,PH,368,0,,"From Jan 1986 onwards: Official market intervention representative rate, liquidity providing.",4,Bangko Sentral ng Pilipinas ,, Central bank policy rates - Philippines - Monthly - End of period,2004-01,6.75,A,F,
M,PH,368,0,,"From Jan 1986 onwards: Official market intervention representative rate, liquidity providing.",4,Bangko Sentral ng Pilipinas ,, Central bank policy rates - Philippines - Monthly - End of period,2004-02,6.75,A,F,
M,PH,368,0,,"From Jan 1986 onwards: Official market intervention representative rate, liquidity providing.",4,Bangko Sentral ng Pilipinas ,, Central bank policy rates - Philippines - Monthly - End of period,2004-03,6.75,A,F,
M,PH,368,0,,"From Jan 1986 onwards: Official market intervention representative rate, liquidity providing.",4,Bangko Sentral ng Pilipinas ,, Central bank policy rates - Philippines - Monthly - End of period,2004-04,6.75,A,F,
M,PH,368,0,,"From Jan 1986 onwards: Official market intervention representative rate, liquidity providing.",4,Bangko Sentral ng Pilipinas ,, Central bank policy rates - Philippines - Monthly - End of period,2004-05,6.75,A,F,
M,PH,368,0,,"From Jan 1986 onwards: Official market intervention representative rate, liquidity providing.",4,Bangko Sentral ng Pilipinas ,, Central bank policy rates - Philippines - Monthly - End of period,2004-06,6.75,A,F,
M,PH,368,0,,"From Jan 1986 onwards: Official market intervention representative rate, liquidity providing.",4,Bangko Sentral ng Pilipinas ,, Central bank policy rates - Philippines - Monthly - End of period,2004-07,6.75,A,F,
M,PH,368,0,,"From Jan 1986 onwards: Official market intervention representative rate, liquidity providing.",4,Bangko Sentral ng Pilipinas ,, Central bank policy rates - Philippines - Monthly - End of period,2004-08,6.75,A,F,
M,PH,368,0,,"From Jan 1986 onwards: Official market intervention representative rate, liquidity providing.",4,Bangko Sentral ng Pilipinas ,, Central bank policy rates - Philippines - Monthly - End of period,2004-09,6.75,A,F,
M,PH,368,0,,"From Jan 1986 onwards: Official market intervention representative rate, liquidity providing.",4,Bangko Sentral ng Pilipinas ,, Central bank policy rates - Philippines - Monthly - End of period,2004-10,6.75,A,F,
M,PH,368,0,,"From Jan 1986 onwards: Official market intervention representative rate, liquidity providing.",4,Bangko Sentral ng Pilipinas ,, Central bank policy rates - Philippines - Monthly - End of period,2004-11,6.75,A,F,
M,PH,368,0,,"From Jan 1986 onwards: Official market intervention representative rate, liquidity providing.",4,Bangko Sentral ng Pilipinas ,, Central bank policy rates - Philippines - Monthly - End of period,2004-12,6.75,A,F,
M,PH,368,0,,"From Jan 1986 onwards: Official market intervention representative rate, liquidity providing.",4,Bangko Sentral ng Pilipinas ,, Central bank policy rates - Philippines - Monthly - End of period,2005-01,6.75,A,F,
M,PH,368,0,,"From Jan 1986 onwards: Official market intervention representative rate, liquidity providing.",4,Bangko Sentral ng Pilipinas ,, Central bank policy rates - Philippines - Monthly - End of period,2005-02,6.75,A,F,
M,PH,368,0,,"From Jan 1986 onwards: Official market intervention representative rate, liquidity providing.",4,Bangko Sentral ng Pilipinas ,, Central bank policy rates - Philippines - Monthly - End of period,2005-03,6.75,A,F,
M,PH,368,0,,"From Jan 1986 onwards: Official market intervention representative rate, liquidity providing.",4,Bangko Sentral ng Pilipinas ,, Central bank policy rates - Philippines - Monthly - End of period,2005-04,7,A,F,
M,PH,368,0,,"From Jan 1986 onwards: Official market intervention representative rate, liquidity providing.",4,Bangko Sentral ng Pilipinas ,, Central bank policy rates - Philippines - Monthly - End of period,2005-05,7,A,F,
M,PH,368,0,,"From Jan 1986 onwards: Official market intervention representative rate, liquidity providing.",4,Bangko Sentral ng Pilipinas ,, Central bank policy rates - Philippines - Monthly - End of period,2005-06,7,A,F,
M,PH,368,0,,"From Jan 1986 onwards: Official market intervention representative rate, liquidity providing.",4,Bangko Sentral ng Pilipinas ,, Central bank policy rates - Philippines - Monthly - End of period,2005-07,7,A,F,
M,PH,368,0,,"From Jan 1986 onwards: Official market intervention representative rate, liquidity providing.",4,Bangko Sentral ng Pilipinas ,, Central bank policy rates - Philippines - Monthly - End of period,2005-08,7,A,F,
M,PH,368,0,,"From Jan 1986 onwards: Official market intervention representative rate, liquidity providing.",4,Bangko Sentral ng Pilipinas ,, Central bank policy rates - Philippines - Monthly - End of period,2005-09,7.25,A,F,
M,PH,368,0,,"From Jan 1986 onwards: Official market intervention representative rate, liquidity providing.",4,Bangko Sentral ng Pilipinas ,, Central bank policy rates - Philippines - Monthly - End of period,2005-10,7.5,A,F,
M,PH,368,0,,"From Jan 1986 onwards: Official market intervention representative rate, liquidity providing.",4,Bangko Sentral ng Pilipinas ,, Central bank policy rates - Philippines - Monthly - End of period,2005-11,7.5,A,F,
M,PH,368,0,,"From Jan 1986 onwards: Official market intervention representative rate, liquidity providing.",4,Bangko Sentral ng Pilipinas ,, Central bank policy rates - Philippines - Monthly - End of period,2005-12,7.5,A,F,
M,PH,368,0,,"From Jan 1986 onwards: Official market intervention representative rate, liquidity providing.",4,Bangko Sentral ng Pilipinas ,, Central bank policy rates - Philippines - Monthly - End of period,2006-01,7.5,A,F,
M,PH,368,0,,"From Jan 1986 onwards: Official market intervention representative rate, liquidity providing.",4,Bangko Sentral ng Pilipinas ,, Central bank policy rates - Philippines - Monthly - End of period,2006-02,7.5,A,F,
M,PH,368,0,,"From Jan 1986 onwards: Official market intervention representative rate, liquidity providing.",4,Bangko Sentral ng Pilipinas ,, Central bank policy rates - Philippines - Monthly - End of period,2006-03,7.5,A,F,
M,PH,368,0,,"From Jan 1986 onwards: Official market intervention representative rate, liquidity providing.",4,Bangko Sentral ng Pilipinas ,, Central bank policy rates - Philippines - Monthly - End of period,2006-04,7.5,A,F,
M,PH,368,0,,"From Jan 1986 onwards: Official market intervention representative rate, liquidity providing.",4,Bangko Sentral ng Pilipinas ,, Central bank policy rates - Philippines - Monthly - End of period,2006-05,7.5,A,F,
M,PH,368,0,,"From Jan 1986 onwards: Official market intervention representative rate, liquidity providing.",4,Bangko Sentral ng Pilipinas ,, Central bank policy rates - Philippines - Monthly - End of period,2006-06,7.5,A,F,
M,PH,368,0,,"From Jan 1986 onwards: Official market intervention representative rate, liquidity providing.",4,Bangko Sentral ng Pilipinas ,, Central bank policy rates - Philippines - Monthly - End of period,2006-07,7.5,A,F,
M,PH,368,0,,"From Jan 1986 onwards: Official market intervention representative rate, liquidity providing.",4,Bangko Sentral ng Pilipinas ,, Central bank policy rates - Philippines - Monthly - End of period,2006-08,7.5,A,F,
M,PH,368,0,,"From Jan 1986 onwards: Official market intervention representative rate, liquidity providing.",4,Bangko Sentral ng Pilipinas ,, Central bank policy rates - Philippines - Monthly - End of period,2006-09,7.5,A,F,
M,PH,368,0,,"From Jan 1986 onwards: Official market intervention representative rate, liquidity providing.",4,Bangko Sentral ng Pilipinas ,, Central bank policy rates - Philippines - Monthly - End of period,2006-10,7.5,A,F,
M,PH,368,0,,"From Jan 1986 onwards: Official market intervention representative rate, liquidity providing.",4,Bangko Sentral ng Pilipinas ,, Central bank policy rates - Philippines - Monthly - End of period,2006-11,7.5,A,F,
M,PH,368,0,,"From Jan 1986 onwards: Official market intervention representative rate, liquidity providing.",4,Bangko Sentral ng Pilipinas ,, Central bank policy rates - Philippines - Monthly - End of period,2006-12,7.5,A,F,
M,PH,368,0,,"From Jan 1986 onwards: Official market intervention representative rate, liquidity providing.",4,Bangko Sentral ng Pilipinas ,, Central bank policy rates - Philippines - Monthly - End of period,2007-01,7.5,A,F,
M,PH,368,0,,"From Jan 1986 onwards: Official market intervention representative rate, liquidity providing.",4,Bangko Sentral ng Pilipinas ,, Central bank policy rates - Philippines - Monthly - End of period,2007-02,7.5,A,F,
M,PH,368,0,,"From Jan 1986 onwards: Official market intervention representative rate, liquidity providing.",4,Bangko Sentral ng Pilipinas ,, Central bank policy rates - Philippines - Monthly - End of period,2007-03,7.5,A,F,
M,PH,368,0,,"From Jan 1986 onwards: Official market intervention representative rate, liquidity providing.",4,Bangko Sentral ng Pilipinas ,, Central bank policy rates - Philippines - Monthly - End of period,2007-04,7.5,A,F,
M,PH,368,0,,"From Jan 1986 onwards: Official market intervention representative rate, liquidity providing.",4,Bangko Sentral ng Pilipinas ,, Central bank policy rates - Philippines - Monthly - End of period,2007-05,7.5,A,F,
M,PH,368,0,,"From Jan 1986 onwards: Official market intervention representative rate, liquidity providing.",4,Bangko Sentral ng Pilipinas ,, Central bank policy rates - Philippines - Monthly - End of period,2007-06,7.5,A,F,
M,PH,368,0,,"From Jan 1986 onwards: Official market intervention representative rate, liquidity providing.",4,Bangko Sentral ng Pilipinas ,, Central bank policy rates - Philippines - Monthly - End of period,2007-07,6,A,F,
M,PH,368,0,,"From Jan 1986 onwards: Official market intervention representative rate, liquidity providing.",4,Bangko Sentral ng Pilipinas ,, Central bank policy rates - Philippines - Monthly - End of period,2007-08,6,A,F,
M,PH,368,0,,"From Jan 1986 onwards: Official market intervention representative rate, liquidity providing.",4,Bangko Sentral ng Pilipinas ,, Central bank policy rates - Philippines - Monthly - End of period,2007-09,6,A,F,
M,PH,368,0,,"From Jan 1986 onwards: Official market intervention representative rate, liquidity providing.",4,Bangko Sentral ng Pilipinas ,, Central bank policy rates - Philippines - Monthly - End of period,2007-10,5.75,A,F,
M,PH,368,0,,"From Jan 1986 onwards: Official market intervention representative rate, liquidity providing.",4,Bangko Sentral ng Pilipinas ,, Central bank policy rates - Philippines - Monthly - End of period,2007-11,5.5,A,F,
M,PH,368,0,,"From Jan 1986 onwards: Official market intervention representative rate, liquidity providing.",4,Bangko Sentral ng Pilipinas ,, Central bank policy rates - Philippines - Monthly - End of period,2007-12,5.25,A,F,
M,PH,368,0,,"From Jan 1986 onwards: Official market intervention representative rate, liquidity providing.",4,Bangko Sentral ng Pilipinas ,, Central bank policy rates - Philippines - Monthly - End of period,2008-01,5,A,F,
M,PH,368,0,,"From Jan 1986 onwards: Official market intervention representative rate, liquidity providing.",4,Bangko Sentral ng Pilipinas ,, Central bank policy rates - Philippines - Monthly - End of period,2008-02,5,A,F,
M,PH,368,0,,"From Jan 1986 onwards: Official market intervention representative rate, liquidity providing.",4,Bangko Sentral ng Pilipinas ,, Central bank policy rates - Philippines - Monthly - End of period,2008-03,5,A,F,
M,PH,368,0,,"From Jan 1986 onwards: Official market intervention representative rate, liquidity providing.",4,Bangko Sentral ng Pilipinas ,, Central bank policy rates - Philippines - Monthly - End of period,2008-04,5,A,F,
M,PH,368,0,,"From Jan 1986 onwards: Official market intervention representative rate, liquidity providing.",4,Bangko Sentral ng Pilipinas ,, Central bank policy rates - Philippines - Monthly - End of period,2008-05,5,A,F,
M,PH,368,0,,"From Jan 1986 onwards: Official market intervention representative rate, liquidity providing.",4,Bangko Sentral ng Pilipinas ,, Central bank policy rates - Philippines - Monthly - End of period,2008-06,5.25,A,F,
M,PH,368,0,,"From Jan 1986 onwards: Official market intervention representative rate, liquidity providing.",4,Bangko Sentral ng Pilipinas ,, Central bank policy rates - Philippines - Monthly - End of period,2008-07,5.75,A,F,
M,PH,368,0,,"From Jan 1986 onwards: Official market intervention representative rate, liquidity providing.",4,Bangko Sentral ng Pilipinas ,, Central bank policy rates - Philippines - Monthly - End of period,2008-08,6,A,F,
M,PH,368,0,,"From Jan 1986 onwards: Official market intervention representative rate, liquidity providing.",4,Bangko Sentral ng Pilipinas ,, Central bank policy rates - Philippines - Monthly - End of period,2008-09,6,A,F,
M,PH,368,0,,"From Jan 1986 onwards: Official market intervention representative rate, liquidity providing.",4,Bangko Sentral ng Pilipinas ,, Central bank policy rates - Philippines - Monthly - End of period,2008-10,6,A,F,
M,PH,368,0,,"From Jan 1986 onwards: Official market intervention representative rate, liquidity providing.",4,Bangko Sentral ng Pilipinas ,, Central bank policy rates - Philippines - Monthly - End of period,2008-11,6,A,F,
M,PH,368,0,,"From Jan 1986 onwards: Official market intervention representative rate, liquidity providing.",4,Bangko Sentral ng Pilipinas ,, Central bank policy rates - Philippines - Monthly - End of period,2008-12,5.5,A,F,
M,PH,368,0,,"From Jan 1986 onwards: Official market intervention representative rate, liquidity providing.",4,Bangko Sentral ng Pilipinas ,, Central bank policy rates - Philippines - Monthly - End of period,2009-01,5,A,F,
M,PH,368,0,,"From Jan 1986 onwards: Official market intervention representative rate, liquidity providing.",4,Bangko Sentral ng Pilipinas ,, Central bank policy rates - Philippines - Monthly - End of period,2009-02,5,A,F,
M,PH,368,0,,"From Jan 1986 onwards: Official market intervention representative rate, liquidity providing.",4,Bangko Sentral ng Pilipinas ,, Central bank policy rates - Philippines - Monthly - End of period,2009-03,4.75,A,F,
M,PH,368,0,,"From Jan 1986 onwards: Official market intervention representative rate, liquidity providing.",4,Bangko Sentral ng Pilipinas ,, Central bank policy rates - Philippines - Monthly - End of period,2009-04,4.5,A,F,
M,PH,368,0,,"From Jan 1986 onwards: Official market intervention representative rate, liquidity providing.",4,Bangko Sentral ng Pilipinas ,, Central bank policy rates - Philippines - Monthly - End of period,2009-05,4.25,A,F,
M,PH,368,0,,"From Jan 1986 onwards: Official market intervention representative rate, liquidity providing.",4,Bangko Sentral ng Pilipinas ,, Central bank policy rates - Philippines - Monthly - End of period,2009-06,4.25,A,F,
M,PH,368,0,,"From Jan 1986 onwards: Official market intervention representative rate, liquidity providing.",4,Bangko Sentral ng Pilipinas ,, Central bank policy rates - Philippines - Monthly - End of period,2009-07,4,A,F,
M,PH,368,0,,"From Jan 1986 onwards: Official market intervention representative rate, liquidity providing.",4,Bangko Sentral ng Pilipinas ,, Central bank policy rates - Philippines - Monthly - End of period,2009-08,4,A,F,
M,PH,368,0,,"From Jan 1986 onwards: Official market intervention representative rate, liquidity providing.",4,Bangko Sentral ng Pilipinas ,, Central bank policy rates - Philippines - Monthly - End of period,2009-09,4,A,F,
M,PH,368,0,,"From Jan 1986 onwards: Official market intervention representative rate, liquidity providing.",4,Bangko Sentral ng Pilipinas ,, Central bank policy rates - Philippines - Monthly - End of period,2009-10,4,A,F,
M,PH,368,0,,"From Jan 1986 onwards: Official market intervention representative rate, liquidity providing.",4,Bangko Sentral ng Pilipinas ,, Central bank policy rates - Philippines - Monthly - End of period,2009-11,4,A,F,
M,PH,368,0,,"From Jan 1986 onwards: Official market intervention representative rate, liquidity providing.",4,Bangko Sentral ng Pilipinas ,, Central bank policy rates - Philippines - Monthly - End of period,2009-12,4,A,F,
M,PH,368,0,,"From Jan 1986 onwards: Official market intervention representative rate, liquidity providing.",4,Bangko Sentral ng Pilipinas ,, Central bank policy rates - Philippines - Monthly - End of period,2010-01,4,A,F,
M,PH,368,0,,"From Jan 1986 onwards: Official market intervention representative rate, liquidity providing.",4,Bangko Sentral ng Pilipinas ,, Central bank policy rates - Philippines - Monthly - End of period,2010-02,4,A,F,
M,PH,368,0,,"From Jan 1986 onwards: Official market intervention representative rate, liquidity providing.",4,Bangko Sentral ng Pilipinas ,, Central bank policy rates - Philippines - Monthly - End of period,2010-03,4,A,F,
M,PH,368,0,,"From Jan 1986 onwards: Official market intervention representative rate, liquidity providing.",4,Bangko Sentral ng Pilipinas ,, Central bank policy rates - Philippines - Monthly - End of period,2010-04,4,A,F,
M,PH,368,0,,"From Jan 1986 onwards: Official market intervention representative rate, liquidity providing.",4,Bangko Sentral ng Pilipinas ,, Central bank policy rates - Philippines - Monthly - End of period,2010-05,4,A,F,
M,PH,368,0,,"From Jan 1986 onwards: Official market intervention representative rate, liquidity providing.",4,Bangko Sentral ng Pilipinas ,, Central bank policy rates - Philippines - Monthly - End of period,2010-06,4,A,F,
M,PH,368,0,,"From Jan 1986 onwards: Official market intervention representative rate, liquidity providing.",4,Bangko Sentral ng Pilipinas ,, Central bank policy rates - Philippines - Monthly - End of period,2010-07,4,A,F,
M,PH,368,0,,"From Jan 1986 onwards: Official market intervention representative rate, liquidity providing.",4,Bangko Sentral ng Pilipinas ,, Central bank policy rates - Philippines - Monthly - End of period,2010-08,4,A,F,
M,PH,368,0,,"From Jan 1986 onwards: Official market intervention representative rate, liquidity providing.",4,Bangko Sentral ng Pilipinas ,, Central bank policy rates - Philippines - Monthly - End of period,2010-09,4,A,F,
M,PH,368,0,,"From Jan 1986 onwards: Official market intervention representative rate, liquidity providing.",4,Bangko Sentral ng Pilipinas ,, Central bank policy rates - Philippines - Monthly - End of period,2010-10,4,A,F,
M,PH,368,0,,"From Jan 1986 onwards: Official market intervention representative rate, liquidity providing.",4,Bangko Sentral ng Pilipinas ,, Central bank policy rates - Philippines - Monthly - End of period,2010-11,4,A,F,
M,PH,368,0,,"From Jan 1986 onwards: Official market intervention representative rate, liquidity providing.",4,Bangko Sentral ng Pilipinas ,, Central bank policy rates - Philippines - Monthly - End of period,2010-12,4,A,F,
M,PH,368,0,,"From Jan 1986 onwards: Official market intervention representative rate, liquidity providing.",4,Bangko Sentral ng Pilipinas ,, Central bank policy rates - Philippines - Monthly - End of period,2011-01,4,A,F,
M,PH,368,0,,"From Jan 1986 onwards: Official market intervention representative rate, liquidity providing.",4,Bangko Sentral ng Pilipinas ,, Central bank policy rates - Philippines - Monthly - End of period,2011-02,4,A,F,
M,PH,368,0,,"From Jan 1986 onwards: Official market intervention representative rate, liquidity providing.",4,Bangko Sentral ng Pilipinas ,, Central bank policy rates - Philippines - Monthly - End of period,2011-03,4.25,A,F,
M,PH,368,0,,"From Jan 1986 onwards: Official market intervention representative rate, liquidity providing.",4,Bangko Sentral ng Pilipinas ,, Central bank policy rates - Philippines - Monthly - End of period,2011-04,4.25,A,F,
M,PH,368,0,,"From Jan 1986 onwards: Official market intervention representative rate, liquidity providing.",4,Bangko Sentral ng Pilipinas ,, Central bank policy rates - Philippines - Monthly - End of period,2011-05,4.5,A,F,
M,PH,368,0,,"From Jan 1986 onwards: Official market intervention representative rate, liquidity providing.",4,Bangko Sentral ng Pilipinas ,, Central bank policy rates - Philippines - Monthly - End of period,2011-06,4.5,A,F,
M,PH,368,0,,"From Jan 1986 onwards: Official market intervention representative rate, liquidity providing.",4,Bangko Sentral ng Pilipinas ,, Central bank policy rates - Philippines - Monthly - End of period,2011-07,4.5,A,F,
M,PH,368,0,,"From Jan 1986 onwards: Official market intervention representative rate, liquidity providing.",4,Bangko Sentral ng Pilipinas ,, Central bank policy rates - Philippines - Monthly - End of period,2011-08,4.5,A,F,
M,PH,368,0,,"From Jan 1986 onwards: Official market intervention representative rate, liquidity providing.",4,Bangko Sentral ng Pilipinas ,, Central bank policy rates - Philippines - Monthly - End of period,2011-09,4.5,A,F,
M,PH,368,0,,"From Jan 1986 onwards: Official market intervention representative rate, liquidity providing.",4,Bangko Sentral ng Pilipinas ,, Central bank policy rates - Philippines - Monthly - End of period,2011-10,4.5,A,F,
M,PH,368,0,,"From Jan 1986 onwards: Official market intervention representative rate, liquidity providing.",4,Bangko Sentral ng Pilipinas ,, Central bank policy rates - Philippines - Monthly - End of period,2011-11,4.5,A,F,
M,PH,368,0,,"From Jan 1986 onwards: Official market intervention representative rate, liquidity providing.",4,Bangko Sentral ng Pilipinas ,, Central bank policy rates - Philippines - Monthly - End of period,2011-12,4.5,A,F,
M,PH,368,0,,"From Jan 1986 onwards: Official market intervention representative rate, liquidity providing.",4,Bangko Sentral ng Pilipinas ,, Central bank policy rates - Philippines - Monthly - End of period,2012-01,4.25,A,F,
M,PH,368,0,,"From Jan 1986 onwards: Official market intervention representative rate, liquidity providing.",4,Bangko Sentral ng Pilipinas ,, Central bank policy rates - Philippines - Monthly - End of period,2012-02,4.25,A,F,
M,PH,368,0,,"From Jan 1986 onwards: Official market intervention representative rate, liquidity providing.",4,Bangko Sentral ng Pilipinas ,, Central bank policy rates - Philippines - Monthly - End of period,2012-03,4,A,F,
M,PH,368,0,,"From Jan 1986 onwards: Official market intervention representative rate, liquidity providing.",4,Bangko Sentral ng Pilipinas ,, Central bank policy rates - Philippines - Monthly - End of period,2012-04,4,A,F,
M,PH,368,0,,"From Jan 1986 onwards: Official market intervention representative rate, liquidity providing.",4,Bangko Sentral ng Pilipinas ,, Central bank policy rates - Philippines - Monthly - End of period,2012-05,4,A,F,
M,PH,368,0,,"From Jan 1986 onwards: Official market intervention representative rate, liquidity providing.",4,Bangko Sentral ng Pilipinas ,, Central bank policy rates - Philippines - Monthly - End of period,2012-06,4,A,F,
M,PH,368,0,,"From Jan 1986 onwards: Official market intervention representative rate, liquidity providing.",4,Bangko Sentral ng Pilipinas ,, Central bank policy rates - Philippines - Monthly - End of period,2012-07,3.75,A,F,
M,PH,368,0,,"From Jan 1986 onwards: Official market intervention representative rate, liquidity providing.",4,Bangko Sentral ng Pilipinas ,, Central bank policy rates - Philippines - Monthly - End of period,2012-08,3.75,A,F,
M,PH,368,0,,"From Jan 1986 onwards: Official market intervention representative rate, liquidity providing.",4,Bangko Sentral ng Pilipinas ,, Central bank policy rates - Philippines - Monthly - End of period,2012-09,3.75,A,F,
M,PH,368,0,,"From Jan 1986 onwards: Official market intervention representative rate, liquidity providing.",4,Bangko Sentral ng Pilipinas ,, Central bank policy rates - Philippines - Monthly - End of period,2012-10,3.5,A,F,
M,PH,368,0,,"From Jan 1986 onwards: Official market intervention representative rate, liquidity providing.",4,Bangko Sentral ng Pilipinas ,, Central bank policy rates - Philippines - Monthly - End of period,2012-11,3.5,A,F,
M,PH,368,0,,"From Jan 1986 onwards: Official market intervention representative rate, liquidity providing.",4,Bangko Sentral ng Pilipinas ,, Central bank policy rates - Philippines - Monthly - End of period,2012-12,3.5,A,F,
M,PH,368,0,,"From Jan 1986 onwards: Official market intervention representative rate, liquidity providing.",4,Bangko Sentral ng Pilipinas ,, Central bank policy rates - Philippines - Monthly - End of period,2013-01,3.5,A,F,
M,PH,368,0,,"From Jan 1986 onwards: Official market intervention representative rate, liquidity providing.",4,Bangko Sentral ng Pilipinas ,, Central bank policy rates - Philippines - Monthly - End of period,2013-02,3.5,A,F,
M,PH,368,0,,"From Jan 1986 onwards: Official market intervention representative rate, liquidity providing.",4,Bangko Sentral ng Pilipinas ,, Central bank policy rates - Philippines - Monthly - End of period,2013-03,3.5,A,F,
M,PH,368,0,,"From Jan 1986 onwards: Official market intervention representative rate, liquidity providing.",4,Bangko Sentral ng Pilipinas ,, Central bank policy rates - Philippines - Monthly - End of period,2013-04,3.5,A,F,
M,PH,368,0,,"From Jan 1986 onwards: Official market intervention representative rate, liquidity providing.",4,Bangko Sentral ng Pilipinas ,, Central bank policy rates - Philippines - Monthly - End of period,2013-05,3.5,A,F,
M,PH,368,0,,"From Jan 1986 onwards: Official market intervention representative rate, liquidity providing.",4,Bangko Sentral ng Pilipinas ,, Central bank policy rates - Philippines - Monthly - End of period,2013-06,3.5,A,F,
M,PH,368,0,,"From Jan 1986 onwards: Official market intervention representative rate, liquidity providing.",4,Bangko Sentral ng Pilipinas ,, Central bank policy rates - Philippines - Monthly - End of period,2013-07,3.5,A,F,
M,PH,368,0,,"From Jan 1986 onwards: Official market intervention representative rate, liquidity providing.",4,Bangko Sentral ng Pilipinas ,, Central bank policy rates - Philippines - Monthly - End of period,2013-08,3.5,A,F,
M,PH,368,0,,"From Jan 1986 onwards: Official market intervention representative rate, liquidity providing.",4,Bangko Sentral ng Pilipinas ,, Central bank policy rates - Philippines - Monthly - End of period,2013-09,3.5,A,F,
M,PH,368,0,,"From Jan 1986 onwards: Official market intervention representative rate, liquidity providing.",4,Bangko Sentral ng Pilipinas ,, Central bank policy rates - Philippines - Monthly - End of period,2013-10,3.5,A,F,
M,PH,368,0,,"From Jan 1986 onwards: Official market intervention representative rate, liquidity providing.",4,Bangko Sentral ng Pilipinas ,, Central bank policy rates - Philippines - Monthly - End of period,2013-11,3.5,A,F,
M,PH,368,0,,"From Jan 1986 onwards: Official market intervention representative rate, liquidity providing.",4,Bangko Sentral ng Pilipinas ,, Central bank policy rates - Philippines - Monthly - End of period,2013-12,3.5,A,F,
M,PH,368,0,,"From Jan 1986 onwards: Official market intervention representative rate, liquidity providing.",4,Bangko Sentral ng Pilipinas ,, Central bank policy rates - Philippines - Monthly - End of period,2014-01,3.5,A,F,
M,PH,368,0,,"From Jan 1986 onwards: Official market intervention representative rate, liquidity providing.",4,Bangko Sentral ng Pilipinas ,, Central bank policy rates - Philippines - Monthly - End of period,2014-02,3.5,A,F,
M,PH,368,0,,"From Jan 1986 onwards: Official market intervention representative rate, liquidity providing.",4,Bangko Sentral ng Pilipinas ,, Central bank policy rates - Philippines - Monthly - End of period,2014-03,3.5,A,F,
M,PH,368,0,,"From Jan 1986 onwards: Official market intervention representative rate, liquidity providing.",4,Bangko Sentral ng Pilipinas ,, Central bank policy rates - Philippines - Monthly - End of period,2014-04,3.5,A,F,
M,PH,368,0,,"From Jan 1986 onwards: Official market intervention representative rate, liquidity providing.",4,Bangko Sentral ng Pilipinas ,, Central bank policy rates - Philippines - Monthly - End of period,2014-05,3.5,A,F,
M,PH,368,0,,"From Jan 1986 onwards: Official market intervention representative rate, liquidity providing.",4,Bangko Sentral ng Pilipinas ,, Central bank policy rates - Philippines - Monthly - End of period,2014-06,3.5,A,F,
M,PH,368,0,,"From Jan 1986 onwards: Official market intervention representative rate, liquidity providing.",4,Bangko Sentral ng Pilipinas ,, Central bank policy rates - Philippines - Monthly - End of period,2014-07,3.75,A,F,
M,PH,368,0,,"From Jan 1986 onwards: Official market intervention representative rate, liquidity providing.",4,Bangko Sentral ng Pilipinas ,, Central bank policy rates - Philippines - Monthly - End of period,2014-08,3.75,A,F,
M,PH,368,0,,"From Jan 1986 onwards: Official market intervention representative rate, liquidity providing.",4,Bangko Sentral ng Pilipinas ,, Central bank policy rates - Philippines - Monthly - End of period,2014-09,4,A,F,
M,PH,368,0,,"From Jan 1986 onwards: Official market intervention representative rate, liquidity providing.",4,Bangko Sentral ng Pilipinas ,, Central bank policy rates - Philippines - Monthly - End of period,2014-10,4,A,F,
M,PH,368,0,,"From Jan 1986 onwards: Official market intervention representative rate, liquidity providing.",4,Bangko Sentral ng Pilipinas ,, Central bank policy rates - Philippines - Monthly - End of period,2014-11,4,A,F,
M,PH,368,0,,"From Jan 1986 onwards: Official market intervention representative rate, liquidity providing.",4,Bangko Sentral ng Pilipinas ,, Central bank policy rates - Philippines - Monthly - End of period,2014-12,4,A,F,
M,PH,368,0,,"From Jan 1986 onwards: Official market intervention representative rate, liquidity providing.",4,Bangko Sentral ng Pilipinas ,, Central bank policy rates - Philippines - Monthly - End of period,2015-01,4,A,F,
M,PH,368,0,,"From Jan 1986 onwards: Official market intervention representative rate, liquidity providing.",4,Bangko Sentral ng Pilipinas ,, Central bank policy rates - Philippines - Monthly - End of period,2015-02,4,A,F,
M,PH,368,0,,"From Jan 1986 onwards: Official market intervention representative rate, liquidity providing.",4,Bangko Sentral ng Pilipinas ,, Central bank policy rates - Philippines - Monthly - End of period,2015-03,4,A,F,
M,PH,368,0,,"From Jan 1986 onwards: Official market intervention representative rate, liquidity providing.",4,Bangko Sentral ng Pilipinas ,, Central bank policy rates - Philippines - Monthly - End of period,2015-04,4,A,F,
M,PH,368,0,,"From Jan 1986 onwards: Official market intervention representative rate, liquidity providing.",4,Bangko Sentral ng Pilipinas ,, Central bank policy rates - Philippines - Monthly - End of period,2015-05,4,A,F,
M,PH,368,0,,"From Jan 1986 onwards: Official market intervention representative rate, liquidity providing.",4,Bangko Sentral ng Pilipinas ,, Central bank policy rates - Philippines - Monthly - End of period,2015-06,4,A,F,
M,PH,368,0,,"From Jan 1986 onwards: Official market intervention representative rate, liquidity providing.",4,Bangko Sentral ng Pilipinas ,, Central bank policy rates - Philippines - Monthly - End of period,2015-07,4,A,F,
M,PH,368,0,,"From Jan 1986 onwards: Official market intervention representative rate, liquidity providing.",4,Bangko Sentral ng Pilipinas ,, Central bank policy rates - Philippines - Monthly - End of period,2015-08,4,A,F,
M,PH,368,0,,"From Jan 1986 onwards: Official market intervention representative rate, liquidity providing.",4,Bangko Sentral ng Pilipinas ,, Central bank policy rates - Philippines - Monthly - End of period,2015-09,4,A,F,
M,PH,368,0,,"From Jan 1986 onwards: Official market intervention representative rate, liquidity providing.",4,Bangko Sentral ng Pilipinas ,, Central bank policy rates - Philippines - Monthly - End of period,2015-10,4,A,F,
M,PH,368,0,,"From Jan 1986 onwards: Official market intervention representative rate, liquidity providing.",4,Bangko Sentral ng Pilipinas ,, Central bank policy rates - Philippines - Monthly - End of period,2015-11,4,A,F,
M,PH,368,0,,"From Jan 1986 onwards: Official market intervention representative rate, liquidity providing.",4,Bangko Sentral ng Pilipinas ,, Central bank policy rates - Philippines - Monthly - End of period,2015-12,4,A,F,
M,PH,368,0,,"From Jan 1986 onwards: Official market intervention representative rate, liquidity providing.",4,Bangko Sentral ng Pilipinas ,, Central bank policy rates - Philippines - Monthly - End of period,2016-01,4,A,F,
M,PH,368,0,,"From Jan 1986 onwards: Official market intervention representative rate, liquidity providing.",4,Bangko Sentral ng Pilipinas ,, Central bank policy rates - Philippines - Monthly - End of period,2016-02,4,A,F,
M,PH,368,0,,"From Jan 1986 onwards: Official market intervention representative rate, liquidity providing.",4,Bangko Sentral ng Pilipinas ,, Central bank policy rates - Philippines - Monthly - End of period,2016-03,4,A,F,
M,PH,368,0,,"From Jan 1986 onwards: Official market intervention representative rate, liquidity providing.",4,Bangko Sentral ng Pilipinas ,, Central bank policy rates - Philippines - Monthly - End of period,2016-04,4,A,F,
M,PH,368,0,,"From Jan 1986 onwards: Official market intervention representative rate, liquidity providing.",4,Bangko Sentral ng Pilipinas ,, Central bank policy rates - Philippines - Monthly - End of period,2016-05,4,A,F,
M,PH,368,0,,"From Jan 1986 onwards: Official market intervention representative rate, liquidity providing.",4,Bangko Sentral ng Pilipinas ,, Central bank policy rates - Philippines - Monthly - End of period,2016-06,3,A,F,
M,PH,368,0,,"From Jan 1986 onwards: Official market intervention representative rate, liquidity providing.",4,Bangko Sentral ng Pilipinas ,, Central bank policy rates - Philippines - Monthly - End of period,2016-07,3,A,F,
M,PH,368,0,,"From Jan 1986 onwards: Official market intervention representative rate, liquidity providing.",4,Bangko Sentral ng Pilipinas ,, Central bank policy rates - Philippines - Monthly - End of period,2016-08,3,A,F,
M,PH,368,0,,"From Jan 1986 onwards: Official market intervention representative rate, liquidity providing.",4,Bangko Sentral ng Pilipinas ,, Central bank policy rates - Philippines - Monthly - End of period,2016-09,3,A,F,
M,PH,368,0,,"From Jan 1986 onwards: Official market intervention representative rate, liquidity providing.",4,Bangko Sentral ng Pilipinas ,, Central bank policy rates - Philippines - Monthly - End of period,2016-10,3,A,F,
M,PH,368,0,,"From Jan 1986 onwards: Official market intervention representative rate, liquidity providing.",4,Bangko Sentral ng Pilipinas ,, Central bank policy rates - Philippines - Monthly - End of period,2016-11,3,A,F,
M,PH,368,0,,"From Jan 1986 onwards: Official market intervention representative rate, liquidity providing.",4,Bangko Sentral ng Pilipinas ,, Central bank policy rates - Philippines - Monthly - End of period,2016-12,3,A,F,
M,PH,368,0,,"From Jan 1986 onwards: Official market intervention representative rate, liquidity providing.",4,Bangko Sentral ng Pilipinas ,, Central bank policy rates - Philippines - Monthly - End of period,2017-01,3,A,F,
M,PH,368,0,,"From Jan 1986 onwards: Official market intervention representative rate, liquidity providing.",4,Bangko Sentral ng Pilipinas ,, Central bank policy rates - Philippines - Monthly - End of period,2017-02,3,A,F,
M,PH,368,0,,"From Jan 1986 onwards: Official market intervention representative rate, liquidity providing.",4,Bangko Sentral ng Pilipinas ,, Central bank policy rates - Philippines - Monthly - End of period,2017-03,3,A,F,
M,PH,368,0,,"From Jan 1986 onwards: Official market intervention representative rate, liquidity providing.",4,Bangko Sentral ng Pilipinas ,, Central bank policy rates - Philippines - Monthly - End of period,2017-04,3,A,F,
M,PH,368,0,,"From Jan 1986 onwards: Official market intervention representative rate, liquidity providing.",4,Bangko Sentral ng Pilipinas ,, Central bank policy rates - Philippines - Monthly - End of period,2017-05,3,A,F,
M,PH,368,0,,"From Jan 1986 onwards: Official market intervention representative rate, liquidity providing.",4,Bangko Sentral ng Pilipinas ,, Central bank policy rates - Philippines - Monthly - End of period,2017-06,3,A,F,
M,PH,368,0,,"From Jan 1986 onwards: Official market intervention representative rate, liquidity providing.",4,Bangko Sentral ng Pilipinas ,, Central bank policy rates - Philippines - Monthly - End of period,2017-07,3,A,F,
M,PH,368,0,,"From Jan 1986 onwards: Official market intervention representative rate, liquidity providing.",4,Bangko Sentral ng Pilipinas ,, Central bank policy rates - Philippines - Monthly - End of period,2017-08,3,A,F,
M,PH,368,0,,"From Jan 1986 onwards: Official market intervention representative rate, liquidity providing.",4,Bangko Sentral ng Pilipinas ,, Central bank policy rates - Philippines - Monthly - End of period,2017-09,3,A,F,
M,PH,368,0,,"From Jan 1986 onwards: Official market intervention representative rate, liquidity providing.",4,Bangko Sentral ng Pilipinas ,, Central bank policy rates - Philippines - Monthly - End of period,2017-10,3,A,F,
M,PH,368,0,,"From Jan 1986 onwards: Official market intervention representative rate, liquidity providing.",4,Bangko Sentral ng Pilipinas ,, Central bank policy rates - Philippines - Monthly - End of period,2017-11,3,A,F,
M,PH,368,0,,"From Jan 1986 onwards: Official market intervention representative rate, liquidity providing.",4,Bangko Sentral ng Pilipinas ,, Central bank policy rates - Philippines - Monthly - End of period,2017-12,3,A,F,
M,PH,368,0,,"From Jan 1986 onwards: Official market intervention representative rate, liquidity providing.",4,Bangko Sentral ng Pilipinas ,, Central bank policy rates - Philippines - Monthly - End of period,2018-01,3,A,F,
M,PH,368,0,,"From Jan 1986 onwards: Official market intervention representative rate, liquidity providing.",4,Bangko Sentral ng Pilipinas ,, Central bank policy rates - Philippines - Monthly - End of period,2018-02,3,A,F,
M,PH,368,0,,"From Jan 1986 onwards: Official market intervention representative rate, liquidity providing.",4,Bangko Sentral ng Pilipinas ,, Central bank policy rates - Philippines - Monthly - End of period,2018-03,3,A,F,
M,PH,368,0,,"From Jan 1986 onwards: Official market intervention representative rate, liquidity providing.",4,Bangko Sentral ng Pilipinas ,, Central bank policy rates - Philippines - Monthly - End of period,2018-04,3,A,F,
M,PH,368,0,,"From Jan 1986 onwards: Official market intervention representative rate, liquidity providing.",4,Bangko Sentral ng Pilipinas ,, Central bank policy rates - Philippines - Monthly - End of period,2018-05,3.25,A,F,
M,PH,368,0,,"From Jan 1986 onwards: Official market intervention representative rate, liquidity providing.",4,Bangko Sentral ng Pilipinas ,, Central bank policy rates - Philippines - Monthly - End of period,2018-06,3.5,A,F,
M,PH,368,0,,"From Jan 1986 onwards: Official market intervention representative rate, liquidity providing.",4,Bangko Sentral ng Pilipinas ,, Central bank policy rates - Philippines - Monthly - End of period,2018-07,3.5,A,F,
M,PH,368,0,,"From Jan 1986 onwards: Official market intervention representative rate, liquidity providing.",4,Bangko Sentral ng Pilipinas ,, Central bank policy rates - Philippines - Monthly - End of period,2018-08,4,A,F,
M,PH,368,0,,"From Jan 1986 onwards: Official market intervention representative rate, liquidity providing.",4,Bangko Sentral ng Pilipinas ,, Central bank policy rates - Philippines - Monthly - End of period,2018-09,4.5,A,F,
M,PH,368,0,,"From Jan 1986 onwards: Official market intervention representative rate, liquidity providing.",4,Bangko Sentral ng Pilipinas ,, Central bank policy rates - Philippines - Monthly - End of period,2018-10,4.5,A,F,
M,PH,368,0,,"From Jan 1986 onwards: Official market intervention representative rate, liquidity providing.",4,Bangko Sentral ng Pilipinas ,, Central bank policy rates - Philippines - Monthly - End of period,2018-11,4.75,A,F,
M,PH,368,0,,"From Jan 1986 onwards: Official market intervention representative rate, liquidity providing.",4,Bangko Sentral ng Pilipinas ,, Central bank policy rates - Philippines - Monthly - End of period,2018-12,4.75,A,F,
M,PH,368,0,,"From Jan 1986 onwards: Official market intervention representative rate, liquidity providing.",4,Bangko Sentral ng Pilipinas ,, Central bank policy rates - Philippines - Monthly - End of period,2019-01,4.75,A,F,
M,PH,368,0,,"From Jan 1986 onwards: Official market intervention representative rate, liquidity providing.",4,Bangko Sentral ng Pilipinas ,, Central bank policy rates - Philippines - Monthly - End of period,2019-02,4.75,A,F,
M,PH,368,0,,"From Jan 1986 onwards: Official market intervention representative rate, liquidity providing.",4,Bangko Sentral ng Pilipinas ,, Central bank policy rates - Philippines - Monthly - End of period,2019-03,4.75,A,F,
M,PH,368,0,,"From Jan 1986 onwards: Official market intervention representative rate, liquidity providing.",4,Bangko Sentral ng Pilipinas ,, Central bank policy rates - Philippines - Monthly - End of period,2019-04,4.75,A,F,
M,PH,368,0,,"From Jan 1986 onwards: Official market intervention representative rate, liquidity providing.",4,Bangko Sentral ng Pilipinas ,, Central bank policy rates - Philippines - Monthly - End of period,2019-05,4.5,A,F,
M,PH,368,0,,"From Jan 1986 onwards: Official market intervention representative rate, liquidity providing.",4,Bangko Sentral ng Pilipinas ,, Central bank policy rates - Philippines - Monthly - End of period,2019-06,4.5,A,F,
M,PH,368,0,,"From Jan 1986 onwards: Official market intervention representative rate, liquidity providing.",4,Bangko Sentral ng Pilipinas ,, Central bank policy rates - Philippines - Monthly - End of period,2019-07,4.5,A,F,
M,PH,368,0,,"From Jan 1986 onwards: Official market intervention representative rate, liquidity providing.",4,Bangko Sentral ng Pilipinas ,, Central bank policy rates - Philippines - Monthly - End of period,2019-08,4.25,A,F,
M,PH,368,0,,"From Jan 1986 onwards: Official market intervention representative rate, liquidity providing.",4,Bangko Sentral ng Pilipinas ,, Central bank policy rates - Philippines - Monthly - End of period,2019-09,4,A,F,
M,PH,368,0,,"From Jan 1986 onwards: Official market intervention representative rate, liquidity providing.",4,Bangko Sentral ng Pilipinas ,, Central bank policy rates - Philippines - Monthly - End of period,2019-10,4,A,F,
M,PH,368,0,,"From Jan 1986 onwards: Official market intervention representative rate, liquidity providing.",4,Bangko Sentral ng Pilipinas ,, Central bank policy rates - Philippines - Monthly - End of period,2019-11,4,A,F,
M,PH,368,0,,"From Jan 1986 onwards: Official market intervention representative rate, liquidity providing.",4,Bangko Sentral ng Pilipinas ,, Central bank policy rates - Philippines - Monthly - End of period,2019-12,4,A,F,
M,PH,368,0,,"From Jan 1986 onwards: Official market intervention representative rate, liquidity providing.",4,Bangko Sentral ng Pilipinas ,, Central bank policy rates - Philippines - Monthly - End of period,2020-01,4,A,F,
M,PH,368,0,,"From Jan 1986 onwards: Official market intervention representative rate, liquidity providing.",4,Bangko Sentral ng Pilipinas ,, Central bank policy rates - Philippines - Monthly - End of period,2020-02,3.75,A,F,
M,PH,368,0,,"From Jan 1986 onwards: Official market intervention representative rate, liquidity providing.",4,Bangko Sentral ng Pilipinas ,, Central bank policy rates - Philippines - Monthly - End of period,2020-03,3.25,A,F,
M,PH,368,0,,"From Jan 1986 onwards: Official market intervention representative rate, liquidity providing.",4,Bangko Sentral ng Pilipinas ,, Central bank policy rates - Philippines - Monthly - End of period,2020-04,2.75,A,F,
M,PH,368,0,,"From Jan 1986 onwards: Official market intervention representative rate, liquidity providing.",4,Bangko Sentral ng Pilipinas ,, Central bank policy rates - Philippines - Monthly - End of period,2020-05,2.75,A,F,
M,PH,368,0,,"From Jan 1986 onwards: Official market intervention representative rate, liquidity providing.",4,Bangko Sentral ng Pilipinas ,, Central bank policy rates - Philippines - Monthly - End of period,2020-06,2.25,A,F,
M,PH,368,0,,"From Jan 1986 onwards: Official market intervention representative rate, liquidity providing.",4,Bangko Sentral ng Pilipinas ,, Central bank policy rates - Philippines - Monthly - End of period,2020-07,2.25,A,F,
M,PH,368,0,,"From Jan 1986 onwards: Official market intervention representative rate, liquidity providing.",4,Bangko Sentral ng Pilipinas ,, Central bank policy rates - Philippines - Monthly - End of period,2020-08,2.25,A,F,
M,PH,368,0,,"From Jan 1986 onwards: Official market intervention representative rate, liquidity providing.",4,Bangko Sentral ng Pilipinas ,, Central bank policy rates - Philippines - Monthly - End of period,2020-09,2.25,A,F,
M,PH,368,0,,"From Jan 1986 onwards: Official market intervention representative rate, liquidity providing.",4,Bangko Sentral ng Pilipinas ,, Central bank policy rates - Philippines - Monthly - End of period,2020-10,2.25,A,F,
M,PH,368,0,,"From Jan 1986 onwards: Official market intervention representative rate, liquidity providing.",4,Bangko Sentral ng Pilipinas ,, Central bank policy rates - Philippines - Monthly - End of period,2020-11,2,A,F,
M,PH,368,0,,"From Jan 1986 onwards: Official market intervention representative rate, liquidity providing.",4,Bangko Sentral ng Pilipinas ,, Central bank policy rates - Philippines - Monthly - End of period,2020-12,2,A,F,
M,PH,368,0,,"From Jan 1986 onwards: Official market intervention representative rate, liquidity providing.",4,Bangko Sentral ng Pilipinas ,, Central bank policy rates - Philippines - Monthly - End of period,2021-01,2,A,F,
M,PH,368,0,,"From Jan 1986 onwards: Official market intervention representative rate, liquidity providing.",4,Bangko Sentral ng Pilipinas ,, Central bank policy rates - Philippines - Monthly - End of period,2021-02,2,A,F,
M,PH,368,0,,"From Jan 1986 onwards: Official market intervention representative rate, liquidity providing.",4,Bangko Sentral ng Pilipinas ,, Central bank policy rates - Philippines - Monthly - End of period,2021-03,2,A,F,
M,PH,368,0,,"From Jan 1986 onwards: Official market intervention representative rate, liquidity providing.",4,Bangko Sentral ng Pilipinas ,, Central bank policy rates - Philippines - Monthly - End of period,2021-04,2,A,F,
M,PH,368,0,,"From Jan 1986 onwards: Official market intervention representative rate, liquidity providing.",4,Bangko Sentral ng Pilipinas ,, Central bank policy rates - Philippines - Monthly - End of period,2021-05,2,A,F,
M,PH,368,0,,"From Jan 1986 onwards: Official market intervention representative rate, liquidity providing.",4,Bangko Sentral ng Pilipinas ,, Central bank policy rates - Philippines - Monthly - End of period,2021-06,2,A,F,
M,PH,368,0,,"From Jan 1986 onwards: Official market intervention representative rate, liquidity providing.",4,Bangko Sentral ng Pilipinas ,, Central bank policy rates - Philippines - Monthly - End of period,2021-07,2,A,F,
M,PH,368,0,,"From Jan 1986 onwards: Official market intervention representative rate, liquidity providing.",4,Bangko Sentral ng Pilipinas ,, Central bank policy rates - Philippines - Monthly - End of period,2021-08,2,A,F,
M,PH,368,0,,"From Jan 1986 onwards: Official market intervention representative rate, liquidity providing.",4,Bangko Sentral ng Pilipinas ,, Central bank policy rates - Philippines - Monthly - End of period,2021-09,2,A,F,
M,PH,368,0,,"From Jan 1986 onwards: Official market intervention representative rate, liquidity providing.",4,Bangko Sentral ng Pilipinas ,, Central bank policy rates - Philippines - Monthly - End of period,2021-10,2,A,F,
M,PH,368,0,,"From Jan 1986 onwards: Official market intervention representative rate, liquidity providing.",4,Bangko Sentral ng Pilipinas ,, Central bank policy rates - Philippines - Monthly - End of period,2021-11,2,A,F,
M,PH,368,0,,"From Jan 1986 onwards: Official market intervention representative rate, liquidity providing.",4,Bangko Sentral ng Pilipinas ,, Central bank policy rates - Philippines - Monthly - End of period,2021-12,2,A,F,
M,PH,368,0,,"From Jan 1986 onwards: Official market intervention representative rate, liquidity providing.",4,Bangko Sentral ng Pilipinas ,, Central bank policy rates - Philippines - Monthly - End of period,2022-01,2,A,F,
M,PH,368,0,,"From Jan 1986 onwards: Official market intervention representative rate, liquidity providing.",4,Bangko Sentral ng Pilipinas ,, Central bank policy rates - Philippines - Monthly - End of period,2022-02,2,A,F,
M,PH,368,0,,"From Jan 1986 onwards: Official market intervention representative rate, liquidity providing.",4,Bangko Sentral ng Pilipinas ,, Central bank policy rates - Philippines - Monthly - End of period,2022-03,2,A,F,
M,PH,368,0,,"From Jan 1986 onwards: Official market intervention representative rate, liquidity providing.",4,Bangko Sentral ng Pilipinas ,, Central bank policy rates - Philippines - Monthly - End of period,2022-04,2,A,F,
M,PH,368,0,,"From Jan 1986 onwards: Official market intervention representative rate, liquidity providing.",4,Bangko Sentral ng Pilipinas ,, Central bank policy rates - Philippines - Monthly - End of period,2022-05,2.25,A,F,
M,PH,368,0,,"From Jan 1986 onwards: Official market intervention representative rate, liquidity providing.",4,Bangko Sentral ng Pilipinas ,, Central bank policy rates - Philippines - Monthly - End of period,2022-06,2.5,A,F,
M,PH,368,0,,"From Jan 1986 onwards: Official market intervention representative rate, liquidity providing.",4,Bangko Sentral ng Pilipinas ,, Central bank policy rates - Philippines - Monthly - End of period,2022-07,3.25,A,F,
M,PH,368,0,,"From Jan 1986 onwards: Official market intervention representative rate, liquidity providing.",4,Bangko Sentral ng Pilipinas ,, Central bank policy rates - Philippines - Monthly - End of period,2022-08,3.75,A,F,
M,PH,368,0,,"From Jan 1986 onwards: Official market intervention representative rate, liquidity providing.",4,Bangko Sentral ng Pilipinas ,, Central bank policy rates - Philippines - Monthly - End of period,2022-09,4.25,A,F,
M,PH,368,0,,"From Jan 1986 onwards: Official market intervention representative rate, liquidity providing.",4,Bangko Sentral ng Pilipinas ,, Central bank policy rates - Philippines - Monthly - End of period,2022-10,4.25,A,F,
M,PH,368,0,,"From Jan 1986 onwards: Official market intervention representative rate, liquidity providing.",4,Bangko Sentral ng Pilipinas ,, Central bank policy rates - Philippines - Monthly - End of period,2022-11,5,A,F,
M,PH,368,0,,"From Jan 1986 onwards: Official market intervention representative rate, liquidity providing.",4,Bangko Sentral ng Pilipinas ,, Central bank policy rates - Philippines - Monthly - End of period,2022-12,5.5,A,F,
M,PH,368,0,,"From Jan 1986 onwards: Official market intervention representative rate, liquidity providing.",4,Bangko Sentral ng Pilipinas ,, Central bank policy rates - Philippines - Monthly - End of period,2023-01,5.5,A,F,
M,PH,368,0,,"From Jan 1986 onwards: Official market intervention representative rate, liquidity providing.",4,Bangko Sentral ng Pilipinas ,, Central bank policy rates - Philippines - Monthly - End of period,2023-02,6,A,F,
M,PH,368,0,,"From Jan 1986 onwards: Official market intervention representative rate, liquidity providing.",4,Bangko Sentral ng Pilipinas ,, Central bank policy rates - Philippines - Monthly - End of period,2023-03,6.25,A,F,
M,PH,368,0,,"From Jan 1986 onwards: Official market intervention representative rate, liquidity providing.",4,Bangko Sentral ng Pilipinas ,, Central bank policy rates - Philippines - Monthly - End of period,2023-04,6.25,A,F,
M,PH,368,0,,"From Jan 1986 onwards: Official market intervention representative rate, liquidity providing.",4,Bangko Sentral ng Pilipinas ,, Central bank policy rates - Philippines - Monthly - End of period,2023-05,6.25,A,F,
M,PH,368,0,,"From Jan 1986 onwards: Official market intervention representative rate, liquidity providing.",4,Bangko Sentral ng Pilipinas ,, Central bank policy rates - Philippines - Monthly - End of period,2023-06,6.25,A,F,
M,PH,368,0,,"From Jan 1986 onwards: Official market intervention representative rate, liquidity providing.",4,Bangko Sentral ng Pilipinas ,, Central bank policy rates - Philippines - Monthly - End of period,2023-07,6.25,A,F,
M,PH,368,0,,"From Jan 1986 onwards: Official market intervention representative rate, liquidity providing.",4,Bangko Sentral ng Pilipinas ,, Central bank policy rates - Philippines - Monthly - End of period,2023-08,6.25,A,F,
M,PH,368,0,,"From Jan 1986 onwards: Official market intervention representative rate, liquidity providing.",4,Bangko Sentral ng Pilipinas ,, Central bank policy rates - Philippines - Monthly - End of period,2023-09,6.25,A,F,
M,PH,368,0,,"From Jan 1986 onwards: Official market intervention representative rate, liquidity providing.",4,Bangko Sentral ng Pilipinas ,, Central bank policy rates - Philippines - Monthly - End of period,2023-10,6.5,A,F,
M,PH,368,0,,"From Jan 1986 onwards: Official market intervention representative rate, liquidity providing.",4,Bangko Sentral ng Pilipinas ,, Central bank policy rates - Philippines - Monthly - End of period,2023-11,6.5,A,F,
M,PH,368,0,,"From Jan 1986 onwards: Official market intervention representative rate, liquidity providing.",4,Bangko Sentral ng Pilipinas ,, Central bank policy rates - Philippines - Monthly - End of period,2023-12,6.5,A,F,
M,PH,368,0,,"From Jan 1986 onwards: Official market intervention representative rate, liquidity providing.",4,Bangko Sentral ng Pilipinas ,, Central bank policy rates - Philippines - Monthly - End of period,2024-01,6.5,A,F,
M,PH,368,0,,"From Jan 1986 onwards: Official market intervention representative rate, liquidity providing.",4,Bangko Sentral ng Pilipinas ,, Central bank policy rates - Philippines - Monthly - End of period,2024-02,6.5,A,F,
M,PH,368,0,,"From Jan 1986 onwards: Official market intervention representative rate, liquidity providing.",4,Bangko Sentral ng Pilipinas ,, Central bank policy rates - Philippines - Monthly - End of period,2024-03,6.5,A,F,
M,PH,368,0,,"From Jan 1986 onwards: Official market intervention representative rate, liquidity providing.",4,Bangko Sentral ng Pilipinas ,, Central bank policy rates - Philippines - Monthly - End of period,2024-04,6.5,A,F,
M,PH,368,0,,"From Jan 1986 onwards: Official market intervention representative rate, liquidity providing.",4,Bangko Sentral ng Pilipinas ,, Central bank policy rates - Philippines - Monthly - End of period,2024-05,6.5,A,F,
M,PH,368,0,,"From Jan 1986 onwards: Official market intervention representative rate, liquidity providing.",4,Bangko Sentral ng Pilipinas ,, Central bank policy rates - Philippines - Monthly - End of period,2024-06,6.5,A,F,
M,PH,368,0,,"From Jan 1986 onwards: Official market intervention representative rate, liquidity providing.",4,Bangko Sentral ng Pilipinas ,, Central bank policy rates - Philippines - Monthly - End of period,2024-07,6.5,A,F,
M,PH,368,0,,"From Jan 1986 onwards: Official market intervention representative rate, liquidity providing.",4,Bangko Sentral ng Pilipinas ,, Central bank policy rates - Philippines - Monthly - End of period,2024-08,6.25,A,F,
M,PH,368,0,,"From Jan 1986 onwards: Official market intervention representative rate, liquidity providing.",4,Bangko Sentral ng Pilipinas ,, Central bank policy rates - Philippines - Monthly - End of period,2024-09,6.25,A,F,
M,PH,368,0,,"From Jan 1986 onwards: Official market intervention representative rate, liquidity providing.",4,Bangko Sentral ng Pilipinas ,, Central bank policy rates - Philippines - Monthly - End of period,2024-10,6,A,F,
M,PH,368,0,,"From Jan 1986 onwards: Official market intervention representative rate, liquidity providing.",4,Bangko Sentral ng Pilipinas ,, Central bank policy rates - Philippines - Monthly - End of period,2024-11,6,A,F,
M,PH,368,0,,"From Jan 1986 onwards: Official market intervention representative rate, liquidity providing.",4,Bangko Sentral ng Pilipinas ,, Central bank policy rates - Philippines - Monthly - End of period,2024-12,5.75,A,F,
M,PH,368,0,,"From Jan 1986 onwards: Official market intervention representative rate, liquidity providing.",4,Bangko Sentral ng Pilipinas ,, Central bank policy rates - Philippines - Monthly - End of period,2025-01,5.75,A,F,
M,PH,368,0,,"From Jan 1986 onwards: Official market intervention representative rate, liquidity providing.",4,Bangko Sentral ng Pilipinas ,, Central bank policy rates - Philippines - Monthly - End of period,2025-02,5.75,A,F,
M,PH,368,0,,"From Jan 1986 onwards: Official market intervention representative rate, liquidity providing.",4,Bangko Sentral ng Pilipinas ,, Central bank policy rates - Philippines - Monthly - End of period,2025-03,5.75,A,F,
M,PH,368,0,,"From Jan 1986 onwards: Official market intervention representative rate, liquidity providing.",4,Bangko Sentral ng Pilipinas ,, Central bank policy rates - Philippines - Monthly - End of period,2025-04,5.5,A,F,
M,PH,368,0,,"From Jan 1986 onwards: Official market intervention representative rate, liquidity providing.",4,Bangko Sentral ng Pilipinas ,, Central bank policy rates - Philippines - Monthly - End of period,2025-05,5.5,A,F,
M,PH,368,0,,"From Jan 1986 onwards: Official market intervention representative rate, liquidity providing.",4,Bangko Sentral ng Pilipinas ,, Central bank policy rates - Philippines - Monthly - End of period,2025-06,5.25,A,F,
M,PH,368,0,,"From Jan 1986 onwards: Official market intervention representative rate, liquidity providing.",4,Bangko Sentral ng Pilipinas ,, Central bank policy rates - Philippines - Monthly - End of period,2025-07,5.25,A,F,
M,PH,368,0,,"From Jan 1986 onwards: Official market intervention representative rate, liquidity providing.",4,Bangko Sentral ng Pilipinas ,, Central bank policy rates - Philippines - Monthly - End of period,2025-08,5,A,F,
M,PH,368,0,,"From Jan 1986 onwards: Official market intervention representative rate, liquidity providing.",4,Bangko Sentral ng Pilipinas ,, Central bank policy rates - Philippines - Monthly - End of period,2025-09,5,A,F,
M,PH,368,0,,"From Jan 1986 onwards: Official market intervention representative rate, liquidity providing.",4,Bangko Sentral ng Pilipinas ,, Central bank policy rates - Philippines - Monthly - End of period,2025-10,4.75,A,F,
M,PH,368,0,,"From Jan 1986 onwards: Official market intervention representative rate, liquidity providing.",4,Bangko Sentral ng Pilipinas ,, Central bank policy rates - Philippines - Monthly - End of period,2025-11,4.75,A,F,
M,PH,368,0,,"From Jan 1986 onwards: Official market intervention representative rate, liquidity providing.",4,Bangko Sentral ng Pilipinas ,, Central bank policy rates - Philippines - Monthly - End of period,2025-12,4.5,A,F,
M,PH,368,0,,"From Jan 1986 onwards: Official market intervention representative rate, liquidity providing.",4,Bangko Sentral ng Pilipinas ,, Central bank policy rates - Philippines - Monthly - End of period,2026-01,4.5,A,F,
M,PH,368,0,,"From Jan 1986 onwards: Official market intervention representative rate, liquidity providing.",4,Bangko Sentral ng Pilipinas ,, Central bank policy rates - Philippines - Monthly - End of period,2026-02,4.25,A,F,
M,PH,368,0,,"From Jan 1986 onwards: Official market intervention representative rate, liquidity providing.",4,Bangko Sentral ng Pilipinas ,, Central bank policy rates - Philippines - Monthly - End of period,2026-03,4.25,A,F,
M,PH,368,0,,"From Jan 1986 onwards: Official market intervention representative rate, liquidity providing.",4,Bangko Sentral ng Pilipinas ,, Central bank policy rates - Philippines - Monthly - End of period,2026-04,4.5,A,F,
M,PH,368,0,,"From Jan 1986 onwards: Official market intervention representative rate, liquidity providing.",4,Bangko Sentral ng Pilipinas ,, Central bank policy rates - Philippines - Monthly - End of period,2026-05,4.5,A,F,
M,PH,368,0,,"From Jan 1986 onwards: Official market intervention representative rate, liquidity providing.",4,Bangko Sentral ng Pilipinas ,, Central bank policy rates - Philippines - Monthly - End of period,2026-06,4.75,A,F,
M,PH,368,0,,"From Jan 1986 onwards: Official market intervention representative rate, liquidity providing.",4,Bangko Sentral ng Pilipinas ,, Central bank policy rates - Philippines - Monthly - End of period,2026-07,4.75,A,F,
M,PH,368,0,,"From Jan 1986 onwards: Official market intervention representative rate, liquidity providing.",4,Bangko Sentral ng Pilipinas ,, Central bank policy rates - Philippines - Monthly - End of period,2026-08,5,A,F,
